Grain,Fe,Fe_se,O,O_se,Ti,Ti_se,Al,Al_se,Ba,Ba_se,Cr,Cr_se,Mn,Mn_se,P,P_se,Si,Si_se,V,V_se,Ca,Ca_se,Nb,Nb_se,W,W_se,K,K_se,Ni,Ni_se,S,S_se,Phase_Class,Cl,Cl_se,Mg,Mg_se,Zn,Zn_se,Sr,Sr_se
BRc_grain_02,0.4050639753328049,0.0056434611870052,0.5925321641851444,0.0056455876509037,0.0024038604820506,0.0002975366154593,,,,,,,,,,,,,,,,,,,,,,,,,,,hematite,,,,,,,,
BRc_grain_07,0.3598358371235571,0.0061756341746659,0.6360593232902676,0.0061712618506358,0.004104839586175,0.0005293224710893,,,,,,,,,,,,,,,,,,,,,,,,,,,hematite,,,,,,,,
BRc_grain_12,0.3973014904180963,0.0075632032069697,0.6001830450935267,0.0075727949607044,0.002515464488377,0.0003492831928217,,,,,,,,,,,,,,,,,,,,,,,,,,,hematite,,,,,,,,
BRc_grain_15,0.3794610024316832,0.006145768488727,0.6170391740547141,0.0061777145133354,0.0034998235136025,0.0004946382195003,,,,,,,,,,,,,,,,,,,,,,,,,,,hematite,,,,,,,,
BRc_grain_16,0.3598206408035861,0.0067399228126902,0.6129412006583232,0.006624298485098,0.0272381585380906,0.0012940996823124,,,,,,,,,,,,,,,,,,,,,,,,,,,hematite,,,,,,,,
BRc_grain_22,0.3696131762086759,0.0053528759002595,0.6279350039419956,0.0053364969394324,0.0024518198493284,0.000296678661201,,,,,,,,,,,,,,,,,,,,,,,,,,,hematite,,,,,,,,
BRc_grain_28,0.3725907258936548,0.0059290959792327,0.6072489755164927,0.0058153442172682,0.0201602985898524,0.0011447694744705,,,,,,,,,,,,,,,,,,,,,,,,,,,hematite,,,,,,,,
BRc_grain_31,0.3566139959342764,0.0066439955659106,0.6392539083835058,0.0065810854879804,0.0041320956822176,0.0004584196337791,,,,,,,,,,,,,,,,,,,,,,,,,,,hematite,,,,,,,,
BRc_grain_33,0.3427729267354161,0.0066281726078229,0.6505418874023279,0.0066128834891708,0.006685185862256,0.0005313975099475,,,,,,,,,,,,,,,,,,,,,,,,,,,hematite,,,,,,,,
BRc_grain_37,0.385743926696302,0.0056533738314858,0.6086483867791155,0.0056032390282569,0.0056076865245826,0.0005611724590902,,,,,,,,,,,,,,,,,,,,,,,,,,,hematite,,,,,,,,
BRc_grain_40,0.3327694688621267,0.006481121946631,0.655488004374134,0.0063098257275496,0.0117425267637392,0.0008901119410037,,,,,,,,,,,,,,,,,,,,,,,,,,,hematite,,,,,,,,
BRc_grain_43,0.3987889088070377,0.0068685059665132,0.5977953403449976,0.0068816472233031,0.0034157508479647,0.000436014373617,,,,,,,,,,,,,,,,,,,,,,,,,,,hematite,,,,,,,,
BRc_grain_48,0.313490540719013,1.5242408299425095e-05,0.6528503939625993,1.661665673472358e-05,0.004537561485814957,2.3833712894767223e-06,0.013214100543434965,6.221370706685349e-06,,,,,,,,,0.01590740328913783,3.992617192668726e-06,,,,,,,,,,,,,,,hematite,,,,,,,,
BRc_grain_50,0.36608804452509497,1.6507685304545743e-05,0.6016345829925317,1.7682629780557224e-05,0.005525780351121808,2.3956873363478853e-06,0.01050629251153176,6.48972515494615e-06,,,,,0.0030794410812597767,3.115388292696562e-06,,,0.01316585853845997,4.086950415933336e-06,,,,,,,,,,,,,,,hematite,,,,,,,,
BRc_grain_51,0.40019370202614873,1.8281091795322886e-05,0.5792957584271998,1.8998261361525707e-05,0.005455595480843669,2.515161188777727e-06,0.008100282029929805,6.579997466777313e-06,,,,,,,,,0.006954662035877988,4.248500956882404e-06,,,,,,,,,,,,,,,hematite,,,,,,,,
BRc_grain_53,0.37269817924741167,1.6372086424829406e-05,0.601236816154046,1.7527753879286695e-05,0.0012954098036093982,2.378025741855805e-06,0.011276123879273209,6.19498826609242e-06,,,,,,,,,0.013493470915659698,5.885289834734612e-06,,,,,,,,,,,,,,,hematite,,,,,,,,
BRc_grain_55,0.37134236535118925,1.726923960528812e-05,0.5936691407211788,1.8656739327481112e-05,0.003592986912211785,2.4572497301486773e-06,0.014420314898034959,6.5139222868189176e-06,,,,,,,,,0.016975192117385206,6.264045133525458e-06,,,,,,,,,,,,,,,hematite,,,,,,,,
BRc_grain_56,0.3475409803678995,1.67889156601312e-05,0.6313800442906932,1.767804292386058e-05,0.00015026444361651098,2.2016899638100122e-06,0.007831433851687723,4.4628919445168465e-06,,,,,0.001922870352316745,3.3072975674487295e-06,,,0.011174406693786361,4.292323056313705e-06,,,,,,,,,,,,,,,hematite,,,,,,,,
BRc_grain_57,0.3050773997519244,1.4924636453080647e-05,0.6565951286827683,1.675055726955043e-05,0.000250103734846654,2.235372323209783e-06,0.014536514333467343,5.986962324936505e-06,,,,,0.002253909805689778,2.9635027794533144e-06,,,0.021286943691303604,5.7522485002778504e-06,,,,,,,,,,,,,,,hematite,,,,,,,,
BRc_grain_58,0.40116975374457753,1.800304903841487e-05,0.5803287350210459,1.8493501651362158e-05,0.0047229401559295585,2.5229374804172226e-06,0.00726740534587528,4.551056670833101e-06,,,,,,,,,0.006511165732571773,4.202432446862015e-06,,,,,,,,,,,,,,,hematite,,,,,,,,
BRc_grain_60,0.40843069348510913,1.814734157139349e-05,0.5799770761369988,1.875806381700738e-05,0.006277637515626805,2.5297913624209916e-06,0.0039085993537339445,4.3792714275234904e-06,,,,,,,,,0.001405993508531383,4.30391360395357e-06,,,,,,,,,,,,,,,hematite,,,,,,,,
BRc_grain_67,0.31273664756638875,1.8512253701486605e-05,0.6028542675222207,2.225549924304437e-05,0.06719727015956808,6.622133806517447e-06,0.011197506731833553,6.374924492693528e-06,,,,,0.003577011932967501,3.1186255320331533e-06,,,0.0024372960870214094,4.002873942808692e-06,,,,,,,,,,,,,,,hematite,,,,,,,,
BRc_grain_69,0.3290269784188489,1.821057674069558e-05,0.6000257844963581,2.0951750829072083e-05,0.039806393741086896,4.9596367373684946e-06,0.022691912117867072,6.017817597405378e-06,,,,,,,,,0.002103961237636845,4.075378202272154e-06,0.006344969988202107,3.3739469732672423e-06,,,,,,,,,,,,,hematite,,,,,,,,
BRc_grain_70,0.3834806612858507,1.7381363761118678e-05,0.581330502657974,1.8825020566382717e-05,0.0033693419410527254,2.492774289986545e-06,0.013297180023513806,6.62529921637481e-06,,,,,0.0011947192361349231,3.2513285118647015e-06,,,0.017327594855473923,6.336070746141282e-06,,,,,,,,,,,,,,,hematite,,,,,,,,
BRc_grain_72,0.31645674380118277,1.753664769401677e-05,0.6104210320719583,2.0418386901004663e-05,0.059673551656645486,6.161246574343129e-06,0.006670811741558213,4.202408263937385e-06,,,,,0.004166603315888059,3.007630733886134e-06,,,0.0026112574127670892,3.997885672638526e-06,,,,,,,,,,,,,,,hematite,,,,,,,,
BRc_grain_73,0.3892168497875317,1.7444349088008626e-05,0.5911271908786075,1.7810243288812362e-05,0.003178046103985763,2.457058805417094e-06,0.004912704771282292,4.344587291129944e-06,,,,,0.0022356112290954013,3.1615505343162375e-06,,,0.009329597229497359,4.187020318977567e-06,,,,,,,,,,,,,,,hematite,,,,,,,,
BRc_grain_76,0.3155405339334359,1.7940158227636808e-05,0.6087544332764139,2.1105772288609635e-05,0.05218296904813252,5.9261482431228245e-06,0.01614821623634354,5.895061275077418e-06,,,,,0.002514668269492216,2.9464768201656456e-06,,,0.0009660301055044626,3.896028511088602e-06,0.0038931491306774153,3.2193762365706523e-06,,,,,,,,,,,,,hematite,,,,,,,,
BRc_grain_77,0.30973220553524894,1.763366426507899e-05,0.6242550267279584,2.0076662602162407e-05,0.05616581507366745,6.038280223006007e-06,0.007802084114420325,3.899161212958102e-06,,,,,0.0009016032968609554,2.9354845724177016e-06,,,0.0011432652518439113,3.832894808318946e-06,,,,,,,,,,,,,,,hematite,,,,,,,,
BRc_grain_80,0.36044690783192784,1.8565227548576894e-05,0.581539435181921,2.088990526839736e-05,0.03319415240202744,5.105549741549179e-06,0.00897906633003536,4.477477212371988e-06,,,,,0.003939325215547452,3.2146335077133667e-06,,,0.009915287591389411,4.341607752483436e-06,0.001985825447151539,3.5884628210254145e-06,,,,,,,,,,,,,hematite,,,,,,,,
BRc_grain_83,0.32405802037447173,1.5171120138204619e-05,0.6553872433512358,1.5944172481749873e-05,0.0013567333482367623,2.4055653997570834e-06,0.007458324072477372,4.216518493565153e-06,,,,,0.0024812560856696067,3.126285402770262e-06,,,0.009258422767908768,4.012836428442086e-06,,,,,,,,,,,,,,,hematite,,,,,,,,
BRc_grain_85,0.3643742627502289,1.830698852441679e-05,0.5832776500992474,2.0456438515511113e-05,0.0304254303613531,3.9119092415764234e-06,0.008399993131861568,4.507598236317524e-06,,,,,0.005930807980077958,3.323469064571466e-06,,,0.0075918556772311034,4.315571419919893e-06,,,,,,,,,,,,,,,hematite,,,,,,,,
BRc_grain_87,0.39276342510180484,1.7299547339636696e-05,0.589454231323789,1.7897205569159424e-05,0.007802803113630193,2.4715815692640152e-06,0.004325648341810271,4.427262773733337e-06,,,,,,,,,0.005083242137874625,4.228107055688181e-06,0.0005706499810910009,2.344560871296382e-06,,,,,,,,,,,,,hematite,,,,,,,,
BRc_grain_88,0.37913996543208595,1.7778985385824777e-05,0.5983809475820696,1.872631102584775e-05,0.010439614074020729,3.6209826782057826e-06,0.005169334396417524,4.29181254287803e-06,,,,,,,,,0.006870138515406277,4.10378621469889e-06,,,,,,,,,,,,,,,hematite,,,,,,,,
BRc_grain_90,0.37271247307577543,1.7279566241405637e-05,0.58453357685978,1.8752340174896192e-05,0.005205945868993036,2.4944786488956717e-06,0.013241937386631113,6.522235947545062e-06,,,,,0.00267966777058172,3.2401824421525358e-06,,,0.02111249168343479,6.321346345975575e-06,0.0005139073548039412,2.3679447783066702e-06,,,,,,,,,,,,,hematite,,,,,,,,
BRc_grain_94,0.33387311590273655,1.698405883055015e-05,0.6074061545231338,1.9198501048414823e-05,0.03068650178140074,4.7349762021188974e-06,0.011644864486211316,6.137951383579417e-06,,,,,0.002185267991017791,3.1262624006115265e-06,,,0.01293528692517619,4.0013583663069346e-06,0.0012688083903234452,2.1662041940720997e-06,,,,,,,,,,,,,hematite,,,,,,,,
BRc_grain_98,0.37602846605571216,1.734170221050414e-05,0.5954547846162238,1.8225244442706886e-05,0.0072107054943659436,2.4977331741119092e-06,0.008007224353813378,6.468896469014985e-06,,,,,0.0013511381933545656,3.1442802139436237e-06,,,0.011947681286530175,4.140589200463103e-06,,,,,,,,,,,,,,,hematite,,,,,,,,
BRc_grain_99,0.3198439691179457,1.8355440354811754e-05,0.6047261624574052,2.2132465888428806e-05,0.056401822936329796,6.389879206706517e-06,0.008930697501212767,6.254820788014114e-06,,,,,0.005382345496128273,3.0644972660822224e-06,,,0.0012998003447639882,4.016344265900003e-06,0.003415202146214307,3.351144108801225e-06,,,,,,,,,,,,,hematite,,,,,,,,
BRc_grain_101,0.4096104834437021,1.8204003051078162e-05,0.5821993642277027,1.8691702827956645e-05,0.0012422195966826986,2.52631965158933e-06,0.0036609767136087435,4.4546263768414625e-06,,,,,,,,,0.0032869560183038664,4.3129997235442525e-06,,,,,,,,,,,,,,,hematite,,,,,,,,
BRc_grain_103,0.3253631686429129,1.8716534253545532e-05,0.6105997944426771,2.171163818232008e-05,0.050615126044354794,5.18673969655636e-06,0.00784420950291853,6.0516927181590085e-06,,,,,,,,,0.0018308685272303675,3.849719367257512e-06,0.003746832839906322,3.337280214414274e-06,,,,,,,,,,,,,hematite,,,,,,,,
BRc_grain_104,0.3610063664305047,1.763414264726719e-05,0.5881884823833619,1.930420972982905e-05,0.015249779974916923,3.7767408580621214e-06,0.026695112894867597,6.590376259284363e-06,,,0.00297137566936416,2.2713470956799362e-06,0.0010562932284178042,3.16714223432487e-06,,,0.0016110215368078291,4.2264449621347334e-06,0.003221567881759126,2.3203101272856475e-06,,,,,,,,,,,,,hematite,,,,,,,,
BRc_grain_106,0.40971428075313915,1.832738662575791e-05,0.5796993727910337,1.888647079183591e-05,0.002625351356329545,2.5657995246515365e-06,0.005259116676193617,4.3931227004942e-06,,,,,,,,,0.0027018784233040893,4.2729963668252085e-06,,,,,,,,,,,,,,,hematite,,,,,,,,
BRc_grain_107,0.3979124919867595,1.8006086071858045e-05,0.5813619077815719,1.851272371428591e-05,0.008461482275500958,3.735986364120304e-06,0.006024852953825342,4.523023968835569e-06,,,,,,,0.0008504223613769764,3.946079994430175e-06,0.004016877428198757,4.285619047060252e-06,0.001371965212766491,2.4110498125323794e-06,,,,,,,,,,,,,hematite,,,,,,,,
BRc_grain_108,0.39964232609532374,1.763675879666554e-05,0.5779296576545822,1.843249747458757e-05,0.0038873823417770303,2.5589208661421726e-06,0.008245968194807066,6.574705839704232e-06,,,,,,,,,0.010294665713510042,4.261025383172037e-06,,,,,,,,,,,,,,,hematite,,,,,,,,
BRc_grain_109,0.3951644273792737,1.7747385685252064e-05,0.5778521549068605,1.8844911037931514e-05,0.006091868101582913,2.5156160541295873e-06,0.006833882417195703,4.6099210800207615e-06,,,,,0.0015283543679176,3.3381586691675346e-06,,,0.011938855636557192,4.290643880600226e-06,0.0005904571906122999,2.4246338038272212e-06,,,,,,,,,,,,,hematite,,,,,,,,
BRc_grain_110,0.30602861432506995,1.9053842620426327e-05,0.5982381062007612,2.3440238045874403e-05,0.08579892195242549,7.106564209722082e-06,0.002748270067035864,4.168483788015395e-06,,,,,0.004261605771027158,3.0274595376454606e-06,,,0.00043949608960823164,3.968592264884531e-06,0.002484985594072089,3.328320262323438e-06,,,,,,,,,,,,,hematite,,,,,,,,
BRc_grain_111,0.3652459281068988,1.920098924962918e-05,0.5815115505892078,2.1563272646932893e-05,0.023446205250757746,3.822213250602107e-06,0.018653445733138117,6.542143735874557e-06,,,,,,,,,0.003518376832612891,4.237672577413355e-06,0.007624493487384633,3.57735113532192e-06,,,,,,,,,,,,,hematite,,,,,,,,
BRc_grain_112,0.3307195476391107,1.5231670437981469e-05,0.6572069677955572,1.6243979036020013e-05,0.0009655863617695267,2.3554862965414455e-06,0.004111531013568204,4.115646006823797e-06,,,,,0.001850561718119904,3.0932944975702543e-06,,,0.005145805471874419,3.836315517406674e-06,,,,,,,,,,,,,,,hematite,,,,,,,,
BRc_grain_113,0.30360148142674687,1.810641142813496e-05,0.6083644081478847,2.1713319276888938e-05,0.06839793228472892,6.342440924784777e-06,0.011545040911118704,6.111704961751115e-06,,,,,0.003106458831629923,3.0070193645533634e-06,,,0.0016301052268479174,3.905381575002057e-06,0.0033545731710429294,3.2596533855688687e-06,,,,,,,,,,,,,hematite,,,,,,,,
BRc_grain_114,0.4056916936373621,1.7963064162010717e-05,0.5881792397955258,1.82717624334375e-05,0.00020965983274647915,2.3113539942679243e-06,0.0031335731516969113,4.39292216438848e-06,,,,,,,,,0.0027858335826686075,4.1868894995247604e-06,,,,,,,,,,,,,,,hematite,,,,,,,,
BRc_grain_116,0.3018361752797272,1.8317586956899023e-05,0.6067619931889735,2.2712618213566716e-05,0.07180002334774359,6.75526267644531e-06,0.006123829824281335,4.160550008739468e-06,,,,,0.0045091854499545395,3.0191942455149507e-06,,,0.004466021866946838,3.985998465899628e-06,0.004502771042372865,3.2808996257302475e-06,,,,,,,,,,,,,hematite,,,,,,,,
BRc_grain_117,0.35268439078230296,1.813603602570614e-05,0.5964664963185687,2.0329238177395295e-05,0.03930641558704574,5.082733919930391e-06,0.010077574505324769,6.448098199181074e-06,,,,,,,,,0.0014651228067577098,4.04514501015815e-06,,,,,,,,,,,,,,,hematite,,,,,,,,
BRc_grain_119,0.38596468829740577,1.699008948973153e-05,0.5917225842685992,1.7811924696242425e-05,0.0027478444738292065,2.4407849140619428e-06,0.006538806982513234,4.258073064685048e-06,,,,,,,,,0.013026075977652549,4.077942601656667e-06,,,,,,,,,,,,,,,hematite,,,,,,,,
BRc_grain_123,0.37487104259327875,1.316489585161491e-05,0.5978591450949502,1.4181482311811194e-05,0.011673473662024723,2.538797797066741e-06,0.0048069502584624346,4.2900836981821415e-06,,,,,,,,,0.00972315754696377,4.193281710784453e-06,,,0.0005675155429225078,1.4850904045143873e-06,,,,,0.0004987153013976391,1.5161215687233643e-06,,,,,hematite,,,,,,,,
BRc_grain_124,0.3522818318314409,1.235936674769159e-05,0.6038289677643052,1.357475088228145e-05,0.010131207780850382,2.387575897824316e-06,0.007886506133661998,4.23348518692455e-06,,,,,0.0011431232489116667,2.063268710878743e-06,,,0.02005728338620386,4.075430900667706e-06,,,0.0019517709819523892,1.4169160617854205e-06,,,,,0.002719308872673749,1.4582024984134658e-06,,,,,hematite,,,,,,,,
BRc_grain_125,0.38870806575732997,1.2086400161705171e-05,0.6005679643751007,1.2550146112511525e-05,0.0030386588824501018,1.2080016826111943e-06,0.002515529783705033,4.41678399162776e-06,,,,,,,,,0.0033390449996685964,2.08070090163613e-06,,,0.00040233901319158783,1.4812457891862938e-06,,,,,,,0.0014283971885539805,2.979742511901626e-06,,,hematite,,,,,,,,
BRc_grain_126,0.35506770165201956,1.1865006525555176e-05,0.6304589371069222,1.2372616344542062e-05,0.006126227772741162,2.241640655296895e-06,0.005710708096641163,4.007901269321165e-06,,,,,,,,,0.002636425371675859,1.8971005524704524e-06,,,,,,,,,,,,,,,hematite,,,,,,,,
BRc_grain_127,0.3963057055621391,1.2425878436944135e-05,0.5952199662392579,1.2783581064808619e-05,0.0019107143232068267,1.2348028761383254e-06,0.0019320001396142038,4.390057779643182e-06,,,,,0.0017237925004031892,2.1086000877606725e-06,,,0.002907821235378826,2.095451715970661e-06,,,,,,,,,,,,,,,hematite,,,,,,,,
BRc_grain_128,0.36016067963791176,1.2613835587994834e-05,0.6005724478809337,1.3870985054453753e-05,0.007338912264576908,2.443249960499784e-06,0.0089906305088293,4.264841644200545e-06,,,,,0.0011696538825729844,2.14441220798333e-06,,,0.019099613728208894,4.105549694673745e-06,,,0.0010344675027105761,1.419658608234233e-06,,,,,0.001633594594256013,1.5005860038119012e-06,,,,,hematite,,,,,,,,
BRc_grain_129,0.3988062897193623,1.2461543199438744e-05,0.5968963208334015,1.2563786930418237e-05,,,,,,,,,,,,,0.00429738944723615,2.074833109817884e-06,,,,,,,,,,,,,,,hematite,,,,,,,,
BRc_grain_130,0.3106179097785608,1.2701309070771667e-05,0.6117005623954339,1.5059402582587176e-05,0.07409169996755292,4.32565287008364e-06,,,,,,,0.003204889834789101,2.056301744386529e-06,,,,,,,0.0003849380236632391,1.4044868015256514e-06,,,,,,,,,,,hematite,,,,,,,,
BRc_grain_131,0.3829525355338789,1.2089327329957346e-05,0.5978592697174032,1.2875471962011408e-05,0.006047781514883693,2.483501710445105e-06,0.004653634009722929,4.301364966758287e-06,,,,,,,,,0.007675081126190311,4.033804758541392e-06,,,0.0004811981335803668,1.4419299009968603e-06,,,,,0.000330499964340571,1.5295836588603576e-06,,,,,hematite,,,,,,,,
BRc_grain_132,0.37393336950480077,1.3233571150103046e-05,0.6036547331191742,1.4067339459249168e-05,0.005585450145704805,2.3919041041492023e-06,0.004721099344674067,4.2817582983242505e-06,,,,,0.0015647162434756024,2.1329895924980534e-06,,,0.00917969019769423,4.081095331762513e-06,,,0.0008703232871651944,1.4568956108048741e-06,,,,,0.0004906181573111869,1.5051618311054382e-06,,,,,hematite,,,,,,,,
BRc_grain_133,0.37249635869553865,1.2208499063025276e-05,0.5974905459273572,1.3171231952923406e-05,0.004567550946965041,2.473333788588614e-06,0.0062859814850653,4.418074482409656e-06,,,,,0.0030271953658508933,2.1862923727431956e-06,,,0.014409982120483989,4.21316353512274e-06,,,0.0013036554388048524,1.4967415557657822e-06,,,,,0.00041873001993401,1.579699879536431e-06,,,,,hematite,,,,,,,,
BRc_grain_137,0.3709008200302846,1.203289877926988e-05,0.5957020118717062,1.2767881416521487e-05,0.002109997984234009,1.2294298570879513e-06,0.010495763756526666,4.32675780755612e-06,,,,,,,,,0.01831268953191283,4.135088412625049e-06,,,0.0007317115669491298,1.4875616882558195e-06,,,,,0.0017470052583864932,1.5248513717921258e-06,,,,,hematite,,,,,,,,
BRc_grain_138,0.36959861359818275,1.2036911893960163e-05,0.6277201726777707,1.2309531580031252e-05,0.00031264420378072217,1.1269583889371388e-06,0.0006620264997395456,4.056360668372939e-06,,,,,,,,,0.0017065430205261648,1.8963242428874159e-06,,,,,,,,,,,,,,,hematite,,,,,,,,
BRc_grain_139,0.385708509608082,1.2309168804069893e-05,0.5926086599370353,1.2995672170587077e-05,0.0023406303278267213,1.2628840965187256e-06,0.005742326034716169,4.446332171050037e-06,,,,,,,,,0.012438134690152952,4.2641461959910086e-06,,,0.0008239129237540486,1.4982982880329306e-06,,,,,0.00033782647843282634,1.4974905223887352e-06,,,,,hematite,,,,,,,,
BRc_grain_140,0.38570689770873484,1.2447230016184071e-05,0.592611393911909,1.319427670341608e-05,0.0023437059065966,1.210083068170464e-06,0.005743215006411551,4.483461937106228e-06,,,,,,,,,0.012434764664203264,4.237294153828928e-06,,,0.000821908949614431,1.5071437316448513e-06,,,,,0.00033811385253031557,1.5292533341619665e-06,,,,,hematite,,,,,,,,
BRc_grain_141,0.35328877694594335,1.2478817308219973e-05,0.6113614755518004,1.357412928743192e-05,0.021408362425524484,2.40173788608636e-06,0.004070440614646308,4.195127147796288e-06,,,,,0.0010829468759129088,2.026176958434484e-06,,,0.007921296405721806,4.078641189099724e-06,,,0.0006252975972072843,1.3993157818446454e-06,,,,,0.0002414035832434557,1.4660000975343396e-06,,,,,hematite,,,,,,,,
BRc_grain_142,0.3920211775349212,1.2494845082645763e-05,0.5925359413793485,1.3346601326086038e-05,0.001997008738311365,1.2316596890154842e-06,0.003296493652915599,4.454884085218209e-06,,,,,0.0011354454346168142,2.1913714054875283e-06,,,0.008440880601934266,4.311021783283645e-06,,,0.0005730526579522317,1.5084523535170565e-06,,,,,,,,,,,hematite,,,,,,,,
BRc_grain_143,0.4032137700972503,1.3549960667944296e-05,0.5728943691231118,1.4247008128211587e-05,0.00784785380596974,2.6805942728292933e-06,0.004823675007392147,4.699355211535697e-06,,,,,,,,,0.010254742490431524,4.558173397408129e-06,,,0.0009655894758446649,1.6233877698571666e-06,,,,,,,,,,,hematite,,,,,,,,
BRc_grain_144,0.3497274475375661,1.327255633954526e-05,0.6013119687749985,1.4732433230642384e-05,0.040011044392194606,3.8688017144996726e-06,0.003124680072934809,4.452448459024405e-06,,,,,,,,,0.0054215630290502205,2.091078445438924e-06,,,0.0004032961932556883,1.5063045756369932e-06,,,,,,,,,,,hematite,,,,,,,,
BRc_grain_145,0.34973872921260046,1.17226726825648e-05,0.6232000695290215,1.2738295706466226e-05,0.00565844155111982,2.2937243524117194e-06,0.00595709933836849,4.04026281709481e-06,,,,,0.0010840405390936001,1.9984602141931437e-06,,,0.012620846737222162,3.880023132262689e-06,,,0.0005200143632374748,1.3641704382164041e-06,,,,,0.0012207587293365414,1.3812451839119001e-06,,,,,hematite,,,,,,,,
BRe_grain_01,0.3458366588508593,1.1488028190864483e-05,0.6436549116447147,1.202393104177175e-05,,,,,,,,,,,,,0.010508429504426056,4.375264305281347e-06,,,,,,,,,,,,,,,hematite,,,,,,,,
BRe_grain_02,0.36622240907413456,1.1914389450699186e-05,0.6173176133055135,1.2369048525558452e-05,,,,,,,,,0.0018249871215113593,2.1411773817926457e-06,,,0.01173469912828268,4.143899498147422e-06,,,0.0029002913705579256,1.4979863802349225e-06,,,,,,,,,,,hematite,,,,,,,,
BRe_grain_04,0.4053817791197544,1.2738385232362919e-05,0.5864699275825788,1.2916390393408684e-05,0.0004899800590300706,1.2516802023845549e-06,0.003845443331753292,4.439245218629867e-06,,,,,,,,,0.0038128699068835166,2.1948005324829277e-06,,,,,,,,,,,,,,,hematite,,,,,,,,
BRe_grain_05,0.40673181285070004,1.254366211052635e-05,0.5908898083063275,1.2599801165977e-05,,,0.0004929049783346655,2.277279242590953e-06,,,,,,,,,0.0018854738646377853,2.1395078410658737e-06,,,,,,,,,,,,,,,hematite,,,,,,,,
BRe_grain_06,0.3473339004392259,1.0799093629159465e-05,0.6492114664975692,1.1138687620525106e-05,0.002229936332962585,1.072487391404295e-06,0.0005249257840354899,3.80465589789469e-06,,,,,,,,,0.0006997709462067325,1.8606962259248075e-06,,,,,,,,,,,,,,,hematite,,,,,,,,
BRe_grain_07,0.39648044279593947,1.2118059533825305e-05,0.6000487277058693,1.2278163364796324e-05,,,0.0004785627277533379,4.303848114976938e-06,,,,,,,,,0.002992266770437989,2.0971022026490084e-06,,,,,,,,,,,,,,,hematite,,,,,,,,
BRe_grain_09,0.3837245561432049,1.3001810811582378e-05,0.5714672441103443,1.4211975422108277e-05,0.0033259232525121867,1.3298260429230192e-06,0.009706718751740657,4.705891336682072e-06,,,,,,,,,0.028732486327068707,4.545345717126334e-06,,,0.001503355515312842,1.6352584134540567e-06,,,,,0.0015397158998163918,1.6729588871663579e-06,,,,,hematite,,,,,,,,
BRe_grain_11,0.33232469950511023,1.114736545808846e-05,0.6277149367683817,1.2301523535327423e-05,0.002542961505257231,1.1065754940698662e-06,0.012870926102405917,3.919528346294632e-06,,,,,0.0009691504536409541,1.9836340680974167e-06,,,0.021560054636710266,3.805513183422002e-06,,,0.0012572570648071509,1.3474848181206783e-06,,,,,0.0007600139636864981,1.3783870366646257e-06,,,,,hematite,,,,,,,,
BRe_grain_13,0.40916893157996675,1.272298275145287e-05,0.5833901081992787,1.2910058079597926e-05,,,,,,,,,,,,,0.007440960220754482,2.1835291039330616e-06,,,,,,,,,,,,,,,hematite,,,,,,,,
BRe_grain_14,0.39643917257031414,1.2580805534931703e-05,0.589647628178981,1.2848427298859632e-05,0.0016660879862282348,1.2854190873852262e-06,0.004799992581619516,4.430639723767476e-06,,,,,,,,,0.006867730549471046,2.1564578309767143e-06,,,0.0005793881333860815,1.5341128810076041e-06,,,,,,,,,,,hematite,,,,,,,,
BRe_grain_16,0.3575262422397201,1.2118463339789428e-05,0.6172093966258362,1.2961046427518158e-05,0.004120638465905765,2.3449123202880204e-06,0.0062870072536529,4.199496608649203e-06,,,,,,,,,0.010206246735501722,3.937302609262835e-06,,,,,,,,,0.004650468679383292,1.4141986087509828e-06,,,,,hematite,,,,,,,,
BRe_grain_17,0.36658368542647146,1.17965878213162e-05,0.6034557777593298,1.2692938910841068e-05,0.003113715196053267,1.2453298957568242e-06,0.004918700088385869,4.3423090387189445e-06,,,,,0.0038897317728629273,2.093852944108298e-06,,,0.016262688639386607,4.1217474291240444e-06,,,0.0017757011175101197,1.474126992900422e-06,,,,,,,,,,,hematite,,,,,,,,
BRe_grain_18,0.39008473607607325,1.2551648218176908e-05,0.5922957592617627,1.3113182861234042e-05,0.002626039175832706,1.2738232602899054e-06,0.005760295931577045,4.527334450835203e-06,,,,,,,,,0.008480754949030308,4.23146991762413e-06,,,0.00041488072021324696,1.524376590051923e-06,,,,,0.0003375338855108252,1.5704421832736093e-06,,,,,hematite,,,,,,,,
BRe_grain_19,0.4002215662432403,1.2391248957984682e-05,0.5936509778780225,1.2705731732493351e-05,,,0.0006112884742015947,2.2379566031556387e-06,,,,,,,,,0.005516167404535516,2.1575951600842363e-06,,,,,,,,,,,,,,,hematite,,,,,,,,
BRe_grain_20,0.3712209908187571,1.317162173734168e-05,0.602274743992611,1.4024627209260327e-05,0.0038878294582861132,2.450529273648794e-06,0.004755440770775535,4.3422386890277655e-06,,,,,0.0011131078648778585,2.0911214103264966e-06,0.0006232138320952532,1.8527799953375581e-06,0.01475667570779227,4.085298646939791e-06,,,0.0011219414320385607,1.4547898198468854e-06,,,,,0.0002460561227661458,1.498333856735754e-06,,,,,hematite,,,,,,,,
BRe_grain_21,0.39478216313816084,1.141932221867539e-05,0.6025626832878594,1.1410981842802156e-05,,,,,,,,,,,,,0.002655153573979799,2.0418276723622494e-06,,,,,,,,,,,,,,,hematite,,,,,,,,
BRe_grain_23,0.3507932450883059,1.1631695149118848e-05,0.6136431730415571,1.2664880175499241e-05,0.009297468531312712,2.2470515503498757e-06,0.007242226313115969,3.9000408547005e-06,,,,,0.0013147447213817435,2.0234599551289217e-06,,,0.01605802664009303,3.944947156858703e-06,0.0005273753073771354,2.1515782404500063e-06,0.001123740356856301,1.3578998318820591e-06,,,,,,,,,,,hematite,,,,,,,,
BRe_grain_25,0.3090291016641787,1.1119828647198813e-05,0.6695640994955141,1.1979889377847371e-05,,,0.0035203108186221696,3.959504287022409e-06,,,,,0.0011860801376671428,2.0155779555559264e-06,,,0.016700407884017884,3.7977312625190908e-06,,,,,,,,,,,,,,,hematite,,,,,,,,
BRe_grain_26,0.39223115636398004,1.287225863564006e-05,0.6022012202805643,1.3007433575383574e-05,0.0003872937974486902,1.175468680638872e-06,,,,,,,,,,,0.005180329558006912,2.014651750006353e-06,,,,,,,,,,,,,,,hematite,,,,,,,,
BRe_grain_27,0.38842530788038054,1.2580543004181956e-05,0.6068655233469442,1.267993657048712e-05,0.0008949454639288327,1.1778020049309208e-06,,,,,,,,,,,0.0038142233087463933,2.0198185876439067e-06,,,,,,,,,,,,,,,hematite,,,,,,,,
BRe_grain_28,0.3770084539058813,1.240575038888559e-05,0.6074531533143486,1.3107956505328027e-05,0.0008187545461440577,1.1599409948521096e-06,0.0015744532823616614,3.9899999221615015e-06,,,,,0.0029679005449159894,1.991222803668273e-06,0.00136674176243694,1.7857706101842481e-06,0.008810542643911507,3.8568462916184e-06,,,,,,,,,,,,,,,hematite,,,,,,,,
BRe_grain_30,0.3734968941947951,1.2446000927951686e-05,0.6012960998166875,1.3284268284496275e-05,0.00172030817455236,1.1811173352324075e-06,0.009943787252061744,3.977909557953568e-06,,,,,0.001057064963486943,2.0384997247235918e-06,,,0.012485845598416371,3.942149591719688e-06,,,,,,,,,,,,,,,hematite,,,,,,,,
BRe_grain_31,0.3887266038630308,1.2650036204776477e-05,0.6033716094124144,1.3092570169730415e-05,5.356845804788445e-06,3.160812273835573e-07,0.0012431956458488205,4.138792688450476e-06,,,,,,,,,0.006653234232901076,4.000940520545168e-06,,,,,,,,,,,,,,,hematite,,,,,,,,
BRe_grain_33,0.39876313986125084,1.2786307440638558e-05,0.5949983019840736,1.316594558089646e-05,0.0029488901264814065,1.2064389761470273e-06,0.0012777608454267553,4.192765509288576e-06,,,,,,,,,0.0020119071827674902,2.017811050749039e-06,,,,,,,,,,,,,,,hematite,,,,,,,,
BRe_grain_34,0.3893127869753098,1.275186239659346e-05,0.5949864911694267,1.3231281946584375e-05,0.001247926864180114,1.1929714256240859e-06,0.0066304570086800916,4.28352074804159e-06,,,,,,,,,0.007822337982403312,3.967052477660013e-06,,,,,,,,,,,,,,,hematite,,,,,,,,
BRe_grain_36,0.35093065619045416,1.1769453319053333e-05,0.6211446804016728,1.271522769581585e-05,0.003973651242576022,2.3067543414670336e-06,0.004066724640373929,4.0810242045978135e-06,,,,,0.0013510594266187735,1.9704747658143877e-06,,,0.016507305040745077,3.8353740593724825e-06,0.000582120861421541,1.0490053740704897e-06,,,,,,,,,,,0.0011100444162579054,1.6754270070379031e-06,hematite,0.0003337577798798072,1.4998319580066504e-06,,,,,,
BRe_grain_40,0.36815095142138565,1.3252086177311473e-05,0.5935252780970913,1.4422274096143977e-05,0.0007462338527262083,1.2400340841027527e-06,0.007217885107904347,4.387557605283314e-06,,,,,0.0018906631296255884,2.1856214138520837e-06,,,0.028087167575022585,4.2129324355940555e-06,0.0003818208162444107,1.1539759725951622e-06,,,,,,,,,,,,,hematite,,,,,,,,
BRe_grain_41,0.37873444014635615,1.3229945733364368e-05,0.5899102201999392,1.4207343954894526e-05,0.0014756947976133149,1.2255240470338646e-06,0.011779510920873846,4.2434957989437755e-06,,,,,,,,,0.01759751250042669,4.026390956210682e-06,0.0005026214347908445,1.1571948862847568e-06,,,,,,,,,,,,,hematite,,,,,,,,
BRe_grain_43,0.3773301595459364,1.2630760041928033e-05,0.5979171402894791,1.3460266619326695e-05,0.0043665376967035,2.3324244747289874e-06,0.005204554661874541,4.251285597712999e-06,,,,,0.0008535898572956587,2.117357669183827e-06,,,0.014328017948710761,3.994481871917276e-06,,,,,,,,,,,,,,,hematite,,,,,,,,
BRe_grain_44,0.39011498219845564,1.2739749203072024e-05,0.6043315624828405,1.2914422313019602e-05,0.0006399367699810905,1.1615626809938964e-06,,,,,,,,,,,0.0049135185487227855,1.972436337574743e-06,,,,,,,,,,,,,,,hematite,,,,,,,,
BRe_grain_45,0.38447600626489226,1.2273473913751242e-05,0.6075077139731005,1.2736534434256506e-05,0.0003755445197238087,1.1622226028897995e-06,0.001000707697407138,3.992754241232057e-06,,,,,,,,,0.006640027544876308,4.012666475523555e-06,,,,,,,,,,,,,,,hematite,,,,,,,,
BRe_grain_47,0.37945834389519206,1.2432693318034195e-05,0.6041799408488172,1.3202515737152356e-05,0.002109021484753124,1.145368229233444e-06,0.004531596919423467,4.125786590829228e-06,,,,,,,,,0.007844376959206863,3.9102212801452996e-06,,,,,,,,,0.0018767198926072234,1.4227345361574487e-06,,,,,hematite,,,,,,,,
BRe_grain_48,0.3320160158659369,1.2052934184204325e-05,0.6133313590530279,1.3605118971233651e-05,0.0050749871966704364,2.291311045364331e-06,0.008451517380797993,4.0396936560516024e-06,,,,,0.0012410692472089497,1.9138608355603728e-06,,,0.037686984205067095,3.896379000634149e-06,0.001162192282730536,2.1381348281527806e-06,0.001035874768560143,1.3540125849119044e-06,,,,,,,,,,,hematite,,,,,,,,
BRe_grain_49,0.3086914901786444,1.0767303744223711e-05,0.6678009281724456,1.1409219130293823e-05,,,0.0020582092424437843,1.9850871133458906e-06,,,,,0.0009538653523920601,1.9215255053547364e-06,,,0.02049550705407416,3.7487235691348956e-06,,,,,,,,,,,,,,,hematite,,,,,,,,
BRe_grain_50,0.35462448393563006,1.2132312885505424e-05,0.605442376714645,1.3459394691414225e-05,0.003963110704906803,2.2952342099560588e-06,0.010658190122140037,4.07311358696331e-06,,,,,0.0008947450082059057,2.035864918493386e-06,,,0.022023513014437005,3.969475136927685e-06,0.0007805230977339331,2.142736807759786e-06,0.001298387517294852,1.388099492504132e-06,,,,,0.00031466988500638974,1.47062035388233e-06,,,,,hematite,,,,,,,,
BRe_grain_57,0.358605079799742,1.1840834805548887e-05,0.6193287401404193,1.2506930626227844e-05,0.004355636415831858,2.258606641741398e-06,0.004857772114052222,3.965335146183482e-06,,,,,0.000864920634731944,2.0215887602689577e-06,,,0.010707292727449545,3.888535403742066e-06,,,0.000670532142919601,1.3406737464940245e-06,,,,,0.0006100260248535834,1.3989377032193044e-06,,,,,hematite,,,,,,,,
BRe_grain_60,0.35403556458377883,1.1657042140200053e-05,0.6194808194894935,1.2359715302693126e-05,0.0012292403833476483,1.1317332974226045e-06,0.006987682242272048,4.078042183266803e-06,,,,,,,,,0.01676272726471349,3.735873028078709e-06,0.00040418131387820363,1.0450732096950105e-06,0.001099784722516222,1.3508739034007217e-06,,,,,,,,,,,hematite,,,,,,,,
BRe_grain_61,0.3740562826341234,1.18844216280957e-05,0.6093114878314365,1.2626733717219621e-05,,,0.004338582498316358,3.865283280709365e-06,,,,,,,,,0.011542540489728685,3.9021680013567245e-06,,,0.0003744378032764654,1.3709879620868283e-06,,,,,,,,,0.0003766687431186132,1.7071203277277475e-06,hematite,,,,,,,,
BRe_grain_62,0.3524815099872138,1.1895887201789134e-05,0.6226450788844381,1.274581200538906e-05,0.0003138420508799931,1.1842359482753988e-06,0.0068572867931597095,3.993099406973756e-06,,,,,0.002704042424117331,2.0438688457244215e-06,,,0.011023232370038211,3.849990365808823e-06,0.0004175399818239972,1.0664419063932971e-06,0.0035574675083288416,1.3742276274776244e-06,,,,,,,,,,,hematite,,,,,,,,
BRe_grain_63,0.353635767958191,1.1790257454430297e-05,0.6122991737970208,1.2782065992128078e-05,0.006751461332719238,2.2781122996293778e-06,0.007977020904961666,3.997773295225092e-06,,,,,0.0017440578099997852,1.983794044981861e-06,,,0.016828986762335258,3.840899425572869e-06,0.0007635314347721499,2.121293324380338e-06,,,,,,,,,,,,,hematite,,,,,,,,
BRe_grain_64,0.38585652567560963,1.3265451626265752e-05,0.5875846644490521,1.4094332823265575e-05,0.00461709916309852,2.4516155172623357e-06,0.006539313779989214,4.259144485736413e-06,,,,,0.0012856666476425724,2.1069882559615317e-06,,,0.013360783387014422,4.140970534518449e-06,0.000755946897593524,2.2831677289499172e-06,,,,,,,,,,,,,hematite,,,,,,,,
BRe_grain_67,0.3788868428968312,1.2893392975984109e-05,0.5977624187574866,1.358945105274635e-05,0.0031375346733853774,2.3836607151739484e-06,0.007768912116252295,4.23222114163462e-06,,,,,,,,,0.012134834275581251,4.062984106488764e-06,0.000309457280463211,1.131961924737572e-06,,,,,,,,,,,,,hematite,,,,,,,,
BRe_grain_68,0.3885974662800745,1.2488645248725425e-05,0.6037007332553045,1.2719748507230689e-05,0.00116500520026908,1.1997535404313034e-06,0.0008001451435566044,2.052852030195624e-06,,,,,,,,,0.005736650120795184,1.9763214288051855e-06,,,,,,,,,,,,,,,hematite,,,,,,,,
BRe_grain_69,0.390732872625425,1.251532719973711e-05,0.6047110125072201,1.2702689867403245e-05,,,,,,,,,,,,,0.004556114867354789,1.9818140605154996e-06,,,,,,,,,,,,,,,hematite,,,,,,,,
BRe_grain_70,0.37464801735591274,1.2317302751343024e-05,0.6081314944048262,1.2896725612816138e-05,0.001067508819835254,1.1257027110714333e-06,0.005794843201374505,4.022800053401871e-06,,,,,,,,,0.010063795361057002,3.931953097255519e-06,0.00029434085699430845,1.087398037474983e-06,,,,,,,,,,,,,hematite,,,,,,,,
BRe_grain_71,0.3878498003413033,1.2656130367189837e-05,0.6092596330786291,1.2732839972506277e-05,,,,,,,,,,,,,0.0028905665800674977,1.9514776025035396e-06,,,,,,,,,,,,,,,hematite,,,,,,,,
BRe_grain_72,0.39278752706820963,1.3243903742228475e-05,0.6012397025981122,1.3737791883945957e-05,0.0007056628416523927,1.1658882304491424e-06,0.0005636681589995347,4.161383939247968e-06,,,,,,,,,0.004703439333026138,3.987027427855254e-06,,,,,,,,,,,,,,,hematite,,,,,,,,
BRe_grain_73,0.39928926219441513,1.1665644451217879e-05,0.597351936268286,1.2006399145557787e-05,,,0.0006886808606017164,4.20845136526423e-06,,,,,,,,,0.002670120676697185,1.996043860777153e-06,,,,,,,,,,,,,,,hematite,,,,,,,,
BRe_grain_74,0.36007448982246837,1.1808042492910291e-05,0.6119011379965617,1.2638903357827837e-05,0.000883310599058493,1.1408205464828957e-06,0.012340537203938396,4.071205094041623e-06,,,,,,,,,0.012390615681610493,3.924688014840451e-06,0.0007116462000946425,1.086070696813812e-06,,,,,,,,,,,0.0016982624962680417,1.7050231175816242e-06,hematite,,,,,,,,
BRe_grain_75,0.37642791905665096,1.2473000766511192e-05,0.6146187402846143,1.2868726008347429e-05,0.0005156344076957158,1.1796379902789397e-06,0.001139328460131274,4.128729794865676e-06,,,,,0.0017989557269856315,2.0877287839025617e-06,,,0.004498895510662702,1.996520611970358e-06,,,0.0010005265532594932,1.3976339656126647e-06,,,,,,,,,,,hematite,,,,,,,,
BRe_grain_76,0.38575107289135957,1.2799113086495389e-05,0.6008699930637891,1.3393229947886187e-05,0.003794106163375686,2.3600669147771304e-06,0.002508050985013524,4.157756265506256e-06,,,,,,,,,0.0062535271990059775,4.041425775532252e-06,0.00036231000494938706,1.1155614361477268e-06,0.0004609396925068272,1.4092675275263709e-06,,,,,,,,,,,hematite,,,,,,,,
BRe_grain_78,0.38076044168620804,1.2365334829329972e-05,0.6012876102790047,1.3119206952108432e-05,0.0006396187809528318,1.177691928635353e-06,0.00409841405556989,4.181502522919685e-06,,,,,0.0020122735621414573,2.0507606085417743e-06,,,0.010817292397507764,3.976813513511351e-06,,,0.00038434923861543267,1.4297922751050053e-06,,,,,,,,,,,hematite,,,,,,,,
BRe_grain_79,0.37447397705408775,1.2283933304369417e-05,0.6062795571271669,1.3107514409602166e-05,0.000699966652376604,1.1942413260307449e-06,0.0023687138142659348,4.150022584243687e-06,,,,,0.0008315023821431021,2.015540643343223e-06,,,0.013671747708805677,3.975384477719621e-06,,,0.0016745352611539995,1.4005318064742776e-06,,,,,,,,,,,hematite,,,,,,,,
BRe_grain_80,0.39086808656265665,1.2697545272187187e-05,0.6076223534819291,1.2751446258648167e-05,,,,,,,,,,,,,0.0015095599554142579,1.9630677424228816e-06,,,,,,,,,,,,,,,hematite,,,,,,,,
BRe_grain_81,0.36734165397858914,1.2266670711507774e-05,0.6078484922389502,1.2989515273509201e-05,0.0023342475271335675,1.164495367621428e-06,0.004361755183491953,4.115223225407713e-06,,,,,0.0008241493527122339,1.997473819980095e-06,0.00038740588443379016,1.7857418640612328e-06,0.014627842237972099,3.91318981068892e-06,0.0004157543428380452,1.0767799871876084e-06,0.0014325021075099603,1.3992130827429945e-06,,,,,,,,,,,hematite,0.0004261971463690136,1.5672930458496192e-06,,,,,,
BRe_grain_82,0.3159696642165267,1.0796848128749585e-05,0.6737564538260752,1.120302808538741e-05,,,,,,,,,0.000788219268820375,1.8887373251791034e-06,0.0003698380282821757,1.671265869974221e-06,0.008578709939919393,3.70425707053507e-06,,,,,,,,,,,,,0.0005371147203761454,1.606914124309129e-06,hematite,,,,,,,,
BRe_grain_83,0.3900576411192222,1.2585990060765743e-05,0.603447391558311,1.292929094608302e-05,,,0.0009138388825240348,4.161153030456197e-06,,,,,,,0.003067281250585642,1.8197875632213905e-06,0.0025138471893572227,1.9728941974353756e-06,,,,,,,,,,,,,,,hematite,,,,,,,,
BRe_grain_84,0.3962635270038479,1.318617081101447e-05,0.6005654225463039,1.3399969337779706e-05,0.0005125452144169117,1.177460844767725e-06,0.000910292795356387,4.223766276387873e-06,,,,,,,,,0.0017482124400749696,2.0377702175879866e-06,,,,,,,,,,,,,,,hematite,,,,,,,,
BRe_grain_85,0.36923351195684806,1.2347387198104314e-05,0.6109563771097876,1.2938435574933483e-05,0.0008299972446771508,1.1247622171675504e-06,0.0018142248208067987,4.011238368269098e-06,,,,,0.0012796590817285682,2.048292580349603e-06,,,0.013941825799938821,3.968926373864403e-06,0.0004199788023839868,1.0917845523501316e-06,0.0015244251838290909,1.347933541278512e-06,,,,,,,,,,,hematite,,,,,,,,
BRe_grain_87,0.3359569937319499,1.0503654684071387e-05,0.6574457649837858,1.1005074444031296e-05,,,0.00047761487952711304,3.5373461569500048e-06,,,,,,,,,0.0061196264047371045,3.440808725486539e-06,,,,,,,,,,,,,,,hematite,,,,,,,,
BRe_grain_89,0.39294824020604685,1.2991143805175184e-05,0.5959076193085489,1.3460428967000872e-05,7.042523285333041e-05,1.0108036817759203e-06,0.0002418028086169596,3.540645487640575e-06,,,,,,,,,0.010831912443933903,4.0403157640213555e-06,,,,,,,,,,,,,,,hematite,,,,,,,,
BRe_grain_90,0.3499362073644832,1.1827577894782545e-05,0.616289708927311,1.266371585718468e-05,0.0011172274574437879,1.1131967718013294e-06,0.008155376527204002,3.938787511385775e-06,,,,,0.0013524511928635814,1.959067957534847e-06,0.0034617434883044288,1.7533406521799095e-06,0.017480978260600837,3.801471360230194e-06,0.00035059089710686825,1.0718263434984535e-06,0.0018557158846822955,1.347268461933403e-06,,,,,,,,,,,hematite,,,,,,,,
BRe_grain_92,0.3617689292053921,1.2336057934813673e-05,0.610942317508801,1.3189951994587013e-05,,,0.011405195928261226,4.077807568372849e-06,,,,,0.0008779841152494366,1.993487900847517e-06,0.00048084707772019374,1.7848445080424081e-06,0.012456899414521324,4.002084060425575e-06,0.00035609194413728024,1.0980488725862499e-06,0.001053547593922818,1.3906720461565907e-06,,,,,,,,,0.0006581872119945845,1.7206315373702748e-06,hematite,,,,,,,,
BRe_grain_93,0.34257620495065877,1.1129128153574988e-05,0.6309280182313541,1.190135684944053e-05,0.0030117296897744185,2.2165347230271967e-06,0.004061698835960672,3.8041795637769368e-06,,,,,0.0011552145103139796,1.9161185887381975e-06,,,0.01693466879410458,3.6915173804804935e-06,0.0003956757553713703,1.0112185384262842e-06,0.0009367892324620266,1.3284070277413275e-06,,,,,,,,,,,hematite,,,,,,,,
BRe_grain_94,0.33374821801669985,1.2006065246404379e-05,0.6177313220431486,1.354853574241722e-05,0.0074491515138131285,2.2276223019826175e-06,0.011271926614084948,3.8693206854240864e-06,,,,,0.0008531534722882826,1.8950173892626856e-06,0.0018875074913010082,1.7145790418086053e-06,0.019984746994221845,3.7926620680141698e-06,0.0004053197689183567,2.0878360665265804e-06,0.00517518878103781,1.3111249657862031e-06,,,,,0.0014934653044861251,1.3390620154640082e-06,,,,,hematite,,,,,,,,
BRe_grain_95,0.3337283214213179,1.20712994829613e-05,0.6177481557025676,1.3676726225039764e-05,0.00745451622738647,2.241451551847309e-06,0.01127120547670511,3.9709125278678486e-06,,,,,0.0008523215167305761,1.945772217536348e-06,0.001891653174927492,1.7097367151548783e-06,0.019979208106473457,3.841468507711842e-06,0.00039917968686285587,2.107753289598028e-06,0.00517849608100843,1.3385219740882709e-06,,,,,0.0014969426060201171,1.3589067640571163e-06,,,,,hematite,,,,,,,,
BRe_grain_96,0.37250357391946654,1.2443144147279888e-05,0.6094418891113688,1.316321329766156e-05,,,0.003274724482775544,4.099501014034107e-06,,,,,0.003280582212688312,2.0301140909290087e-06,,,0.008481358377287243,4.037648812260141e-06,0.000719070646165261,1.0883965768906345e-06,0.0015233751851875886,1.372513065308337e-06,,,,,,,,,,,hematite,0.0007754260650607941,1.5576706627934518e-06,,,,,,
BRc02_grain_02,0.3824826155300599,1.214100636569074e-05,0.6130029577680197,1.2265739995946029e-05,,,,,,,,,0.0007011637298798108,1.9447400277369557e-06,,,0.0038132629720405127,1.9120367904184892e-06,,,,,,,,,,,,,,,hematite,,,,,,,,
BRc02_grain_03,0.3750193017166532,1.219096512112624e-05,0.6031304533025447,1.275599035412369e-05,0.002474498931661982,1.175234507043819e-06,,,,,,,,,,,0.019375746049140177,3.995090673690805e-06,,,,,,,,,,,,,,,hematite,,,,,,,,
BRc02_grain_06,0.38590315338395326,1.2845502241011006e-05,0.6094810715095959,1.3023128642282116e-05,,,0.0005555125180977211,3.99277345919398e-06,,,,,,,,,0.004060262588353298,1.928950113770232e-06,,,,,,,,,,,,,,,hematite,,,,,,,,
BRc02_grain_07,0.3921687959482565,1.3163307924544316e-05,0.5997114327749316,1.34135820764022e-05,0.00045616609990165193,1.1836505661899673e-06,,,,,,,,,,,0.007199592690570647,3.966855966153855e-06,,,0.0004640124863395778,1.41447862700317e-06,,,,,,,,,,,hematite,,,,,,,,
BRc02_grain_09,0.3066130629166157,1.0596502014313467e-05,0.6687570063807301,1.1538772472218766e-05,0.0019291416698096302,1.11219521592378e-06,0.005348324334011127,3.927814026954003e-06,,,,,0.0038883511057819873,1.914933052458244e-06,0.0004652031197385451,1.7095981700987495e-06,0.012135319440140374,3.6355305967183286e-06,,,0.0008635910331724531,1.3068491175733912e-06,,,,,,,,,,,hematite,,,,,,,,
BRc02_grain_10,0.36778003678602633,1.1314685361799784e-05,0.6244114960444207,1.2017583741288973e-05,0.0018125012699589866,1.113971862889779e-06,0.0015001686254300494,3.9270068337409314e-06,,,,,,,,,0.004207940595290288,3.7367711730225293e-06,,,0.00028785667887355504,1.308498505527761e-06,,,,,,,,,,,hematite,,,,,,,,
BRc02_grain_14,0.3669818294196063,1.2310765442392091e-05,0.6115438037129574,1.3124524841353105e-05,0.0012142862958040039,1.1613003197706617e-06,0.004875506151555508,4.099863142250535e-06,,,,,0.002003121957169968,2.066054928974456e-06,0.0008894960214633252,1.7703645954508674e-06,0.0108852181859318,3.955885580047811e-06,0.0005384463190823505,1.1017964293494977e-06,0.0010682919364293619,1.3813893583690139e-06,,,,,,,,,,,hematite,,,,,,,,
BRc02_grain_15,0.37926387820554447,1.2953342988914247e-05,0.5943687897912359,1.3799192163663094e-05,0.003116244013406109,2.3784007367793746e-06,0.007714810438032734,4.237611491802581e-06,,,,,0.0011842194434104531,2.0293344533589397e-06,,,0.013164942962696602,4.028554098396735e-06,0.0004872213070225141,1.1040739238709901e-06,0.0006998938386512054,1.4352362945203435e-06,,,,,,,,,,,hematite,,,,,,,,
BRc02_grain_17,0.38521414622713457,1.2683371348968308e-05,0.6058248174135256,1.3176347193284661e-05,0.00044678542749676005,1.180770802197461e-06,0.0015800091939714793,4.112724394224626e-06,,,,,,,,,0.006934241737871571,3.886326502445443e-06,,,,,,,,,,,,,,,hematite,,,,,,,,
BRc02_grain_18,0.39125571084540883,1.2815289105417659e-05,0.5985675701763885,1.326093398277146e-05,0.0011662126473279827,1.1751537718480436e-06,0.0020645139867913843,4.105867633439806e-06,,,,,,,,,0.005962329582623984,3.950056613689209e-06,0.00036419711233534624,1.1066003594480216e-06,0.0006194656491240526,1.409839907202756e-06,,,,,,,,,,,hematite,,,,,,,,
BRc02_grain_21,0.3243577162623381,1.1615010149140273e-05,0.6480824160303341,1.273600473431363e-05,0.0005178038412836449,1.1842719007652468e-06,0.008501188478005645,4.186206845623847e-06,,,,,0.0010689366751106123,2.047764233268401e-06,0.003301719997700555,1.8234019567942728e-06,0.013784124948401758,3.95560401145494e-06,,,0.00038609376682557846,1.4600868768722714e-06,,,,,,,,,,,hematite,,,,,,,,
BRc02_grain_22,0.37608526523126024,1.225476272732799e-05,0.6073610980149409,1.2887740371098534e-05,0.003950198682994189,2.2672194455995843e-06,0.004784997126140945,4.077382392118811e-06,,,,,0.0010405208583192376,1.957704762283179e-06,,,0.005667034868060585,1.914949400308886e-06,0.0003534475433770156,1.1079633768352216e-06,0.0004473914551381836,1.3569087966469056e-06,,,,,0.00031004621976870515,1.4062964889681461e-06,,,,,hematite,,,,,,,,
BRc02_grain_23,0.30568862475692876,1.0182508744208666e-05,0.6778049442472927,1.1043158524417655e-05,,,0.0032571156204555056,3.886563818317662e-06,,,,,0.001189569183812075,1.903382872766748e-06,0.004120415592315753,1.6714220632612136e-06,0.007374461749025212,3.6095125535755365e-06,,,0.0005648688501700095,1.2827339285958553e-06,,,,,,,,,,,hematite,,,,,,,,
BRc02_grain_24,0.3512114767865424,1.2360423713391478e-05,0.5858835209648198,1.3950439848016874e-05,0.006583222752426953,2.3600992147479538e-06,0.01429967067846174,4.145269174426597e-06,,,,,0.0012244953377888311,2.012795796315849e-06,,,0.02201186743724354,3.947077720607083e-06,0.000476251420226371,2.2102548480587455e-06,0.0006878316165786827,1.3787843093906653e-06,,,,,0.0006261238464401342,1.4404065646833336e-06,,,,,hematite,,,0.01699553915947157,4.510365354849586e-06,,,,
BRc02_grain_25,0.320919532620499,1.0660494913717438e-05,0.6387300644047388,1.162687986143151e-05,0.0037291924311208765,2.159629796548195e-06,0.007866551439802031,3.8000615744870185e-06,,,,,0.0026443684617927874,1.8326419208422104e-06,,,0.024256825767445606,3.6030946464411243e-06,,,0.0007687703112081064,1.2811275286135543e-06,,,,,0.0005017458138354799,1.3121753659005146e-06,,,0.0003468532600162093,1.612540174859802e-06,hematite,0.00023609548954106393,1.4484554128534452e-06,,,,,,
BRc02_grain_30,0.3909413663453995,1.3382607301747192e-05,0.5863840434716961,1.4186567830039922e-05,0.004889557970664595,2.40618259813953e-06,0.0052275714170541086,4.380200363570578e-06,,,,,0.0013430540860263987,2.143076988450219e-06,,,0.010039702657390208,4.108360082920521e-06,0.0006921497505807944,2.2592330916250415e-06,0.00048255430118822584,1.4888215748439408e-06,,,,,,,,,,,hematite,,,,,,,,
BRc02_grain_31,0.38239400097665377,1.2155320246762975e-05,0.6097497374594872,1.2587744178351605e-05,0.0025099356982037097,1.143658735313392e-06,0.00122843179041604,4.059939092188605e-06,,,,,,,,,0.003744618541362025,1.913226047626824e-06,,,0.00037327553387729394,1.3405919620214945e-06,,,,,,,,,,,hematite,,,,,,,,
BRc02_grain_32,0.3533976704028638,1.1445321221254438e-05,0.6163238571541698,1.2597061839284534e-05,0.005819370871470708,2.260817413578942e-06,0.00716916718067981,3.944766967983345e-06,,,,,0.00107127934854587,1.9073586157071667e-06,,,0.014514642226845287,3.673169018309361e-06,0.0005191826329945138,2.090903892297304e-06,0.000658482124205824,1.330821783206338e-06,,,,,0.0005263480582243658,1.3833353546790675e-06,,,,,hematite,,,,,,,,
BRc02_grain_34,0.39608573216364024,1.2694763910877217e-05,0.5987608122633666,1.3063785635623035e-05,,,0.0005714215394067624,4.040423022903676e-06,,,,,,,,,0.004280193168221859,1.9591187624160877e-06,0.00030184086536441624,1.1008673523604026e-06,,,,,,,,,,,,,hematite,,,,,,,,
BRc02_grain_35,0.377559334178417,1.2321391167113235e-05,0.6023031220205626,1.3104565527695418e-05,0.0008306295447353627,1.172840203045437e-06,0.0044189054376841215,4.10315300365044e-06,,,,,,,,,0.013075062997698571,3.941302531853423e-06,0.0012019839242625847,2.209017859970243e-06,0.0006109618966396492,1.4096506659242382e-06,,,,,,,,,,,hematite,,,,,,,,
BRc02_grain_36,0.3882411473184881,1.2521503954204813e-05,0.5966952537158201,1.3271624312289846e-05,0.0006477841790438842,1.169011049914866e-06,0.005502345335811645,4.118563418188206e-06,,,,,,,,,0.006825488878788683,3.983028820163597e-06,0.0017023386906031446,2.1890894718209168e-06,0.00038564188144445176,1.3699084827190285e-06,,,,,,,,,,,hematite,,,,,,,,
BRc02_grain_37,0.3701822859796298,1.1798449610231058e-05,0.6158920542571283,1.2261694231145527e-05,0.006104255092901011,2.234761288449066e-06,0.0011995062656203442,3.915519320270717e-06,,,,,,,,,0.0029426138389301655,1.8937921999768032e-06,0.003239243473064396,2.1133675946591563e-06,0.0004400410927260019,1.3333831775327287e-06,,,,,,,,,,,hematite,,,,,,,,
BRc02_grain_46,0.38920598687988295,1.2739172266887232e-05,0.6011098791251287,1.329025404172776e-05,0.0005208159616889156,1.1875100226125543e-06,0.0015088197474610017,4.2103875104098904e-06,,,,,,,,,0.007654498285838534,4.0719315671644e-06,,,,,,,,,,,,,,,hematite,,,,,,,,
BRc02_grain_47,0.39927534500232614,1.1882458585989663e-05,0.595931659891052,1.2061001755822327e-05,0.00039329627458818835,1.2002215216054759e-06,0.0010473217113957788,2.112882290752855e-06,,,,,,,,,0.0033523771206379126,2.056275634866884e-06,,,,,,,,,,,,,,,hematite,,,,,,,,
BRc02_grain_48,0.35204819934281095,1.1654491723208813e-05,0.6074532509618621,1.2953076437695293e-05,0.0031889075231977173,2.2881823704955636e-06,0.013419826541535443,3.9845375269014596e-06,,,,,0.0009284036560358713,1.9819274857757764e-06,,,0.02110417236914831,3.7892591948959778e-06,0.00041137071669896503,1.0679510100151004e-06,0.0004472689153959564,1.3819027620354684e-06,,,,,0.0009985999733146758,1.390868226922278e-06,,,,,hematite,,,,,,,,
BRc02_grain_49,0.36377785007327745,1.1963624138039087e-05,0.6047395251165179,1.3016030748110186e-05,0.005777113596714948,2.3309916985849067e-06,0.007319778377995761,4.023952296203597e-06,,,,,0.0023255991363241362,2.014628287309526e-06,,,0.014605537911084892,3.8621420468252076e-06,,,0.0009858288682425677,1.3790145973470448e-06,,,,,0.00046876691984222487,1.4158193777952383e-06,,,,,hematite,,,,,,,,
BRc02_grain_50,0.36448992717128637,1.2282012763505522e-05,0.6043080733334568,1.3249022784022954e-05,0.005792175819390839,2.3209189178306276e-06,0.00733887453292575,4.1107459283700255e-06,,,,,0.0023283228791249767,2.0474738719913827e-06,,,0.0147560016664354,3.8494566294940475e-06,,,0.000986624597379798,1.3639670874643203e-06,,,,,,,,,,,hematite,,,,,,,,
BRc02_grain_53,0.38610694299946596,1.2628029874836613e-05,0.6031248611792196,1.3012108535207858e-05,0.004485012833589148,2.315168205804038e-06,0.00159070585450529,4.05132317120949e-06,,,,,,,,,0.004692477133219957,1.9738913129514265e-06,,,,,,,,,,,,,,,hematite,,,,,,,,
BRc02_grain_55,0.37685123601667175,1.2284953001746014e-05,0.6079481398531165,1.2873852566224633e-05,0.0035374507048728998,2.320609166097349e-06,0.0034762949243364425,3.9992065159548516e-06,,,,,,,,,0.006892250245876206,3.90874872939696e-06,0.0005338324440400902,1.0817319410250943e-06,0.00037524697868393677,1.372857086916885e-06,,,,,0.0003855488324022004,1.4175213337607613e-06,,,,,hematite,,,,,,,,
BRc02_grain_58,0.36384047923377877,1.204826028038778e-05,0.6124382948943791,1.2886789901919052e-05,0.0023705048034016354,1.1180949401456357e-06,0.00609228507168982,4.1006054315406485e-06,,,,,0.001685848157577526,1.994121638638809e-06,,,0.011479186901121641,3.8740578208793055e-06,0.0005866596293581044,1.0851920148410362e-06,0.0008948072670015907,1.3937301094797471e-06,,,,,0.000611934041691919,1.423578842065059e-06,,,,,hematite,,,,,,,,
BRc02_grain_60,0.365268645096216,1.206994773039479e-05,0.6128083559651656,1.2897734069127231e-05,0.003889030531008251,2.265743128734826e-06,0.004669864319010637,3.991587622552401e-06,,,,,0.0014745118172754524,1.9516681496836736e-06,,,0.01099824282522784,3.871170278786175e-06,0.0002932487701059727,1.0673420949274782e-06,0.0005981006759902978,1.3821273555597013e-06,,,,,,,,,,,hematite,,,,,,,,
BRc02_grain_61,0.3821244370307127,1.2435872080651037e-05,0.6080798444241486,1.2858239468531706e-05,0.0010084358252961984,1.1454933095924731e-06,0.001669799745271437,4.078764884433303e-06,,,,,,,,,0.0053630342670614745,3.9024408511781126e-06,0.0010039010537481333,1.0556015012243281e-06,0.0007505476537614178,1.3573216160936704e-06,,,,,,,,,,,hematite,,,,,,,,
BRc02_grain_62,0.3759523629671134,1.210700062718484e-05,0.6039112446654366,1.273524900489326e-05,0.002346708059343259,1.1998803689834864e-06,0.0015720393243689402,4.1054711549501585e-06,,,,,0.0011061564507716445,1.9974328970851352e-06,,,0.014163425543661566,3.824642199806295e-06,,,0.0006070887749069991,1.3944713815329093e-06,,,,,,,,,,,hematite,0.00034097421439764625,1.5595742961394335e-06,,,,,,
BRc02_grain_65,0.3108092929801518,1.0792496947536262e-05,0.6158824459148005,1.2799109407544924e-05,0.0015384601791411196,1.1070423109066045e-06,0.021918209409237128,3.97527072607131e-06,,,,,0.001123128412415253,1.9178230773151605e-06,,,0.032380140223686266,3.7577895090010383e-06,,,,,,,,,,,,,,,hematite,,,0.016348322880567992,4.4903437344206845e-06,,,,
BRc02_grain_67,0.3883017187307923,1.266961511386469e-05,0.6040095210230828,1.3056702495847587e-05,0.001786611220196128,1.1833995389657315e-06,0.0013551822951043183,4.141356870660008e-06,,,,,,,,,0.004245975285066247,1.9830956557035982e-06,0.0003009914457582919,1.0955038747130169e-06,,,,,,,,,,,,,hematite,,,,,,,,
BRc02_grain_71,0.36868830682853493,1.2027559009329612e-05,0.620208880275487,1.250853912839268e-05,0.0011704223733708422,1.1252413180326747e-06,0.0020737441544875102,4.040496445539601e-06,,,,,,,,,0.0066217161573378395,3.7218836454500597e-06,0.000634334112590365,1.060514842572923e-06,,,,,,,0.0006025960981914878,1.3546951174131794e-06,,,,,hematite,,,,,,,,
BRc02_grain_73,0.3707276008949052,1.2870854613399102e-05,0.598125621931803,1.402378353663654e-05,0.008046210571914897,2.424567028447999e-06,0.005455270769350015,4.202522318683995e-06,,,,,0.0030260700632139892,2.047173791009215e-06,,,0.013044590631406113,4.066567381484809e-06,,,0.0010147798010106393,1.4449724744337228e-06,,,,,0.0005598553363961094,1.435319356112639e-06,,,,,hematite,,,,,,,,
BRc02_grain_74,0.34813059642066835,1.1096581137837232e-05,0.6343390385632889,1.1781380783410238e-05,0.0015205576733120472,1.0590690107486638e-06,0.004356471539797502,3.72442220944859e-06,,,,,,,,,0.010259106296763094,3.5772294708783573e-06,0.00055070787455716,1.0024760218459575e-06,0.0005576881710750159,1.2850087772094405e-06,,,,,0.0002858334605380022,1.3137823637465663e-06,,,,,hematite,,,,,,,,
BRc02_grain_78,0.38608420062193927,1.2643180152993752e-05,0.602584252081061,1.320973323774816e-05,0.005702349822717464,2.3119514171289327e-06,0.0017084381001061537,4.073692345176013e-06,,,,,,,,,0.0030600342463244713,1.9582093654735204e-06,0.0004789563927720259,2.167254505191816e-06,0.0003817687350795982,1.3833990123138306e-06,,,,,,,,,,,hematite,,,,,,,,
BRc02_grain_79,0.38606783179139637,1.256073967332836e-05,0.6042380581048817,1.3212722324027456e-05,0.0007621112753605577,1.1514136856714353e-06,0.0019262255338580857,4.207713377981789e-06,,,,,,,,,0.006404361989875717,3.8700759536525626e-06,0.0002989233127505906,1.0919635094812898e-06,0.0003024879918769405,1.3817039706282997e-06,,,,,,,,,,,hematite,,,,,,,,
BRc02_grain_80,0.37877441863006356,1.2257851108689792e-05,0.6022205762872077,1.3027473023331404e-05,0.0003173889235280724,1.169759323352833e-06,0.004966954656742314,4.110712227379529e-06,,,,,,,,,0.01139150554447359,3.910228949702775e-06,0.0012578321149585372,1.0818433044172255e-06,0.0006825007504351879,1.402622524286593e-06,,,,,0.00038882309259109256,1.4176770447976087e-06,,,,,hematite,,,,,,,,
BRc02_grain_82,0.3885622378046331,1.3091938486727444e-05,0.596054578017754,1.3740447348067182e-05,0.002031824324655342,1.1784931810257299e-06,0.005235301870875401,4.159635853002418e-06,,,,,,,,,0.007376459760897334,4.083449380548317e-06,0.000739598221184724,1.1248426943452276e-06,,,,,,,,,,,,,hematite,,,,,,,,
BRc02_grain_83,0.3716950203794354,1.2313428591465907e-05,0.6093956246190518,1.31546090063493e-05,0.005060473156306798,2.2800543797332817e-06,0.002584247683639886,4.139152613899789e-06,,,,,0.001101319501496617,2.004852932470657e-06,,,0.008948387825855698,3.978423319382187e-06,,,0.0009068899528302804,1.369777216239466e-06,,,,,0.00030803688138345844,1.42270283127242e-06,,,,,hematite,,,,,,,,
BRc02_grain_84,0.35522643475729077,1.1475341271051909e-05,0.6145024365132828,1.2620139458665135e-05,0.004992864301059181,2.2327998976997377e-06,0.008412164825138653,3.984148707151422e-06,,,,,,,,,0.014277003208017149,3.854966130693078e-06,0.0008676288154604999,2.112621678422101e-06,0.0006631844572343777,1.3555110099905656e-06,,,,,0.001058283122516557,1.3960628683591892e-06,,,,,hematite,,,,,,,,
BRc02_grain_85,0.37068088791352577,1.156976488640465e-05,0.6192769991742123,1.1950257744838631e-05,0.0004937426562578722,1.0890680886895347e-06,,,,,,,,,,,0.009548370256003953,3.7832768688499372e-06,,,,,,,,,,,,,,,hematite,,,,,,,,
BRc02_grain_87,0.3700864502364798,1.1402115822504613e-05,0.6256992319212963,1.1612447974692696e-05,,,,,,,,,,,,,0.004214317842223902,3.7205543541004706e-06,,,,,,,,,,,,,,,hematite,,,,,,,,
BRc02_grain_88,0.3664033157993409,1.2485181470154657e-05,0.5983893522814729,1.3676119280784691e-05,0.005313598071296601,2.376045846061921e-06,0.009426143241480481,4.287258713704486e-06,,,,,0.001085307187518127,2.0779586352554785e-06,,,0.016651086825023503,4.078517564217015e-06,0.0007375951098236652,1.1263819718874632e-06,0.0005477270177065965,1.425724250529595e-06,,,,,0.0014458744663371401,1.4650042511673083e-06,,,,,hematite,,,,,,,,
BRc02_grain_89,0.342998673788364,1.2221844610802744e-05,0.6196198018563353,1.3399511456137887e-05,0.00992583277255767,2.217011366459163e-06,0.004725953312680786,3.940830562241148e-06,,,,,0.0007406875889558142,1.8956061134571396e-06,0.0033694432965618013,1.730000762600262e-06,0.008556506950914875,3.694340551847895e-06,0.0007406101639854079,2.0226758927544124e-06,0.009322490269644405,2.6459410279993572e-06,,,,,,,,,,,hematite,,,,,,,,
BRc02_grain_90,0.3849703102584752,1.2405519214820078e-05,0.6069086890886544,1.265655038414543e-05,0.004430155808689594,2.314393900311079e-06,0.001126513053064807,4.0437887420282225e-06,,,,,,,,,0.0017268498776858141,1.9869478232779898e-06,0.000535401584951627,1.0630446597820612e-06,0.00030208032847851883,1.3503357880300257e-06,,,,,,,,,,,hematite,,,,,,,,
BRc02_grain_91,0.36382328871605235,1.1737245103552468e-05,0.6147932974739296,1.2503231553249331e-05,0.001964129577579417,1.1109472449455474e-06,0.0032639759434730364,3.919170266261831e-06,,,,,,,,,0.014546816981038288,3.8607316597986275e-06,0.0005762285669898723,1.0455515181849203e-06,0.0007325384586444856,1.3251656733564583e-06,,,,,0.000299724282292847,1.3474237765422494e-06,,,,,hematite,,,,,,,,
BRc02_grain_92,0.388377052286182,1.2727349469642786e-05,0.6029106108494183,1.3033090032816785e-05,0.0026837782870068262,1.1687182592530602e-06,0.0018117371082272478,4.094231830991983e-06,,,,,,,,,0.0033756636569609406,1.9356059413111177e-06,,,0.000841157812204633,1.3798948795872254e-06,,,,,,,,,,,hematite,,,,,,,,
BRc02_grain_93,0.3972546008705023,1.2766488484992915e-05,0.5969976623028515,1.303160985077837e-05,0.0011090223480223046,1.1742955661073658e-06,0.0016262895207656408,4.210979686510153e-06,,,,,,,,,0.0023386154801013016,2.07777714908019e-06,0.0006738094777570263,1.1151999184112282e-06,,,,,,,,,,,,,hematite,,,,,,,,
LRa01_grain_02,0.34768156119055765,1.1639416972053255e-05,0.6103913514467992,1.2773501435843886e-05,0.004058696036478475,2.278325798479993e-06,0.010848326673066502,4.022285393590349e-06,,,,,,,,,0.022218683333705476,3.821531493913932e-06,0.000702228512769091,2.15428377719534e-06,0.0010448146321352738,1.3515999039487433e-06,,,,,0.0030543381744884478,1.3947393471929711e-06,,,,,hematite,,,,,,,,
LRa01_grain_04,0.39240147626167704,1.303589841139897e-05,0.5971084823851213,1.3476792274824228e-05,0.0029261473404725608,2.4110056951467204e-06,0.0020767128243877105,4.21169368941142e-06,,,,,,,,,0.004755041357970899,2.0542981616293438e-06,0.0007321398303705997,1.1101840437881824e-06,,,,,,,,,,,,,hematite,,,,,,,,
LRa01_grain_05,0.3413320676442832,1.1691020339011154e-05,0.6153527468240595,1.2979681811643675e-05,0.005891351320388654,2.2364830042818395e-06,0.009906537500704445,4.011167754192494e-06,,,,,0.0011347736584350898,1.9529984158670103e-06,,,0.017122854140704583,3.835214934750008e-06,0.0003485709203786295,2.1289339150498474e-06,0.000593669606345414,1.3515216039541123e-06,,,,,0.0003814565341998306,1.3489154735554673e-06,,,,,hematite,,,0.00793597185050071,4.3755868148618635e-06,,,,
LRa01_grain_06,0.3941758192427988,1.1436725428468057e-05,0.6009900462290588,1.151211503735097e-05,,,,,,,,,,,,,0.004834134528142212,1.9948648401718055e-06,,,,,,,,,,,,,,,hematite,,,,,,,,
LRa01_grain_08,0.35842050359385774,1.1920547807857944e-05,0.6151838461993625,1.2676441596124819e-05,0.0021763959419275236,1.1146102704926431e-06,0.008591560873392554,3.8900529597595975e-06,,,,,,,,,0.012806617724181572,3.7805892178002014e-06,0.0016941143539643214,2.090849778360544e-06,0.0005175175873279237,1.334764478486486e-06,,,,,0.0006094437259858723,1.3796146487610943e-06,,,,,hematite,,,,,,,,
LRa01_grain_09,0.37723815346193973,1.2556393628748989e-05,0.6036894966472561,1.3214192859964705e-05,0.0024179744957679725,1.1624362374695046e-06,0.005649013129736479,4.022758076942222e-06,,,,,,,,,0.009431838791761455,3.915049471180854e-06,0.00041830877906013557,1.0947615614361852e-06,0.0006095747202040144,1.3696517391385171e-06,,,,,0.0005456399742741059,1.4584544556922753e-06,,,,,hematite,,,,,,,,
LRa01_grain_11,0.35588660527115634,1.1732168564926466e-05,0.6149941902646804,1.2777406552431868e-05,0.0016722528311962942,1.141394807195276e-06,0.009990115295897608,4.011203670251007e-06,,,,,,,,,0.01551341285105748,3.7534260363990384e-06,0.0010462025256610377,1.069009089028447e-06,0.00044243998489135547,1.33232186818595e-06,,,,,0.0004547809754594301,1.367296444345594e-06,,,,,hematite,,,,,,,,
LRa01_grain_12,0.3697909766990591,1.2106967887316827e-05,0.6049151868089487,1.3046594461904859e-05,0.0018307189028570817,1.1636038353574445e-06,0.007842550766928738,3.975021609156455e-06,,,,,,,0.00038748700757484743,1.8094639118273522e-06,0.01291181378994848,3.968214540728678e-06,0.001484112953553399,2.1575506728144223e-06,0.00045071952632622114,1.365811288788174e-06,,,,,0.0003864335448035309,1.3588569051569631e-06,,,,,hematite,,,,,,,,
LRa01_grain_14,0.3622298058644698,1.2337124827658163e-05,0.611422089716334,1.3273880761247963e-05,0.005858715049268799,2.320834066730183e-06,0.00469671751853211,4.1288775573398815e-06,,,,,0.0015923093688358018,2.0375395817905857e-06,,,0.01191621279979258,3.896807588194659e-06,0.0007689269204720106,2.155567215209691e-06,0.0010542853651903663,1.3854785126428284e-06,,,,,0.00046093739710444657,1.4170542561547834e-06,,,,,hematite,,,,,,,,
LRa01_grain_16,0.39913097808649234,1.15140755562892e-05,0.6001965423003481,1.1559133185960669e-05,,,,,,,,,,,,,0.0006724796131594814,2.011296409635646e-06,,,,,,,,,,,,,,,hematite,,,,,,,,
LRa01_grain_17,0.3986267723085695,1.537557284750097e-05,0.5959159440918265,1.5816027345046182e-05,0.0011026596377404845,2.342044493481985e-06,0.003575750353983025,4.071401734423145e-06,,,,,,,,,0.000778873607880531,4.014928020633146e-06,,,,,,,,,,,,,,,hematite,,,,,,,,
LRa01_grain_18,0.3982727109789841,1.2634271568313833e-05,0.5975595230216463,1.2759590638450198e-05,0.0023287501344229316,1.1770816082702267e-06,,,,,,,0.0010758138649034047,2.0572326435241862e-06,,,,,0.0007302233057143903,1.098267400116193e-06,,,,,3.2978694328891455e-05,1.1634572369706147e-06,,,,,,,hematite,,,,,,,,
LRa01_grain_19,0.379106859101762,1.2519796380107726e-05,0.6008866764029241,1.3139299462388122e-05,0.0022546152363473702,1.175009978514302e-06,0.004121460543539934,4.245590621140011e-06,,,,,0.0008969932321259674,2.100955984169217e-06,,,0.011100567021772896,4.0042647098004e-06,0.0007861373824303488,1.1074934782040382e-06,0.0008466910790972756,1.3814784774649347e-06,,,,,,,,,,,hematite,,,,,,,,
LRa01_grain_20,0.3521938720351611,1.1297318649457256e-05,0.6214216801017429,1.2068650579570964e-05,0.0017990770163136122,1.1023065765919921e-06,0.007987120069329891,3.851060205667176e-06,,,,,,,,,0.014322509504732753,3.8070327190746536e-06,0.0011866860539305154,2.0513915841424272e-06,0.0005742977345260176,1.32252868888858e-06,,,,,0.0005147574842631895,1.3363240137631752e-06,,,,,hematite,,,,,,,,
LRa01_grain_21,0.37369168273203635,1.2566429637105043e-05,0.6019577923486998,1.3451636620604386e-05,0.0046640284595763325,2.3392180319387334e-06,0.005779878866720085,4.097657260767885e-06,,,,,,,,,0.011527261952581814,3.8776719663990655e-06,0.0016186306436779384,2.17978362753387e-06,0.0007607249967077123,1.424004288972355e-06,,,,,,,,,,,hematite,,,,,,,,
LRa01_grain_22,0.355011863012436,1.1823751689765385e-05,0.6089731531936969,1.3188818383151848e-05,0.008533477395539068,2.4039666268175524e-06,0.008425534629225446,4.071143528222745e-06,,,,,0.0014529790388868136,2.0790044038962933e-06,,,0.015741287401192794,4.020583045367333e-06,,,0.0009201426495772097,1.4185026516827628e-06,,,,,0.0009415626794456177,1.4199241432612732e-06,,,,,hematite,,,,,,,,
LRa01_grain_23,0.3837768529143365,1.252351573346395e-05,0.6019521972713072,1.3276934119114524e-05,0.0016652122640526787,1.1653978070849026e-06,0.0019297996508931487,4.135541436914502e-06,,,,,0.0035145259668208874,2.044834297501639e-06,,,0.006433209411110008,3.919216732005728e-06,0.0004219935858697917,1.063670757386205e-06,0.00030620893560982543,1.3630230541214841e-06,,,,,,,,,,,hematite,,,,,,,,
LRa01_grain_25,0.36913210294364945,1.2520563269313913e-05,0.5751453128135416,1.3921657731396863e-05,0.0058008556993895365,2.323635304984902e-06,0.012010581443063155,4.15508774943555e-06,,,,,0.0011258963784369618,2.0548997648360884e-06,,,0.016369824975906652,4.013681402259518e-06,0.00072434731934438,2.232670423894347e-06,0.0003849166003525612,1.380099286110565e-06,,,,,0.0003961810615704192,1.482898468434166e-06,,,,,hematite,,,0.0189099807647454,4.636315318511529e-06,,,,
LRa01_grain_27,0.3598670872236748,1.2016244604383762e-05,0.6088081140796274,1.3025384943394377e-05,0.005880651143270378,2.2837732433116684e-06,0.007108259894142017,3.9997649953166535e-06,,,,,0.0012012177752004243,1.9869690023178904e-06,,,0.01504136956256194,3.841119883440709e-06,0.00035102526255750827,2.1613122955245745e-06,0.0007450187782439688,1.3328981220879995e-06,,,,,0.0009972562807214827,1.3833846792429885e-06,,,,,hematite,,,,,,,,
LRa01_grain_28,0.3881534028349033,1.2629836753832027e-05,0.5993398867879841,1.3214507378370662e-05,0.0003843488629998507,1.1820726312656367e-06,0.002497040704831841,4.082840667002076e-06,,,,,,,,,0.008641058442710675,4.108519364390343e-06,0.0006018510370810337,1.105500112571923e-06,0.0003824113294891152,1.393606378943701e-06,,,,,,,,,,,hematite,,,,,,,,
LRa01_grain_30,0.3899181666225126,1.2967084567001869e-05,0.5940651419985795,1.3829247046315082e-05,0.0011216240727788093,1.2176789822889206e-06,0.004923357769307679,4.279627103807465e-06,,,,,0.0006917133433652391,2.103302521040435e-06,,,0.007881038364342008,4.114978744435102e-06,0.0006818670395647571,1.1340196649690451e-06,0.0003939050667161482,1.4343784052692835e-06,,,,,0.0003231857228332498,1.5040148528477925e-06,,,,,hematite,,,,,,,,
LRa01_grain_31,0.3588778973195057,1.2072471993450697e-05,0.6219709949813274,1.2948713724147256e-05,,,0.005834016424937593,4.167517407746637e-06,0.0002884812983365419,1.2107714837411874e-06,,,,,,,0.008841059359188443,3.8091685601115146e-06,,,0.0006035638437106085,1.3997569282998469e-06,,,,,,,,,0.00358398677299369,1.7206312127312383e-06,hematite,,,,,,,,
LRa01_grain_32,0.3652556782756915,1.2260006952803697e-05,0.6000062195127523,1.3424649068624029e-05,0.006077707739111088,2.3622231319870523e-06,0.007005539665892736,4.12748922084811e-06,,,,,0.0016948524336567947,2.078802286988843e-06,,,0.017096690325322825,4.023148643063224e-06,0.0005500023472822857,2.2408034289521497e-06,0.0010822901480187018,1.4172617675445127e-06,,,,,0.0007922498061340758,1.446650302715555e-06,,,,,hematite,0.00043876974613757044,1.6332417658369525e-06,,,,,,
LRa01_grain_33,0.3606738876550824,1.2103743017602605e-05,0.6002180173146424,1.3136270349336323e-05,0.006650660752003502,2.3410669862345513e-06,0.009214382395328588,3.950093293557228e-06,,,,,0.0009926218710130435,2.0240532602299026e-06,,,0.018889153596324034,3.9252137184018885e-06,0.0005312646502567659,2.1431922260024636e-06,0.0015895802766519905,1.3810482350708604e-06,,,,,0.0012404314886972682,1.3947122352344977e-06,,,,,hematite,,,,,,,,
LRa01_grain_34,0.38077444392210946,1.2639665204564431e-05,0.599330524168708,1.3456881291253398e-05,,,0.003550717292539762,4.171094693851831e-06,,,,,0.0015761603218036933,2.019997654612024e-06,,,0.012770931342768788,3.967421002952084e-06,0.0010299680909940385,1.0913183070389799e-06,0.0006181447591097745,1.399955366330094e-06,,,,,,,,,,,hematite,0.0003491101019664511,1.5830343181704437e-06,,,,,,
LRa01_grain_35,0.39750817425437934,1.2967617607103507e-05,0.6000204124393996,1.3139209216896768e-05,0.0005857147007314805,1.1765412281500694e-06,,,,,,,,,,,0.0018856986054895017,1.980092548378911e-06,,,,,,,,,,,,,,,hematite,,,,,,,,
LRa01_grain_36,0.35539184849276734,1.2123730909637409e-05,0.6023553448867827,1.3343891334755887e-05,0.00519452806156456,2.322634200023085e-06,0.008879122684448125,4.134032526051972e-06,,,,,0.0017324684606712978,2.0418448488358044e-06,0.0005902904168382717,1.7887407812883257e-06,0.023178567966562053,3.88417927888167e-06,0.0009079662571630471,2.2535703445667378e-06,0.0013774405419964976,1.4102160376048913e-06,,,,,0.00039242223120612105,1.4171818459332574e-06,,,,,hematite,,,,,,,,
LRa01_grain_39,0.36172002282874294,1.1914847343461772e-05,0.6153183860390724,1.2743824425021989e-05,0.000564575581111286,1.1519119376331776e-06,0.008020652026950093,4.0220636304333e-06,,,,,,,0.0010680794910281162,1.7426581089814972e-06,0.006739357662492753,3.868795536974105e-06,0.000766931502641365,1.1002623550065287e-06,0.0024001189074719306,1.3707291628362525e-06,,,,,0.00030529667304622166,1.3674411128050007e-06,,,0.0030965792874427843,1.729116684832746e-06,hematite,,,,,,,,
LRa01_grain_40,0.3022054923990886,1.1027783488660444e-05,0.6310054821977845,1.2935039450148308e-05,0.008845264450463458,2.0855384308661916e-06,0.015692453598430953,3.588914951964779e-06,,,,,0.0013039536303935749,1.8382593825572997e-06,,,0.024371167581051362,3.5964432268047362e-06,0.0004299133659361748,1.942744661553691e-06,0.0005471187361696277,1.2241448545005085e-06,,,,,0.0005613857340417306,1.2920542285985879e-06,,,,,hematite,,,0.015037768306639995,4.112950011076342e-06,,,,
LRa01_grain_41,0.35302065921330816,1.1985596775938292e-05,0.6111909019919646,1.2944707383408546e-05,0.0006933921988764959,1.1472182216583315e-06,0.008155155287416699,4.084700210170361e-06,,,,,0.004608736898212378,2.0639219749309893e-06,0.0010696197208638221,1.7532374282467367e-06,0.018794146522695284,3.916449417463751e-06,0.0008878698669262839,1.0797858773245946e-06,0.0015795182997363118,1.3729728060493734e-06,,,,,,,,,,,hematite,,,,,,,,
LRa01_grain_42,0.39550889706642195,1.3070620245923492e-05,0.5962386016217582,1.348538357822718e-05,0.0025314992668132594,1.1813349216680659e-06,0.002070394880596733,4.210547193895721e-06,,,,,,,,,0.0030958231164554717,2.0016786954354767e-06,,,,,,,,,0.0005547840479545762,1.4456238582275881e-06,,,,,hematite,,,,,,,,
LRa01_grain_43,0.3892870575723095,1.3568143419932458e-05,0.5752049627303415,1.4616964282228617e-05,0.004901720405731826,2.520896291112038e-06,0.008576182402407094,4.289573895186888e-06,,,,,0.0011261036592665338,2.14989215332106e-06,,,0.017985261790830667,4.2559201497616685e-06,0.0005117813416030344,1.1598523759113397e-06,0.0005697919047067704,1.4811107452091574e-06,,,,,0.0018371381928029597,1.4954069186270951e-06,,,,,hematite,,,,,,,,
LRa01_grain_46,0.38297848802853074,1.2623370223584563e-05,0.6019934521685834,1.321763220791059e-05,0.006128154294211003,2.3734752126003237e-06,0.004574026181553013,4.261297559112521e-06,,,,,,,,,0.000550200585699507,2.0043566763008206e-06,0.0007277518482546307,2.147018906716182e-06,,,,,,,,,,,,,hematite,0.0030479268931676534,1.5864196758231922e-06,,,,,,
LRa01_grain_47,0.3254255039595127,1.1209255215386135e-05,0.6418189538777587,1.232144339757269e-05,0.004180466015914646,2.0815716604801692e-06,0.010272310044568205,3.6578190138489424e-06,,,,,0.0007992332568869855,1.8042601044920465e-06,,,0.016119213977989943,3.5926351717709744e-06,0.00048591418557278993,1.9866720884773703e-06,0.0005480035162487019,1.2396689405556154e-06,,,,,0.0003504011655473748,1.2717664479636742e-06,,,,,hematite,,,,,,,,
LRa01_grain_48,0.3719550529419739,1.2074973372041673e-05,0.619381648250842,1.24306478396891e-05,,,0.00109632802172422,4.0381977500843605e-06,,,,,,,,,0.006024231795588151,3.813993417097175e-06,0.000523918290468722,1.0884768498239983e-06,,,,,,,,,,,0.0010188206994028765,1.7004594151503754e-06,hematite,,,,,,,,
LRa01_grain_51,0.38862899580829036,1.2823296035627206e-05,0.5983156325083,1.3294023729949787e-05,0.005155076469786053,2.348352436995132e-06,0.0016005766519182976,4.144565589094895e-06,,,,,,,,,0.005047686528321069,1.9797893369127826e-06,0.000607462379281585,2.2487888740417554e-06,0.00038357375843877387,1.4174174344383926e-06,,,,,,,,,,,hematite,0.00026099589566393243,1.5638585954651511e-06,,,,,,
LRa01_grain_52,0.3768328099213641,1.2743776330546035e-05,0.5906141009801144,1.394758175349436e-05,0.0018489245785891794,1.197608715450339e-06,0.009260114195217474,4.253839193134314e-06,,,,,,,,,0.019258655311592827,4.153119912293729e-06,0.0007449809968860429,1.1229530198999007e-06,0.0006307811230306055,1.4680935904562196e-06,,,,,0.0008096328932054453,1.4947230869313497e-06,,,,,hematite,,,,,,,,
LRa01_grain_55,0.37299347010438993,1.2124290996099365e-05,0.6024040172293659,1.3005906985362433e-05,0.004132950329559722,2.334485536293022e-06,0.00666485848773677,4.069938546548633e-06,,,,,0.000941507529964363,1.982045169601535e-06,,,0.011050720574878862,3.912539399949823e-06,0.0011314565645373683,2.1460554406235118e-06,0.0006810191795670617,1.3996384420079647e-06,,,,,,,,,,,hematite,,,,,,,,
LRa01_grain_58,0.3621695143794056,1.1984547151292374e-05,0.6081476739185399,1.2993906094598165e-05,0.007738347016158189,2.295993931902757e-06,0.0055786112396985455,4.03377096058853e-06,,,,,0.0012602611995381255,1.9830665933890024e-06,,,0.01393355634683495,3.852217412587794e-06,0.0004144000065978076,2.150692648991607e-06,0.000449715521194287,1.3972394573283437e-06,,,,,0.0003079203720326142,1.4056805473297169e-06,,,,,hematite,,,,,,,,
LRa01_grain_59,0.38513824086867515,1.2696469777529084e-05,0.6006347141751873,1.3168021918893361e-05,0.002558562860883269,2.290836935189958e-06,0.003061540035086735,4.063507114033211e-06,,,,,0.0010597105305018755,2.055597885032131e-06,,,0.00632028947885684,3.902290183856801e-06,0.000540529236182233,1.1069036606138269e-06,0.0006864128146265799,1.407955695612404e-06,,,,,,,,,,,hematite,,,,,,,,
LRa01_grain_60,0.3961929705241352,1.2646974532118937e-05,0.6006863631349664,1.2727164632558185e-05,0.00038591029944797217,1.1851323412906414e-06,,,,,,,,,,,0.0027347560414503888,2.0040777350571025e-06,,,,,,,,,,,,,,,hematite,,,,,,,,
LRa01_grain_61,0.35862565406037916,1.1928104277011007e-05,0.6103827899777946,1.3063340126433057e-05,0.005230265181737372,2.3061740895693548e-06,0.008496743253308342,4.104658199982252e-06,,,,,0.0012080484396198286,2.052536881461896e-06,,,0.014802837957867278,3.840832141158568e-06,0.00041589211704140403,1.0536807623543616e-06,0.0004527196357818284,1.4050103175955357e-06,,,,,0.0003850493764702061,1.409195610881955e-06,,,,,hematite,,,,,,,,
LRa01_grain_62,0.3909241431587229,1.2634189094823575e-05,0.6013805188522126,1.293243565324975e-05,0.0003222637452564088,1.1560700479722902e-06,0.0009137753064368459,4.1306203496649885e-06,,,,,,,,,0.0064592989373712965,3.865349312627481e-06,,,,,,,,,,,,,,,hematite,,,,,,,,
LRa01_grain_63,0.3942945518830196,1.2720494765174985e-05,0.5961428577618277,1.2898841807280547e-05,0.009562590355152667,2.343659371485704e-06,,,,,,,,,,,,,,,,,,,,,,,,,,,hematite,,,,,,,,
LRa01_grain_64,0.3642397697440991,1.226929907233634e-05,0.603928352903351,1.3373864115270094e-05,0.005245701341917762,2.3143380859139333e-06,0.00556323391813148,4.091271741294757e-06,,,,,0.004567008312854164,2.012649726924531e-06,,,0.01427691219098803,3.9937426267947784e-06,0.0009582953410835616,2.186820106371884e-06,0.0012207262475748635,1.4110654865764818e-06,,,,,,,,,,,hematite,,,,,,,,
LRa01_grain_65,0.3795082383985285,1.2436369710617138e-05,0.6035935747207252,1.3005946275585486e-05,0.0036216293642349234,2.3545850772071536e-06,0.0029305628368241194,4.186093921923592e-06,,,,,0.0022704604361024143,2.0450890420617974e-06,,,0.006820788927513038,3.991665047360752e-06,0.0004194448249741463,1.0877914062809796e-06,0.0008353004910977492,1.3781339849882522e-06,,,,,,,,,,,hematite,,,,,,,,
LRa01_grain_67,0.37806961977876924,1.3492987807496418e-05,0.5829495611114902,1.4852051267845625e-05,0.008398874230141486,2.4816144048197083e-06,0.010693255345882433,4.3659384007615304e-06,,,,,0.0011796326145941546,2.1490966071491705e-06,,,0.017326773934822435,4.173587034907961e-06,0.00031885779271996083,2.3678302417266318e-06,0.0006474135710260767,1.4679716320382653e-06,,,,,0.0004160116205539211,1.5275275704756982e-06,,,,,hematite,,,,,,,,
LRa01_grain_68,0.39345239259712617,1.301382080159681e-05,0.6017473199575435,1.3174247318241956e-05,0.0007105458001583844,1.1833567020944654e-06,0.0005733867193195476,2.101448707051058e-06,,,,,,,,,0.003516354925852416,1.994339604589435e-06,,,,,,,,,,,,,,,hematite,,,,,,,,
LRa01_grain_69,0.33797858310062806,1.115260508899115e-05,0.6467207376592639,1.1960816753311714e-05,0.009654633682010002,2.0719136371687745e-06,0.0023062435800765987,3.684336219942436e-06,,,,,,,,,0.0030787556102136074,3.4695521680179214e-06,0.0002610463678078366,1.9493032859038884e-06,,,,,,,,,,,,,hematite,,,,,,,,
LRa01_grain_70,0.3926490418217906,1.1408285655170487e-05,0.6007445424794042,1.1625084588627015e-05,,,0.0004534066277736324,2.086591737783713e-06,,,,,,,,,0.0059224927285062585,1.950026441937647e-06,,,0.00023051634252523826,1.3796740815003038e-06,,,,,,,,,,,hematite,,,,,,,,
LRa01_grain_71,0.3560334011352443,1.1839031687484137e-05,0.6137235732978517,1.3012958125498274e-05,0.0027499714473480227,2.326363328351105e-06,0.009776421609795171,3.981591544755835e-06,,,,,0.0009302525544192461,1.97615431330021e-06,,,0.01515292569940072,3.905708298636097e-06,0.0006466606967500759,1.0396070632845464e-06,0.00044983094809254877,1.3964249945925615e-06,,,,,0.0005369626110982994,1.3990875194005475e-06,,,,,hematite,,,,,,,,
LRa01_grain_72,0.3977197453763027,1.427072463839923e-05,0.5742254394506117,1.5258593217601472e-05,0.005411730207017501,2.545983564001614e-06,0.006443982926752651,4.442672125182151e-06,,,,,0.0010175090847361398,2.2068859257675453e-06,,,0.01260841984930247,4.244186444624532e-06,0.0011579897484792607,2.3251384306822777e-06,0.000491721381027668,1.4979164674276528e-06,,,,,0.0009234619757698506,1.514004953476806e-06,,,,,hematite,,,,,,,,
LRa01_grain_73,0.3697044292769182,1.2315941719800163e-05,0.6062482389998771,1.3266706348997745e-05,0.0020751574312307735,1.2098093050050727e-06,0.005749592735941261,4.143058897644138e-06,,,,,0.0014125472176766073,2.0541654665664495e-06,,,0.012717712844624345,3.977567496718285e-06,0.0006101778668355195,1.1187236502779056e-06,0.0010851102780591918,1.4085548098773326e-06,,,,,0.0003970333488369985,1.4502482681636748e-06,,,,,hematite,,,,,,,,
LRa01_grain_74,0.3771047599597573,1.2283356370954469e-05,0.5993838889225233,1.2966612549219924e-05,0.002056179797905347,1.1763895905330586e-06,0.00810629189170227,4.159434761845415e-06,,,,,,,,,0.010950222213004826,4.06807148385354e-06,0.0016320321275851363,2.2419194352092307e-06,0.0007666250875218085,1.374986889849299e-06,,,,,,,,,,,hematite,,,,,,,,
LRa01_grain_75,0.39921679275153066,1.3564681414740144e-05,0.5949063167262476,1.3937766661402944e-05,0.0011068046522214004,2.3397783325058034e-06,0.002997020537557334,4.214065793972481e-06,,,,,,,,,0.001331345089473196,2.0556563791438634e-06,,,,,,,,,,,,,,,hematite,0.000441720242969855,1.602691998582442e-06,,,,,,
LRa01_grain_77,0.3810049576601843,1.2324182742814854e-05,0.5989936279262575,1.3072924645841047e-05,0.0033092179936203225,2.341687776167556e-06,0.008023164486775557,4.1519924344793195e-06,,,,,0.0024407013005490934,1.999936620735618e-06,,,0.00445093424131142,1.9589975067981844e-06,0.0007168059399208868,1.0900417954773872e-06,0.00045673216013228103,1.367661915934063e-06,,,,,,,,,,,hematite,0.0006038582912486251,1.5518374423836492e-06,,,,,,
LRa01_grain_78,0.38704709833638223,1.2645834044637992e-05,0.6018648428815337,1.3266770608701428e-05,,,0.002619982499412305,4.250300084202693e-06,,,,,,,,,0.007350367195846103,3.991042151889306e-06,,,0.0007686611550112741,1.4149799683702857e-06,,,,,,,,,,,hematite,0.0003490479318144518,1.5547002512068839e-06,,,,,,
LRa01_grain_80,0.30442854017257703,1.0711169887277968e-05,0.5964201067317504,1.3213310357328137e-05,0.006081956291092574,2.413030468852278e-06,0.024648645672316054,4.12464512170775e-06,,,,,0.001454211961112481,2.019766533614801e-06,,,0.04375344634692082,4.058768212522705e-06,0.00041776337592945573,2.1503059263847114e-06,0.0009183866064424657,1.3629264079631305e-06,,,,,0.001960629475136994,1.4535008766241036e-06,,,,,hematite,,,0.019916313366721713,4.584674808931353e-06,,,,
LRa01_grain_81,0.3680658411192146,1.2600799418756228e-05,0.6052059326291136,1.3354293862789477e-05,0.004056220681900724,2.314904674925693e-06,0.004276605701910633,4.1136214819755585e-06,,,,,0.0014402192234722342,2.0195289175234436e-06,,,0.015342606292228212,3.90070011124532e-06,0.00047734708827470675,1.0785654055417999e-06,0.001135227263885285,1.3858791144932571e-06,,,,,,,,,,,hematite,,,,,,,,
LRa01_grain_82,0.33974984326952307,1.1822222296864249e-05,0.5939228452184304,1.3678265383015332e-05,0.004252858691888644,2.382631789073972e-06,0.01740723997484056,4.085096508815841e-06,,,,,0.001085446264181475,2.1103947949535708e-06,,,0.027541545032539593,4.015073981668817e-06,0.0004903486416941465,1.1259776347029807e-06,0.00047064023973613983,1.4437253319248312e-06,,,,,,,,,,,hematite,,,0.015079232667165906,4.63626499499916e-06,,,,
LRa01_grain_83,0.3126388571694305,1.0753631692110763e-05,0.6458131852379161,1.20585724029943e-05,0.002280806639481035,1.1309570221124936e-06,0.008410779728138515,3.973745061263358e-06,,,,,0.0020390432626665126,1.9786697050762773e-06,,,0.026554338185146197,3.82931159991058e-06,0.0006366430165819915,1.0669664677974736e-06,0.0013243462356110952,1.3118450051314358e-06,,,,,0.00030200052502794405,1.4272831387587117e-06,,,,,hematite,,,,,,,,
LRa01_grain_84,0.3887677465096557,1.2848668804400116e-05,0.599816722559018,1.322163470684354e-05,0.0005101810893210102,1.167724346301999e-06,0.0031734080734744873,4.10418111891672e-06,,,,,,,,,0.007184289640542504,3.989343406733572e-06,,,,,,,,,0.0005476521279882657,1.4292794528063868e-06,,,,,hematite,,,,,,,,
LRa01_grain_86,0.3860770083965049,1.2762547243096993e-05,0.5969666584413679,1.338728031666456e-05,0.0009059249972225515,1.1631686303270609e-06,0.00459472443091276,4.13395155009924e-06,,,,,,,,,0.00926179371482755,3.983859432184493e-06,0.0013333614861563362,2.1774723033129333e-06,0.0004644578568157643,1.4052278786091923e-06,,,,,0.0003960706761922845,1.4475285033174036e-06,,,,,hematite,,,,,,,,
LRa01_grain_87,0.3870080200042501,1.3904859174781309e-05,0.5724597399051055,1.5111615397267396e-05,0.008827957071911703,2.6048673860982773e-06,0.008391352415995054,4.537000585411732e-06,,,,,0.0013503223406393587,2.279110088580077e-06,,,0.0176956202374354,4.359318076438706e-06,0.0015270820086671227,2.494098454990033e-06,0.000841870354704664,1.5385758058934397e-06,,,,,0.0018980356612911314,1.5826502165858846e-06,,,,,hematite,,,,,,,,
LRa02_grain_01,0.39193042526244193,1.266502617037724e-05,0.5916514042195128,1.3472857179854438e-05,0.0047597646559551015,2.5918618827059377e-06,0.0029032655170270127,4.568349033943449e-06,,,,,,,,,0.008232371334259195,4.396829318374231e-06,,,,,,,,,0.0005227690108040096,1.5890090732680928e-06,,,,,hematite,,,,,,,,
LRa02_grain_04,0.3750960508276418,1.2706296367845827e-05,0.5948846660344714,1.3702355893589049e-05,0.006717941252033768,2.5750524745573865e-06,0.007091286199008776,4.5624215360707585e-06,,,,,,,0.00044308474830606403,2.0337309270633836e-06,0.014119941977694735,4.4927535628578965e-06,,,0.0011119096006605498,1.5346929744500737e-06,,,,,,,,,0.0005351193601828889,1.930697684999333e-06,hematite,,,,,,,,
LRa02_grain_05,0.3481793547079266,1.2805915526830434e-05,0.6132245414073925,1.3948215515100369e-05,0.004602851015908011,2.4874677949215627e-06,0.011893789621681016,4.339163797498056e-06,,,,,,,,,0.020425806044071904,4.062566292840741e-06,0.00044496909547967747,1.134115564803657e-06,0.0006491184073238619,1.4878556362799003e-06,,,,,0.000579569700216488,1.502913055623847e-06,,,,,hematite,,,,,,,,
LRa02_grain_06,0.3508159407941825,1.1722486659771096e-05,0.6136243967919607,1.2798272854225129e-05,0.004698043451848795,2.5295237786439214e-06,0.012127458433391804,4.489293251600419e-06,,,,,,,,,0.0182397838275691,4.236627742809412e-06,,,0.000494376701047135,1.4917274540014824e-06,,,,,,,,,,,hematite,,,,,,,,
LRa02_grain_07,0.3354916679588543,1.1012945809139303e-05,0.592650114645249,1.3025083878240599e-05,0.003961495483010585,2.524314426966984e-06,0.016728891086666513,4.409523439743012e-06,,,,,,,,,0.026660239272956972,4.093163398779247e-06,0.0005132213434029185,1.1674624258792592e-06,0.0005690707808925901,1.4789498592945795e-06,,,,,0.00041908155814309687,1.5103090743180088e-06,,,,,hematite,,,0.023006217870824096,4.872985276053202e-06,,,,
LRa02_grain_08,0.3727508218779232,1.2412743771054444e-05,0.6051528867820798,1.2801565371370791e-05,0.00735561454448306,2.544604160482467e-06,0.00499550702378068,4.575158773039745e-06,,,,,,,,,0.009251244051965925,4.257384010758963e-06,,,0.0004939257197673197,1.522965414538451e-06,,,,,,,,,,,hematite,,,,,,,,
LRa02_grain_09,0.3636304670412122,1.2280298969619754e-05,0.5799862629794328,1.3783651305040826e-05,0.004925792917092083,2.6537596291054076e-06,0.014865456714897538,4.708350395642185e-06,,,,,,,,,0.028943241865399462,4.596313131710587e-06,0.00048484954284881763,1.2544256159747226e-06,0.0014029814165952142,1.5932486872890502e-06,,,,,0.005760947522521913,1.634412053207948e-06,,,,,hematite,,,,,,,,
LRa02_grain_10,0.3537508333972591,1.1878121585118733e-05,0.5871360707582861,1.343464593250985e-05,0.0038092731135440706,1.2725902168437558e-06,0.013636340373337075,4.465378084183275e-06,,,,,,,,,0.022957787189253082,4.445340028586598e-06,0.0007294454248719197,1.2184676548831983e-06,0.0007569826051592707,1.5386528328944579e-06,,,,,,,,,,,hematite,,,0.017223267138289394,5.029538905472829e-06,,,,
LRa02_grain_11,0.3599246966551559,1.2022270809733483e-05,0.6061363842487919,1.2730968022364953e-05,0.0024326780082128837,1.2564895542656655e-06,0.012828501744786678,4.477013395886958e-06,,,,,,,,,0.01730990026643724,4.230550533222095e-06,0.0007866006473902421,1.1773243408371787e-06,0.0005812384292251139,1.5268486331643473e-06,,,,,,,,,,,hematite,,,,,,,,
LRa02_grain_12,0.38554370894322954,1.3353668183327669e-05,0.5725982020625083,1.448675571340177e-05,0.004051807503953528,1.3419359537092365e-06,0.007578371918707771,4.816181551925627e-06,,,,,,,,,0.027876799296154237,4.61532885415001e-06,0.0008300239625758404,1.2311978939892045e-06,0.0005291085124469344,1.5954492231683717e-06,,,,,0.0009919778004238745,1.6301657908692393e-06,,,,,hematite,,,,,,,,
LRa02_grain_14,0.3503771379324494,1.1796667100558525e-05,0.6099147179903669,1.312413621497571e-05,0.002932575619917019,1.2720518719441278e-06,0.013624435836505694,4.425510935027268e-06,,,,,,,,,0.021780088885184574,4.357905434513346e-06,0.0005256526239274731,1.20308970354013e-06,0.0005027038866550227,1.4918585400906004e-06,,,,,0.00034268722499391065,1.5184912735035862e-06,,,,,hematite,,,,,,,,
LRa02_grain_16,0.3253166286080393,1.0409438989173364e-05,0.663320351445504,1.0658607062434169e-05,,,0.0010743610410071168,2.1788140576105577e-06,,,,,,,0.0012444549752462224,1.9008011528967818e-06,0.009044203930203356,2.0683463014814466e-06,,,,,,,,,,,,,,,hematite,,,,,,,,
LRa02_grain_17,0.3277149232881361,1.2139306469122774e-05,0.596896864546946,1.4273286077321448e-05,0.008317350767639908,2.5335031372264147e-06,0.021957932225573067,4.571109866927537e-06,,,,,,,,,0.03908182033328777,4.3409899384711275e-06,,,0.0016673664534584043,1.5311577678013561e-06,,,,,0.004363742384958702,1.5763080608628361e-06,,,,,hematite,,,,,,,,
LRa02_grain_18,0.3919606396521483,1.2961844531915565e-05,0.5843967657543486,1.3677053332668453e-05,0.003273580064803897,1.3381494249162687e-06,0.0076213596895463405,4.671328053885607e-06,,,,,,,,,0.010791972268331198,4.551472768105186e-06,0.001435002585587298,1.2141582060701373e-06,0.0005206799852343155,1.5986649159027005e-06,,,,,,,,,,,hematite,,,,,,,,
LRa02_grain_19,0.33062769832981487,1.1860044011706084e-05,0.6079457482091086,1.37357329521681e-05,0.006502733743271534,2.4911273487259338e-06,0.0164241281759844,4.319125076605612e-06,,,,,,,,,0.02433907042340316,4.060288349087583e-06,,,0.0005598168731336202,1.4706675136001978e-06,,,,,,,,,,,hematite,,,0.01360080424528383,4.7124661718750625e-06,,,,
LRa02_grain_20,0.3184171563528156,1.2386973175183398e-05,0.5980387565886998,1.4930104933894318e-05,0.009114438877927624,2.556446773776932e-06,0.019261900711523314,4.534154247298405e-06,,,,,,,,,0.03120193534871153,4.325174386848382e-06,,,0.000663545950097052,1.5311306792388422e-06,,,,,0.0003409105986692666,1.552787369895153e-06,,,,,hematite,0.0007525099183376615,1.686769189013203e-06,0.022208845653218116,4.967193885523518e-06,,,,
LRa02_grain_21,0.39356201917258365,1.2447956708354402e-05,0.5988018793937898,1.2731969988355798e-05,,,,,,,,,,,,,0.007636101433626526,4.3639912335146385e-06,,,,,,,,,,,,,,,hematite,,,,,,,,
LRa02_grain_22,0.3941786285884403,1.2866323373010778e-05,0.597493466242626,1.3046061728229289e-05,,,0.0017474462832679277,4.512278872498609e-06,,,,,,,,,0.006580458885665807,2.158242877761907e-06,,,,,,,,,,,,,,,hematite,,,,,,,,
LRa02_grain_23,0.3296260372032212,1.1927727486084402e-05,0.596251452726123,1.382999847449049e-05,0.005817028486743293,2.446541625137468e-06,0.02027218429540431,4.27209082833662e-06,,,,,,,,,0.028237312442710237,4.092935016895626e-06,,,0.0006381639907684811,1.468914533489702e-06,,,,,0.0007357343797422819,1.4903178204367778e-06,,,,,hematite,,,0.018422086475287165,4.8584908460587775e-06,,,,
LRa02_grain_24,0.378103431703064,1.266902865611938e-05,0.595318422831051,1.3252375166110866e-05,0.001423908486578147,1.331510143483119e-06,0.009358240698271689,4.6175831881218025e-06,,,,,,,,,0.014325205909445828,4.4346111372340826e-06,0.0008715083944253667,1.2292146041318363e-06,0.00033952904367744706,1.5426288230803704e-06,,,,,0.0002597529334865618,1.5663108444856352e-06,,,,,hematite,,,,,,,,
LRa02_grain_26,0.3734995608149937,1.262404977153977e-05,0.5886182253048171,1.3760364512788e-05,0.005289186892138365,2.6322425017492204e-06,0.009124678985546872,4.542693475814315e-06,,,,,,,,,0.020321766570416646,4.451364862434989e-06,0.0008048708895299128,1.231342556292921e-06,0.0005958165601029252,1.55345269496875e-06,,,,,0.0017458939824545195,1.5988305961536396e-06,,,,,hematite,,,,,,,,
LRa02_grain_27,0.3386541912341,1.1613898734538485e-05,0.5885337634270913,1.347167799130924e-05,0.007236327266253821,2.4794995911497538e-06,0.01627981207865791,4.4760525824489185e-06,,,,,,,,,0.02619981103246379,4.276600854868897e-06,,,0.0005000813908658361,1.5417401842858377e-06,,,,,,,,,,,hematite,,,0.02259601357056724,4.83878116928442e-06,,,,
LRa02_grain_28,0.3371613233530594,1.150071792335362e-05,0.5874098923668583,1.3676474784152165e-05,0.00841594145523009,2.5934947492107326e-06,0.016819396998166897,4.596094428244315e-06,,,,,,,,,0.03087959456242497,4.4310659563880135e-06,,,0.0005936633166300382,1.5284548623843332e-06,,,,,0.0013097733802928616,1.5986657308843746e-06,,,,,hematite,,,0.01741041456733743,5.0525856555818615e-06,,,,
LRa02_grain_29,0.38375777139670936,1.2952102681461631e-05,0.5828684598989107,1.401571080657687e-05,0.008421615968163366,2.6753041328168457e-06,0.008054786115332052,4.658380743650732e-06,,,,,,,,,0.014853844421661464,4.461797212549006e-06,0.001169518205396385,2.54595365798818e-06,0.0008740039938265886,1.5606762264446257e-06,,,,,,,,,,,hematite,,,,,,,,
LRa02_grain_30,0.3673835601873728,1.208485251806713e-05,0.5983064378969876,1.2610605009978154e-05,0.00027908009036454264,1.2739364709279616e-06,,,,,,,,,,,0.03403092182527506,4.218710383407981e-06,,,,,,,,,,,,,,,hematite,,,,,,,,
LRa02_grain_34,0.347952335019703,1.179178388224715e-05,0.5781285506534298,1.373455277622283e-05,0.005365251940862182,2.6976487039527003e-06,0.02185959084542671,4.613647921325394e-06,,,,,,,,,0.039895169309146654,4.501224665903263e-06,0.000613379048318724,1.257108575111024e-06,0.0009521594185131286,1.5741547834358407e-06,,,,,0.0052335637645998,1.5939902885769478e-06,,,,,hematite,,,,,,,,
LRa02_grain_37,0.34223064799719327,1.2835346798378756e-05,0.5856546695886241,1.4892581682434535e-05,0.009139951811009326,2.5610448136403374e-06,0.017083646151285218,4.588589187220567e-06,,,,,,,,,0.026597082580092437,4.259164352637313e-06,0.0005941465724422703,1.232562127303199e-06,0.00042045488177858457,1.5506749063649387e-06,,,,,,,,,,,hematite,,,0.01827940041757483,4.922176614543428e-06,,,,
LRa02_grain_38,0.3783744596498794,1.2999442150033165e-05,0.5866048472376371,1.409689832724408e-05,0.003219888278539629,1.364841327540864e-06,0.012081581321419753,4.551076765274782e-06,,,,,,,,,0.018714402862454155,4.522994153668996e-06,0.00047965701350055726,1.2471515320865713e-06,0.0005251636365694391,1.6051263666628497e-06,,,,,,,,,,,hematite,,,,,,,,
LRa02_grain_39,0.3932779712333266,1.2173188368373232e-05,0.603288843102143,1.2261430605233882e-05,,,,,,,,,,,,,0.0034331856645303614,2.1658861059576484e-06,,,,,,,,,,,,,,,hematite,,,,,,,,
LRa02_grain_41,0.31832638296348076,1.0640586169171171e-05,0.6625525204120483,1.1528598257470624e-05,,,0.0054608877832929255,4.364143574515836e-06,,,,,,,0.002379297093129009,1.8863517598144464e-06,0.011280911748049,4.142415927288151e-06,,,,,,,,,,,,,,,hematite,,,,,,,,
LRa02_grain_44,0.3860159991731216,1.2968021304790638e-05,0.5889088753895091,1.3568883196541546e-05,0.0014385166147460294,1.309053874370506e-06,0.00713979325014607,4.6222052171607645e-06,,,,,,,0.00111225042187432,2.019189872252889e-06,0.014210612520437343,4.367227812941758e-06,0.0004028199144934964,1.222368265847008e-06,0.0007711327156720201,1.535530811493748e-06,,,,,,,,,,,hematite,,,,,,,,
LRa02_grain_45,0.33818853003520294,1.1111025253565328e-05,0.6526278195642817,1.1368057859611018e-05,,,,,,,,,,,,,0.009183650400515338,2.2027306301751796e-06,,,,,,,,,,,,,,,hematite,,,,,,,,
LRa02_grain_46,0.38438432060016686,1.3278188539715318e-05,0.5840659342554735,1.4208589037811711e-05,0.004522990578618573,2.6526625116661415e-06,0.009304037146203968,4.710375947459091e-06,,,,,,,,,0.016273117056243194,4.4739154443904315e-06,0.0007520916210767915,1.2397247129675696e-06,0.0006975087422170482,1.5821566384260795e-06,,,,,,,,,,,hematite,,,,,,,,
LRa02_grain_47,0.3604287284430771,1.236353739413174e-05,0.5762464595639402,1.4120741455215932e-05,0.004471439328011404,2.5841738812031763e-06,0.014199762312506236,4.64640404416355e-06,,,,,0.0015066334324304205,2.3447605056324903e-06,,,0.02544249126841918,4.412908631550675e-06,0.00047284707943691335,1.2378080458562754e-06,0.0006876061509671899,1.5974651416765532e-06,,,,,0.00035290348349118655,1.6068172389458377e-06,,,,,hematite,,,0.016191128937720203,5.127185484037855e-06,,,,
LRa02_grain_49,0.35344610981314517,1.209817555033333e-05,0.5909598015123209,1.3443062330986536e-05,0.005690368836598893,2.5722541377195044e-06,0.013204594558046788,4.445664046657309e-06,,,,,,,,,0.022621549424722952,4.281399517861726e-06,0.0005293426764519635,1.2316636770630096e-06,0.0006717310025431431,1.4959117140725321e-06,,,,,,,,,,,hematite,,,0.01287650217617023,4.983025339601109e-06,,,,
LRa02_grain_50,0.3807684908752743,1.1732344323074151e-05,0.6121298644097768,1.1885477298637356e-05,0.0008820977666423316,1.2326457982525602e-06,,,,,,,,,,,0.005897169358043712,2.068092117586909e-06,,,0.00032237759026290756,1.5033746042482851e-06,,,,,,,,,,,hematite,,,,,,,,
LRa02_grain_51,0.3918162041763223,1.3437053709034331e-05,0.5778212773095984,1.437335499685493e-05,0.004703215764482753,2.7137587796024236e-06,0.008611267965571207,4.728838712187693e-06,,,,,,,,,0.015159789968448727,4.6251258480392106e-06,,,,,,,,,0.0018882448155765335,1.6543941909551725e-06,,,,,hematite,,,,,,,,
LRa02_grain_52,0.3921744941672931,1.3957488992765176e-05,0.5744381454092495,1.5080847135293555e-05,0.006819423921494161,2.7315184217564227e-06,0.009004409978289657,4.957437984815527e-06,,,,,,,,,0.016523154183570324,4.543173327328594e-06,0.0004979080912155444,1.3126030579714019e-06,0.0005424642488877638,1.6938896939553775e-06,,,,,,,,,,,hematite,,,,,,,,
LRa02_grain_53,0.33841543763216986,1.1150211840199867e-05,0.6531553132779441,1.1374050281366874e-05,,,,,,,,,,,0.0009660817252264143,1.9724942678468684e-06,0.0074631673646596945,2.1538416572705146e-06,,,,,,,,,,,,,,,hematite,,,,,,,,
LRa02_grain_56,0.3710368835536862,1.238062186228752e-05,0.5960368549648108,1.3249873823634378e-05,0.0029810089094910726,1.2996113365024263e-06,0.010580471190363512,4.56888897359377e-06,,,,,,,,,0.01766456579081688,4.355514914758177e-06,0.000668317608105642,1.2216174977470586e-06,0.0004231192122954796,1.5868648322375996e-06,,,,,0.0006087787704303791,1.5769185957388979e-06,,,,,hematite,,,,,,,,
LRa02_grain_58,0.3724814376592482,1.2052098872645186e-05,0.5980351526959575,1.3153365283678708e-05,0.004451141675804731,2.5115274187459876e-06,0.009604996221068392,4.3899632914884266e-06,,,,,,,,,0.01362279404930361,4.3076343458515515e-06,0.0013045390064523492,1.165751967815322e-06,0.000499938692165081,1.515700796251324e-06,,,,,,,,,,,hematite,,,,,,,,
LRa02_grain_59,0.3944176962887233,1.340225609910619e-05,0.5818620191820545,1.4278457161308605e-05,0.0030761617889265283,1.341476205837803e-06,0.0067532176945681,4.743482607441321e-06,,,,,,,,,0.011728799629563918,4.552605174637165e-06,0.0013774541939724928,1.2442688214525189e-06,0.0007846512221911916,1.6252972171924271e-06,,,,,,,,,,,hematite,,,,,,,,
LRa02_grain_60,0.3300614623117962,1.097100629049982e-05,0.6580246187369183,1.1425056171006977e-05,,,,,,,,,,,0.0007300674818561366,1.8646619581491498e-06,0.010459353851450942,4.198803820605505e-06,,,0.0007244976179784744,1.4633368665196392e-06,,,,,,,,,,,hematite,,,,,,,,
LRa02_grain_62,0.3879085292290704,1.3164175119231537e-05,0.584790464302473,1.3783807763001327e-05,,,,,,,,,,,,,0.026015800802929066,4.67185651246875e-06,0.0012852056655276844,1.3027448057815806e-06,,,,,,,,,,,,,hematite,,,,,,,,
LRa02_grain_63,0.37188267292679195,1.285487898071692e-05,0.5989225566207911,1.3582175472911935e-05,0.0056864750726638245,2.6218432950525987e-06,0.006936721090469145,4.702856642697528e-06,,,,,,,,,0.015016392009370586,4.4287033793100786e-06,0.0005357848893972256,1.2076430424265185e-06,0.0010193973905161789,1.5901205242872362e-06,,,,,,,,,,,hematite,,,,,,,,
LRa02_grain_64,0.3699990371815893,1.3492829730116414e-05,0.5908446044896133,1.4654990871773526e-05,0.00787769688200588,2.550487153512999e-06,0.004906475754652109,4.51257381868857e-06,,,,,,,0.005923599242296104,2.0209390172331975e-06,0.009674636086978196,4.412283235691887e-06,,,0.010339247567603549,1.5495438184014355e-06,,,,,0.0004347027952616516,1.5672244490506967e-06,,,,,hematite,,,,,,,,
LRa02_grain_65,0.3784429607044405,1.3322242029934958e-05,0.5701749616758013,1.4540492760209301e-05,0.002889256551379026,1.3449794218985457e-06,0.0123557855203377,4.849493333298214e-06,,,,,,,,,0.021208712697029942,4.432871959776923e-06,0.0008358612619243592,1.274838373185541e-06,0.0007986025067401189,1.6221681184557409e-06,,,,,0.00045355116899965786,1.6560559227797164e-06,,,,,hematite,,,0.012840307913347383,5.271083065105129e-06,,,,
LRa02_grain_66,0.37845960798623857,1.348135810506146e-05,0.5701738690195686,1.4774461216300862e-05,0.0028880297390366507,1.3450144299687242e-06,0.012356073606026755,4.678332842645554e-06,,,,,,,,,0.02120149961338391,4.517045747611802e-06,0.0008345905958746255,1.2721473157019469e-06,0.0007956123599024589,1.5855092572633238e-06,,,,,0.00045603715011305096,1.6698601016296664e-06,,,,,hematite,,,0.012834679929855354,5.210125866731277e-06,,,,
LRa02_grain_68,0.3484339566532518,1.1824536940855092e-05,0.582625827794487,1.3521010816660845e-05,0.006510985383246269,2.5241325487794444e-06,0.016320194494810196,4.563196372080877e-06,,,,,,,,,0.026282778181290628,4.3226709523478356e-06,,,0.0005937508643286519,1.5317696269284902e-06,,,,,0.0004331092770327852,1.587045635782039e-06,,,,,hematite,,,0.018799397351552644,4.989766765179022e-06,,,,
LRa02_grain_71,0.3634550875049659,1.2393186747348606e-05,0.618244378063896,1.2954333532559906e-05,0.0005812852967725623,1.588414427590694e-06,0.005902120944700675,3.5282966196312787e-06,,,,,0.0010244005526510442,2.0433809135474335e-06,,,0.010456063099053371,3.2848527649616897e-06,,,0.0003366645379604964,1.586760106422429e-06,,,,,,,,,,,hematite,,,,,,,,
LRa02_grain_72,0.35976718174995365,1.279723183410925e-05,0.6209293925664264,1.340470932351433e-05,0.0021705985551620896,1.718226974354361e-06,0.003519125878998878,3.504378434527907e-06,,,,,0.0009555288274792767,2.080183943270616e-06,,,0.01130702972619742,3.3780466383652907e-06,0.0006959990296326994,1.6486467604353758e-06,0.0006551436661495444,1.5827418329410668e-06,,,,,,,,,,,hematite,,,,,,,,
LRa02_grain_73,0.39983057138021605,1.3344386408852052e-05,0.5982524415546265,1.3354828250827885e-05,,,,,,,,,,,,,,,0.0019169870651574341,1.7887681873381572e-06,,,,,,,,,,,,,hematite,,,,,,,,
LRa02_grain_74,0.3810099434211394,1.35436266315083e-05,0.6100364358598083,1.3840153466566747e-05,0.00047012188631092704,1.6269285367553999e-06,0.0007440595980520363,3.3125712844897857e-06,,,,,,,,,0.007401704825844653,3.2257370641586815e-06,,,0.00033773440884467395,1.6128986740460776e-06,,,,,,,,,,,hematite,,,,,,,,
LRa02_grain_76,0.387696334317968,1.4067321540723146e-05,0.5945271732186541,1.4617269519844916e-05,0.0036369329521291197,1.9098639240833e-06,0.00316578458713314,3.6201329823672827e-06,,,,,,,,,0.0007367418399625709,2.856854910014232e-06,0.006364383336458264,2.1022891596797413e-06,0.00030042579053116543,1.679600863181248e-06,,,,,,,,,,,hematite,0.003572223957163498,2.0765179531601224e-06,,,,,,
LRa02_grain_77,0.3797702221912877,1.2678812449527296e-05,0.6095051664055998,1.3085715044417801e-05,0.0012621627371825514,1.6870008599072036e-06,0.0011544054865420233,3.3131892670788503e-06,,,,,,,,,0.007933113152496748,3.1617919871384376e-06,0.0003749300268911066,1.6427166379496938e-06,,,,,,,,,,,,,hematite,,,,,,,,
LRa02_grain_78,0.32971005845242346,1.1745142091659746e-05,0.6503200552808593,1.2549709929814272e-05,0.0026186979580854965,1.6486089705586118e-06,0.005269802800527356,3.3928117551212523e-06,,,,,0.000982845448852168,1.9070066945822547e-06,,,0.009849894836889332,3.1511546751733237e-06,0.000683674594261314,1.5249174323512243e-06,0.0005649706281014983,1.4930139792808093e-06,,,,,,,,,,,hematite,,,,,,,,
LRa02_grain_79,0.35529750193687004,1.2907726547655733e-05,0.6201427672690036,1.3563541737416549e-05,0.007261408860957806,2.0246364194336666e-06,0.005062489472141953,3.6045972445104508e-06,,,,,0.0010998913008259646,2.0193363036263148e-06,,,0.010158809843478462,3.1969989192618366e-06,0.00031738783807432774,1.6319925005948538e-06,0.00065974347864781,1.6024563437409531e-06,,,,,,,,,,,hematite,,,,,,,,
LRa02_grain_80,0.3799223807568812,1.26284819467345e-05,0.6137361441304152,1.299068667980298e-05,,,0.0009058648194759076,3.2836754931688543e-06,,,,,,,,,0.005435610293227638,3.0472274006920663e-06,,,,,,,,,,,,,,,hematite,,,,,,,,
LRa02_grain_89,0.34552948125701216,1.2364782005442063e-05,0.6350162958577249,1.3090829710180703e-05,0.0007655655033245999,1.5493425675299945e-06,0.0032237397450814304,3.296414555073278e-06,,,,,0.0016099112586124829,2.063303078803471e-06,0.00037136680251984017,2.2123055768416537e-06,0.01099672008145014,3.3290914312153145e-06,0.0011333694238504473,1.6178956345823426e-06,0.000916845918471557,1.5862797433770549e-06,,,,,,,,,0.00043670415195225845,1.9314510188531507e-06,hematite,,,,,,,,
LRa02_grain_90,0.3498786615916343,1.3259033886166538e-05,0.6146370826199831,1.4541719368276905e-05,0.006367799579579282,1.9920178172636956e-06,0.009321476703124328,3.88355331245283e-06,,,,,0.0011607156373669503,2.1085891989371734e-06,,,0.01719048022815491,3.7996819876812066e-06,0.0004722119167211692,1.7394238080270633e-06,0.0009715717234359272,1.6898403182006859e-06,,,,,,,,,,,hematite,,,,,,,,
LRa02_grain_91,0.3713395005800958,1.2425139438233873e-05,0.6206723208325038,1.2790045080760906e-05,0.002428944719420719,1.7306172182675114e-06,0.0016929318864632693,3.3633864655160093e-06,,,,,,,,,0.0038663019815164896,2.8484744731425107e-06,,,,,,,,,,,,,,,hematite,,,,,,,,
LRa02_grain_92,0.3384923339404667,1.3145776511499781e-05,0.5994519106656816,1.5244219307316746e-05,0.008010321619210083,2.1611956625897457e-06,0.014946994524305148,4.423072951500365e-06,,,,,0.0013897828403542582,2.144813847753041e-06,,,0.021893891775806366,4.0812151505876826e-06,0.0005860249480097748,1.6960674717454987e-06,0.0006642867451281812,1.7064283932472098e-06,,,,,0.0013280129853048557,1.7626930873247932e-06,,,,,hematite,,,0.013236439955733073,5.2968030188001094e-06,,,,
LRa02_grain_93,0.3342773219998651,1.1490387156094276e-05,0.6404031045309712,1.2327781354436834e-05,,,0.005714745384571419,3.4568250492296643e-06,,,,,0.0010905495774206735,1.9546693129788916e-06,,,0.01770891634417346,3.514792480260955e-06,,,0.0008053621629982212,1.5370758153644644e-06,,,,,,,,,,,hematite,,,,,,,,
LRa02_grain_95,0.33473656321051803,1.229230978430327e-05,0.6216615319916083,1.3725651688853878e-05,0.0050514538455471575,1.8874248082710697e-06,0.010048106905897846,3.8062550498159737e-06,,,,,0.001061379404062847,2.0237981290085905e-06,,,0.01576678088343052,3.5361461797752175e-06,0.00035098736649753597,1.5929327320542196e-06,0.0003607602487297514,1.5649972380070185e-06,,,,,,,,,,,hematite,,,0.010962436143707979,5.2271444622550925e-06,,,,
LRa02_grain_94,0.3951166045078072,1.3496215688449039e-05,0.5971172651866214,1.3811332724381935e-05,0.0022033579536515856,1.8577428327378779e-06,0.0011467332468662688,3.387237268515823e-06,,,,,,,,,0.004416039105053563,3.0822646880175966e-06,,,,,,,,,,,,,,,hematite,,,,,,,,
LRa02_grain_96,0.35867115812563405,1.3103397068051075e-05,0.6230084091931642,1.3743610577672026e-05,0.003752579658105829,1.8497306977800228e-06,0.0014991031617011441,3.320854324955575e-06,,,,,,,,,0.010748847155617018,3.315196876151178e-06,,,0.0007972446711553114,1.686705316769155e-06,,,,,,,,,0.001522658034622513,2.1938113493833697e-06,hematite,,,,,,,,
LRa02_grain_97,0.3672064908463945,1.3407869041494897e-05,0.6026208447774773,1.4484036590739452e-05,0.006217295575769974,2.043461988587546e-06,0.00876375431733523,3.8886114177404946e-06,,,,,0.000997193053319734,2.1375993872047593e-06,,,0.012981163278731757,3.5643388208799555e-06,0.0006021339244166435,1.7574644375235462e-06,0.0006111242265548152,1.668043479872915e-06,,,,,,,,,,,hematite,,,,,,,,
LRa02_grain_99,0.37905940258823495,1.3739427596436359e-05,0.5886710997980937,1.4919293830653348e-05,0.005455378068445109,2.092559554846776e-06,0.008818854405056031,3.928556140323779e-06,,,,,0.0009000066002310957,2.193716012888876e-06,,,0.01509317667713091,3.646309079385556e-06,0.0006638597727386695,1.7773347223154197e-06,0.0006005972428760906,1.735483415261348e-06,,,,,0.0007376248471934338,1.7492286406317998e-06,,,,,hematite,,,,,,,,
LRa02_grain_100,0.3839309920753897,1.2825893511380817e-05,0.6095320264058789,1.2998119846353195e-05,,,,,,,,,,,,,0.006536981518731349,3.1735432213122707e-06,,,,,,,,,,,,,,,hematite,,,,,,,,
LRa02_grain_102,0.32998511988037904,1.2290804275135255e-05,0.6216703743826694,1.4036165938480319e-05,0.0040819731136446874,1.8031875672042909e-06,0.011306618713558635,3.8614107863605e-06,,,,,0.0010019531792485317,1.985302496023361e-06,,,0.019146894835777105,3.7492511917898556e-06,0.0004417500282345152,1.5807287223427599e-06,0.0004880525870635302,1.5810321475433234e-06,,,,,,,,,,,hematite,,,0.011877263279424578,5.070712078501874e-06,,,,
LRa02_grain_103,0.3352933225514853,1.2555963069657901e-05,0.6031398629337393,1.486815930844579e-05,0.005334132675753743,1.971472989992589e-06,0.014161384359182403,4.077164889232793e-06,,,,,0.001640222653886368,2.110718664327618e-06,,,0.02401475430993778,4.001377196175482e-06,0.00041554950050530634,1.6807912813378544e-06,0.0007053907906965057,1.638606660850103e-06,,,,,,,,,,,hematite,,,0.015295380224813304,5.215925296237926e-06,,,,
BRe_grain_96,0.3552625606681281,1.2656905739618097e-05,0.6225001163161537,1.3574716614359212e-05,0.0003950460376626985,1.5996618461922475e-06,0.0053060742948305125,3.501340471400871e-06,,,,,0.0025002844991791717,2.2024445546214858e-06,0.00045860385102729353,2.2900127397174545e-06,0.01068987734328483,3.3368973570259313e-06,0.000328348472438362,1.628987225990298e-06,0.0017905153886232904,1.728576810167728e-06,,,,,,,,,,,hematite,0.0007685731286720421,1.7631337575243395e-06,,,,,,
BRe_grain_100,0.34717963423460546,1.3254598198839385e-05,0.6139667107033959,1.452512609818756e-05,0.011272711894620542,2.2325633875099675e-06,0.004205376981009574,3.4140512900746996e-06,,,,,0.0006803567780025297,2.0440534678589544e-06,,,0.012601578078327109,3.3955158025897097e-06,0.003068663682302946,1.9260957558440294e-06,0.007024967647735969,2.035421130237335e-06,,,,,,,,,,,hematite,,,,,,,,
BRe_grain_101,0.3509303812458469,1.3626837672312636e-05,0.6057358193733106,1.483583110543799e-05,0.012549891361885737,2.355332345831402e-06,0.003427975303518913,3.2697767342177037e-06,,,,,,,,,0.014083366936074336,3.4225700835636907e-06,0.0019603249966159875,1.8904986654785267e-06,0.010979839081045585,2.275622257733189e-06,,,,,0.0003324017017019324,1.6945003055918937e-06,,,,,hematite,,,,,,,,
BRe_grain_102,0.378043277347986,1.3213911213290457e-05,0.6145624058563869,1.3588150799143022e-05,8.701877587327275e-05,1.3529570715366507e-06,0.0004315124652119597,3.173667450483804e-06,,,,,,,,,0.0066710888039377865,3.017794741043709e-06,7.620017905025918e-05,1.2553399031809162e-06,0.00012849657155377913,1.4651946415650746e-06,,,,,,,,,,,hematite,,,,,,,,
BRe_grain_103,0.3292033726609495,1.3011433112319436e-05,0.6243531768277414,1.474885031406775e-05,0.02901909036185674,3.0431451862091904e-06,0.007876222298233638,3.5802527171714727e-06,,,,,0.0016551777963362655,2.047793600256376e-06,,,0.00535391349425511,2.8145733049343276e-06,0.000864673438892375,1.9023623996975315e-06,0.0016743731217349297,1.6333303561880872e-06,,,,,,,,,,,hematite,,,,,,,,
BRe_grain_105,0.3650945348268916,1.4092930543886781e-05,0.602013120660282,1.527008156250584e-05,0.015815763839241624,2.6151993618678315e-06,0.003933370300086652,3.4314855641743023e-06,,,,,,,,,0.0062276866005907235,3.0866282959008725e-06,0.004838089007066166,2.1319228849035244e-06,0.0020774347658412554,1.7708913066369024e-06,,,,,,,,,,,hematite,,,,,,,,
BRe_grain_108,0.33822438281043543,1.3331486046815327e-05,0.617583110652893,1.4769226043439309e-05,0.02143697107319691,2.767092898489025e-06,0.00839057562596013,3.662496133550729e-06,,,,,0.0012513771634350777,2.0354963426363927e-06,,,0.004858870344122813,2.916774832796846e-06,0.005031777165869281,2.0754862154439617e-06,0.0032229351640874586,1.8274256731436374e-06,,,,,,,,,,,hematite,,,,,,,,
BRe_grain_109,0.338840172436912,1.3046056344924711e-05,0.6212794796172713,1.4231414630169969e-05,0.02160639537396258,2.7023084211522172e-06,0.012317470046578582,3.7605681825426555e-06,,,,,,,,,0.0009797340919479897,2.497862879058422e-06,0.004976748433327525,2.028355940106863e-06,,,,,,,,,,,,,hematite,,,,,,,,
BRc02_grain_94,0.35774972121857535,1.2593664384854013e-05,0.6196214867820231,1.3247855215487973e-05,0.0016940746759973877,1.6621629360131692e-06,0.002566488172224051,3.2917848183665757e-06,,,,,,,,,0.016864399985448954,3.569296510080107e-06,0.00028511294867211614,1.6142128592543857e-06,0.0012187162170590109,1.6279812934381993e-06,,,,,,,,,,,hematite,,,,,,,,
BRc02_grain_100,0.3577783641641086,1.22966229203451e-05,0.6370383414518516,1.2542754997078581e-05,0.0006933826009179078,1.5744130897004432e-06,0.002251400268015893,3.3226256279070635e-06,,,,,,,,,0.001798685673960552,2.6887944042275453e-06,0.0004398258411454711,1.5341158064794975e-06,,,,,,,,,,,,,hematite,,,,,,,,
