Grain,Al,Al_se,Ca,Ca_se,Cl,Cl_se,Fe,Fe_se,K,K_se,Mg,Mg_se,Mn,Mn_se,Nb,Nb_se,O,O_se,P,P_se,S,S_se,Si,Si_se,Sr,Sr_se,Ti,Ti_se,V,V_se,W,W_se,Zn,Zn_se,Ba,Ba_se,Cr,Cr_se,Ni,Ni_se
BRc02_grain_01,,,,,0.03149560404034973,0.00014075912138573402,14.869211079000817,0.0009946941193515538,,,,,0.2281036167069935,0.0001897438777834385,,,64.37996374351243,0.0020805584801824486,,,,,0.08950312015294067,0.00018168503635046957,,,20.401722836586472,0.0012506408162946217,,,,,,,,,,,,
BRc02_grain_02,,,,,,,38.24771826200334,0.0012436537264530131,,,,,0.07038409071663286,0.00019848778787923057,,,61.3010068737514,0.001260093885391834,,,,,0.38089077352863104,0.0001861901284428512,,,,,,,,,,,,,,,,
BRc02_grain_03,,,,,,,37.499396154209656,0.0012528389956665365,,,,,,,,,60.31611696141276,0.0013103974226209678,,,,,1.936912259274275,0.00039099859896344784,,,0.24757462510330855,0.00011370009922177485,,,,,,,,,,,,
BRc02_grain_04,0.06980465064416608,0.0004218671205567741,0.03906331775171889,0.00014229124106512078,,,40.03677523136862,0.0013233800656684445,,,,,,,,,59.56501028219504,0.0013282435931490772,,,,,0.14509466133689705,0.00020365150220195415,,,0.14425185670355045,0.00011879157508226518,,,,,,,,,,,,
BRc02_grain_05,0.43610550220430055,0.0004102925732612065,0.04501472264694327,0.00013609938491034206,,,36.23960362343765,0.0011984993648879092,0.046281267047030734,0.00013940199227843375,,,,,,,60.817445765012124,0.0012887305624604366,,,,,0.9228183233394719,0.0003877255180363914,,,1.4927307963124632,0.00023283027661938124,,,,,,,,,,,,
BRc02_grain_06,0.0556454516280948,0.00040795466886725377,,,,,38.59064336648829,0.0012666097821228293,,,,,,,,,60.94764360035641,0.0012912547939248277,,,,,0.4060675815272015,0.0001901376801123424,,,,,,,,,,,,,,,,
BRc02_grain_07,,,0.04664978537521999,0.00014028531777028947,,,39.21943269901626,0.0012875539107816503,,,,,,,,,59.968090561846864,0.0013138527142233332,,,,,0.7204574097972245,0.00040287422772506987,,,0.045369543964430846,0.00011592673284494479,,,,,,,,,,,,
BRc02_grain_08,0.6000327376548867,0.0003911313913400312,0.05860474119721316,0.00013459411998807477,,,30.725196826951063,0.0013317315956554083,,,1.9364429536130767,0.0004433815244977313,0.12854241888696438,0.00019953193547540815,,,60.31921868999818,0.001650938318575324,,,,,0.38755961217745494,0.0001914236769547739,,,5.580894813852248,0.00038697921110478493,0.1559033015959564,0.0002084001249751541,,,,,,,0.10760390407296223,0.00020345166279236586,,
BRc02_grain_09,0.535835185824764,0.00039457030750805863,0.08644243959811185,0.00012991873663914034,,,30.658930231860694,0.0010744758119241482,,,,,0.38884038578054714,0.00019356117962925225,,,66.87758958469419,0.0011616524605760797,0.04646611946572851,0.00016857831224680533,,,1.2129508160007627,0.0003716988870220198,,,0.19294523677519942,0.00010999032709354224,,,,,,,,,,,,
BRc02_grain_10,0.15003118014386949,0.00038091434979879203,0.02891076649332107,0.00013184867601834845,,,36.774967379521954,0.0011747706777858738,,,,,,,,,62.44300021713075,0.001232104151595982,,,,,0.42208897455158795,0.0003786296431107984,,,0.1810014821585187,0.00011128659647274048,,,,,,,,,,,,
BRc02_grain_100,0.22574519865962142,0.0003328662004296619,,,,,35.778661011129934,0.0012367359588499112,,,,,,,,,63.70222662447161,0.0012610918863980216,,,,,0.17985909277869597,0.00026786987902723377,,,0.0696482406625568,0.00015485647964188302,0.043859832297579754,0.0001528283491036866,,,,,,,,,,
BRc02_grain_11,0.45509363898270544,0.00038453309559487853,0.05837544121976118,0.0001363198821555443,,,33.99126846412021,0.0012291393720938637,,,1.8517307107605445,0.00043330946157932565,0.4146758601351244,0.0001993802445813321,,,60.99720367002169,0.0013960629640820939,,,,,0.08330026391472144,0.00019152743515161048,,,2.1483519508452344,0.00022650572122151608,,,,,,,,,,,,
BRc02_grain_12,0.8335125051557061,0.00033791133192191317,0.17471514992700568,0.00011385527886916058,,,24.28418126295037,0.0010458280516758057,0.031614026091113946,0.00011611907102782124,,,0.18180472163814565,0.00016712417622027532,,,67.0887171371313,0.0013589924633272555,,,,,0.4181975562891852,0.00016403364458444973,,,6.771428584874125,0.0004415866464961982,0.21582905594305224,0.00017961949828676252,,,,,,,,,,
BRc02_grain_13,1.5746322668354347,0.0003842927716816275,0.11532795372151798,0.0001327912027802375,,,29.78004340790601,0.0010626820783327243,0.07385667565513841,0.00013310250312392302,,,0.18945639389529118,0.0001884732418165595,,,66.2989298298198,0.001176206751544775,,,,,1.7291420284450358,0.000374776395421635,,,0.19325972719501797,0.00011047589961530799,0.045351716526749394,0.00010475087671978287,,,,,,,,,,
BRc02_grain_14,0.48748246272470414,0.0004207183245090984,0.10676757981228802,0.0001385887448564215,,,36.6985884704362,0.0012706824140902879,,,,,0.20036252741482888,0.00020640660303015968,,,61.1536473424538,0.001345021835632698,0.08901610302642432,0.00017950599308122554,,,1.0888530124519917,0.00039614489833639076,,,0.12129536267933086,0.00011687260135241599,0.053987139000444835,0.0001075072018492531,,,,,,,,,,
BRc02_grain_15,0.7727040545497322,0.0004093415563235504,0.07003905831671202,0.00013907738499290925,,,37.92471231099202,0.0012493336525560368,,,,,0.11879927914209808,0.00020788396137825661,,,59.436651665983284,0.0013338959763690744,,,,,1.316838735214524,0.0003991149857236874,,,0.3115210989417042,0.0002337185235844017,0.04873379685992738,0.0001109998690965551,,,,,,,,,,
BRc02_grain_16,1.8930309162678627,0.0003241479579265538,0.14285888291770354,0.0001090937726047136,,,23.91193513915912,0.0008049569824173965,,,,,0.23033014386243203,0.0001601087906308047,,,70.82606867828815,0.0009235101938448794,,,,,2.711331508484066,0.00030867215700335873,,,0.2095143917229297,9.23818630220862e-05,0.07493033929773338,8.52336144470922e-05,,,,,,,,,,
BRc02_grain_17,0.15784843101078677,0.00041148410897804354,,,,,38.5219592836324,0.0012329280604930683,,,,,,,,,60.58207305538312,0.001274850301721741,,,,,0.6936225789495002,0.00038141725325570677,,,0.044496651024198995,0.00011919737358810207,,,,,,,,,,,,
BRc02_grain_18,0.20667229219840919,0.0004163075625332858,0.06182395610952442,0.0001425612753812491,,,39.1247583129174,0.0012990579617529626,,,,,,,,,59.85854807566206,0.0013599383901296619,,,,,0.5952273836318147,0.0004081945164913911,,,0.11650515352370351,0.00011845582089464156,0.0364648259571037,0.00011352103863599832,,,,,,,,,,
BRc02_grain_19,0.8281140961055363,0.0004091058145840227,1.1448733542787688,0.00027707980423402384,,,33.603581124541094,0.0012428715686602866,0.07703233545774842,0.00014244875951939458,,,0.10987017920119906,0.000195384508737835,,,60.16203661728128,0.0014275741233316188,,,,,2.3209925890368845,0.0004058038157794596,,,1.6705263498168013,0.0002305466208671812,0.08297335428069116,0.00022262051433433115,,,,,,,,,,
BRc02_grain_20,0.7002581349434363,0.0004084261564730128,0.12954898759486116,0.00013720680548428456,,,36.33369704066414,0.0012099066295658265,0.031354576477136,0.00014136947164943253,,,0.10005764389147012,0.00020375023328304695,,,59.91525719641698,0.0013144915074003783,,,,,1.444323800449087,0.0003948359381244409,,,1.2614844481980934,0.0002276146208378381,0.08401817136478765,0.00021623688874841473,,,,,,,,,,
BRc02_grain_21,0.8489374677281987,0.0004208886494249637,0.03859616154991145,0.00014398867774105252,,,32.43616199884174,0.0011640881267776352,,,,,0.10752037528145204,0.00020628315912090886,,,64.80790966180237,0.0012690547385139832,0.33024902631410624,0.00018348594579774814,,,1.3787826485920271,0.0003948537498449283,,,0.0518426598901879,0.00011735560545461452,,,,,,,,,,,,
BRc02_grain_22,0.478327612353494,0.0004098104760269303,0.04506258045205104,0.00013768752222120736,,,37.60690150141166,0.0012079470300715045,0.030802871324049835,0.0001425745240707686,,,0.10408804231724787,0.00020164804259095273,,,60.737494465309105,0.0012807781850697436,,,,,0.5669063276052173,0.000199300321114933,,,0.3951083437218251,0.00023073154642772959,0.035308255505358245,0.00010840451916219244,,,,,,,,,,
BRc02_grain_23,0.32610068609883813,0.0003809049943170116,0.0568286809432096,0.0001288321850772526,,,30.567287251160035,0.001026470101346969,,,,,0.11855636399849734,0.00018980520260735695,,,67.78191931733197,0.0011101140324846557,0.41208824869734073,0.00016852849649977566,,,0.737219451770122,0.0003637035686551,,,,,,,,,,,,,,,,
BRc02_grain_24,1.4285852627347262,0.00040535302643134285,0.06889205807223571,0.00013930406044544076,,,35.12050383906517,0.0012307442529799343,0.0624093091506815,0.00014343620702303225,1.6998544060259073,0.00045842853997388834,0.1228689269403885,0.0002017340228085671,,,58.590577919968,0.0014292329063364552,,,,,2.2000146787777397,0.0004063836142421908,,,0.6585505192905082,0.00023615697158868714,0.04774307997463425,0.00021943691818902011,,,,,,,,,,
BRc02_grain_25,0.785894391560125,0.0003786405167641173,0.07672281723343691,0.00012598432525804656,0.0236516023912794,0.00014487003971385152,32.090640923316464,0.0010560435524559347,0.0498571601264987,0.0001306174272665327,,,0.2641131951607932,0.00018372385345533402,,,63.87460975122987,0.0011778939462151253,,,0.03478739363328352,0.00015977636208907602,2.4263181425919713,0.00036386829745057724,,,0.3734046227562801,0.0002128963056894745,,,,,,,,,,,,
BRc02_grain_26,0.5474741969500767,0.00039773642307763205,0.051498062300236534,0.00013505527145083978,,,32.027201029583146,0.0012190157875825063,,,2.4801587621083683,0.0006571679542845339,0.13948264162614682,0.000194937276394527,,,60.51920471970931,0.0014320472234102843,,,,,0.21005513793158248,0.00018922638320976022,,,2.826543955691407,0.0002420214577574794,,,,,,,,,1.1983814940997197,0.00020979014522618176,,
BRc02_grain_27,,,,,,,37.81170731300034,0.0012192864026399225,,,,,,,,,60.241781391497106,0.0012627786699261183,,,,,,,,,1.946511295502545,0.00023569991679670997,,,,,,,,,,,,
BRc02_grain_28,0.08165413496340032,0.0004212451846010676,,,,,40.61199217439151,0.0013698889850390422,,,,,,,,,59.18478004351171,0.0013838463637438098,,,,,0.07826226494973516,0.000202595678603948,,,,,0.04331138218363925,0.00011113345491686833,,,,,,,,,,
BRc02_grain_29,0.6313931639550725,0.0003971448300603867,0.20917409691809083,0.00013141640839911078,,,27.614925160025027,0.0012706035042742995,,,,,0.11021608201729798,0.00019211793770059152,,,62.547926278850355,0.001633141246585836,0.074338092324828,0.00017112663783335524,,,0.4219136925973315,0.0001880796631832553,,,8.010541127582089,0.0005279993200290056,0.37957230572990913,0.00020493284275276637,,,,,,,,,,
BRc02_grain_30,0.5222989070864794,0.000431062066311577,0.04789457447589184,0.00014361485675801585,,,39.093441584218084,0.0013524577579988497,,,,,0.1343198577955617,0.00021136226363364545,,,58.639562005103976,0.0014240701083421882,,,,,1.0046559983394747,0.00041539182096920503,,,0.48853661484072397,0.00024150121812359056,0.06929045813980853,0.00022661049346706216,,,,,,,,,,
BRc02_grain_31,0.12222101699079792,0.000404734197890097,0.03772429411625581,0.0001391839047445535,,,38.2407475257767,0.0012165590192747527,,,,,,,,,60.97386012124043,0.001261464302217586,,,,,0.37447159968875177,0.0001931649028432495,,,0.2509754421870675,0.00011589016892495094,,,,,,,,,,,,
BRc02_grain_32,0.7168338143424438,0.00039850549182205726,0.06580795008671815,0.00013308798001532483,,,35.337374774610495,0.0011736256915306283,0.05232302372047902,0.0001375239452945872,,,0.10679967927536783,0.00019723578946794808,,,61.63482293940032,0.0012602158118805648,,,,,1.4517843943130433,0.00038109731745214725,,,0.5822254177148297,0.00021824014940944786,0.05202800653628805,0.00020883067532308277,,,,,,,,,,
BRc02_grain_33,,,0.02695008404208309,0.0001238984348999569,,,15.628620820871147,0.0010248165498812185,,,,,0.6203337269821664,0.0001801134272936906,,,64.29100047432621,0.0020078384943149775,,,,,,,,,19.433094893778392,0.0011644871751230192,,,,,,,,,,,,
BRc02_grain_34,0.057793742329006526,0.0004097166824095416,,,,,39.610193033424814,0.0012381201911687738,,,,,,,,,59.87416678243335,0.0012765464745916302,,,,,0.42769587295881556,0.00019631730804688802,,,,,0.03015056885401076,0.00011150719677605559,,,,,,,,,,
BRc02_grain_35,0.4425127613806963,0.0004192308741937656,0.06110881140482627,0.00014108042615522124,,,37.75344204883845,0.0012449642137828155,,,,,,,,,60.23222189631085,0.0013000259206602481,,,,,1.3075928867145954,0.0003960008476331245,,,0.08305707106056047,0.00011551621335250699,0.1200645242900221,0.00022340626401583827,,,,,,,,,,
BRc02_grain_36,0.5496590352424543,0.00041281461867458157,0.03844481143709742,0.00014315472677142445,,,38.82097457707103,0.0012894013025905485,,,,,,,,,59.6736450033532,0.0013564834264795864,,,,,0.682722595529937,0.0003946153820991724,,,0.06452650505449437,0.00011684649347232416,0.17002747231178647,0.00021976303096149765,,,,,,,,,,
BRc02_grain_37,0.12023938720230787,0.00039594911899444476,0.04415260581577087,0.00013428984312605836,,,37.017913894251826,0.0012238565350687822,,,,,,,,,61.59010035343566,0.0012708402313861011,,,,,0.2938434754572551,0.00019065387962062652,,,0.6095502214348677,0.000222383807405238,0.3242000624023157,0.00021083754578373826,,,,,,,,,,
BRc02_grain_38,1.8312544809678244,0.000389550345387101,0.06477523931944702,0.00013313742282447711,,,29.653366084284304,0.001288253934013195,,,,,0.14684063477667242,0.0001910473384376773,,,62.31795591579703,0.0015480151843188796,,,,,0.18536810623282104,0.00018969190984498995,,,5.397324449733869,0.00037394268002546746,0.4031150888880303,0.00021032977227388006,,,,,,,,,,
BRc02_grain_39,0.057466961024441675,0.00017543989039124427,0.032178992400966236,0.0001169549572162066,,,12.275690627477449,0.0009527537226444012,,,0.5112280439473234,0.0003928087415972367,0.4189631581460902,0.0001740649324493187,,,66.49009996912002,0.002231676967739659,,,,,0.11997383077517677,0.00016939974348275993,,,19.880746465751212,0.0013533905187751672,0.21365195135731505,0.00027698542544484964,,,,,,,,,,
BRc02_grain_40,,,,,,,15.41281458374505,0.000973706039141288,,,,,,,,,66.74449117536827,0.0017614461473114097,,,,,0.06400447946027005,0.0001675710227342035,,,17.77868976142641,0.0010090102471774173,,,,,,,,,,,,
BRc02_grain_41,0.546460613622052,0.00036272549161652906,0.456569214461901,0.00012649163344992097,,,27.059923226596656,0.001196803916681517,,,,,0.283451648971578,0.00017928517304849605,,,64.20350028331828,0.00154086324307357,0.07053311640946443,0.0001564373937003806,,,0.8165906846475243,0.00036038569214825447,,,6.187857050425992,0.0004514314463229754,0.3751141615465607,0.00020140917770730942,,,,,,,,,,
BRc02_grain_42,0.3602228202502878,0.00044208319279226893,0.04847522686498585,0.00014382445449810272,,,40.08141006123844,0.0013687413092897988,,,,,,,,,58.23593544008606,0.0014346960418857272,,,,,0.7601034261464138,0.0004234447528733895,,,0.40563207220346115,0.0002499265309941511,0.10822095321035216,0.00023231275990182287,,,,,,,,,,
BRc02_grain_43,0.8600141697589705,0.00039964837426130793,0.06751359607486479,0.00013665716458112793,,,34.168624393335534,0.0012693779994389382,0.03076507316647876,0.00013923320957257975,,,0.17573411058937485,0.0001998691262914319,,,60.570854037316515,0.0014319391969816802,,,,,0.6546446736944538,0.0001933886260618941,,,3.022176580892883,0.00034823662098341695,0.4496733651709331,0.00021177688466802333,,,,,,,,,,
BRc02_grain_44,0.4010716126556171,0.0004443551139911104,0.049152308517785466,0.0001506168666436337,,,40.48194040404088,0.0013849874863320632,,,,,,,,,57.88604463471228,0.0014684824291140318,,,,,1.028351230023488,0.000425966720313466,,,0.08910012546749257,0.00012823225886540095,0.0643396845824713,0.00011722566592870209,,,,,,,,,,
BRc02_grain_45,1.7377480754078682,0.0003885944331424927,0.021668062896887212,0.000134545636495575,,,29.20907862806692,0.0012304890937424049,,,,,0.15823956534258518,0.00019135034377577837,,,62.063222508740715,0.001526666110900293,,,,,0.08290205452652279,0.00018985059557654073,,,6.192973466422959,0.000382594136546872,0.5341676385955476,0.00021028235801466685,,,,,,,,,,
BRc02_grain_46,0.1503295213188477,0.00041924443435740187,,,,,38.91935666200265,0.001281591888832426,,,,,,,,,60.11315306167494,0.001326890939358218,,,,,0.7651842468496398,0.0004005263698612259,,,0.051976508153921144,0.00011855943407094737,,,,,,,,,,,,
BRc02_grain_47,0.10474240592599994,0.00021262922210135745,,,,,39.92576612497088,0.0011785939199210776,,,,,,,,,59.594853726844875,0.0012042810850003798,,,,,0.3353045540356527,0.000202134276568289,,,0.0393331882225902,0.00012052439146946947,,,,,,,,,,,,
BRc02_grain_48,1.3426888434538162,0.00040125104839548373,0.0448643624506387,0.00013931905019515448,,,35.204306112409846,0.0011651234518968744,0.09955288183504732,0.00013925611877724573,,,0.0925274265106871,0.00019805951115945848,,,60.74553546225988,0.0012729517696135587,,,,,2.1103561904029826,0.00038735029122374435,,,0.3190415672191621,0.00022711105919006057,0.04112715345794044,0.000107831361079503,,,,,,,,,,
BRc02_grain_49,0.7322582138675523,0.0004153360640733763,0.09859549333203568,0.00013725091523909158,,,36.37598039009022,0.0012094175178972034,0.046460580349783974,0.00014073236114687813,,,0.23237739494583365,0.00019956486860451793,,,60.47517820883096,0.001289690970368078,,,,,1.4613153084410004,0.0003945156346596272,,,0.5778344101426114,0.0002310770141332105,,,,,,,,,,,,
BRc02_grain_50,0.7344160309078612,0.0004227554700429492,0.09864754212108688,0.00013686015975052725,,,36.449411601209974,0.00121255418510177,,,,,0.23288540366716853,0.0002000568179560817,,,60.43152995396825,0.0013154136653154781,,,,,1.4740555760541219,0.0003939005606028119,,,0.5790538920715248,0.00022721173828301906,,,,,,,,,,,,
BRc02_grain_51,0.5218846093007699,0.00036446645364806196,0.03428782838930203,0.0001260030271271012,,,26.403787495713853,0.0012760254540523045,,,,,0.3666318282374133,0.0001854888201594923,,,63.86022256072138,0.0016571195684007814,,,,,0.25555218325944595,0.00017639967774924167,,,8.152029813260011,0.0005234164762078286,0.3090340168406499,0.00019780044743872302,,,0.09656966427717328,0.0003079527528695089,,,,,,
BRc02_grain_52,1.5819800768032122,0.000419056602754135,0.04649757545749075,0.0001416835271762205,,,36.63930274461088,0.0013686127792752216,,,,,,,,,59.47579821678522,0.0014792319512316977,,,,,0.0884074214752293,0.00020460265720707063,,,1.5689308527927672,0.00023695182699278873,0.599083112075198,0.00022282237539127757,,,,,,,,,,
BRc02_grain_53,0.15944161307413895,0.0004182260650660811,,,,,38.609892198892865,0.0012671529923360637,,,,,,,,,60.31274477443246,0.0013085588695046294,,,,,0.46950757609192945,0.0001983939255908649,,,0.44841383750861136,0.00023486157821407845,,,,,,,,,,,,
BRc02_grain_54,0.9961901895268376,0.0004089941737449663,0.0525669173331751,0.0001389300103565443,,,34.70636400503708,0.0012647845386127652,0.03040540428363998,0.00014159328898284487,,,0.17043902411129624,0.00020096210405558414,,,60.476509072034226,0.0014202651668073765,,,,,0.7420726146635742,0.00039089137202167766,,,2.4992209358889808,0.0002364072860515649,0.3262318371211849,0.0002185136088007321,,,,,,,,,,
BRc02_grain_55,0.34745840706299275,0.0004042083993051894,0.03785365567855068,0.0001356018657370027,,,37.685507378313496,0.001241562968539932,0.0385868138796774,0.00014233099204733626,,,,,,,60.793478185354644,0.0012980124824633168,,,,,0.689403352504646,0.00039317944238120655,,,0.3542210181827442,0.00023165107359420873,0.0534911890232613,0.00011083536021645099,,,,,,,,,,
BRc02_grain_56,0.37908495902505623,0.00036230896192668586,0.08078394317332108,0.00012477551092073352,,,25.86702384968961,0.0011915549191231054,0.027678828790468145,0.00012450329753634955,,,0.2843443200550869,0.0001752758384009174,,,64.83758862221809,0.0015433237762778574,,,,,0.3643575065002427,0.00017757135886267936,,,7.799412827694165,0.000483641793871955,0.35972514285396784,0.00019365454502859384,,,,,,,,,,
BRc02_grain_57,0.5135289583483552,0.00045917187317898487,0.07576832097940346,0.0001574265730402997,0.12377866157686443,0.0001745388249677797,40.056802994287025,0.0014418878986606938,,,,,,,,,57.98361462284485,0.0015010665778116426,,,,,0.8543992147528446,0.0004311273833942828,,,0.23301737140660922,0.00013053405384764368,0.15908985580405252,0.00024275378466908883,,,,,,,,,,
BRc02_grain_58,0.6081442822316127,0.00039917962223288316,0.08952593727955817,0.00013719131474803405,,,36.38517681176487,0.0012124607489791424,0.06127781914426043,0.00013795166560487537,,,0.1685304700001949,0.0001961605912292752,,,61.243149876233495,0.001299481446974764,,,,,1.1484042784258095,0.0003713399055330349,,,0.2371716293727697,0.00011680104130139107,0.058618895547426816,0.00010674907289311643,,,,,,,,,,
BRc02_grain_59,,,,,,,15.597130800118943,0.0009951109670193411,,,,,0.65639404172565,0.00017714023394187932,,,64.830049958057,0.001930701964388166,,,,,,,,,18.91642520009841,0.0011221287853131173,,,,,,,,,,,,
BRc02_grain_60,0.46618056723095724,0.00040797564197522025,0.05975681926616348,0.00013602117939263235,,,36.525071077882316,0.0011891080329426854,,,,,0.14779725343113248,0.00020111635563903075,,,61.283287310612934,0.0012575808683525822,,,,,1.0998363712128232,0.0003885945710224067,,,0.38850669033244517,0.00022708191420619042,0.029563910031238844,0.00010797529950833784,,,,,,,,,,
BRc02_grain_61,0.16699826593363418,0.00041270692612132404,0.07517072145852978,0.00013012520229764208,,,38.21407272005452,0.0012271608668341615,,,,,,,,,60.805180085543554,0.0012835863692080346,,,,,0.5371301864478372,0.0003848654965244639,,,0.10083092283695158,0.00011446253008779358,0.10061709772496392,0.0001067315972229137,,,,,,,,,,
BRc02_grain_62,0.157595446857298,0.0004027970684784703,0.06056649655045676,0.00013888172584909352,0.034500006252624144,0.00015586264580164387,37.59343138043629,0.0012454443977947204,,,,,0.11069505126644454,0.0002005798218066226,,,60.391409439977416,0.0013122985930757159,,,,,1.4169230177282504,0.000383955851947456,,,0.23487916093122052,0.0001143184935490873,,,,,,,,,,,,
BRc02_grain_63,0.33533109891365914,0.0002460412661304854,0.10889044865220335,0.00016392611782874592,,,33.4904636392929,0.0016708452768213092,,,,,0.42198320849076554,0.00023537993128804825,,,53.770449862286576,0.0021752873688503163,,,,,0.3222594412923893,0.00023543861890714876,,,11.237954985501744,0.0007297341355069485,0.3126673155697759,0.00026240867281400725,,,,,,,,,,
BRc02_grain_64,1.0977836122674156,0.00038058079764627834,,,,,28.804093960026517,0.0012268607285673817,,,,,0.17294042040460256,0.000187783053511323,,,63.10687092467718,0.001504233642807113,,,,,0.13922116820668823,0.0001795040700623735,,,6.347712713724047,0.00046526567571921867,0.20311583166403294,0.0002053119942332802,,,0.1282613690295217,0.0003203956211949827,,,,,,
BRc02_grain_65,2.192513621801668,0.000399562398068359,,,,,31.08261259280311,0.0011022766363894836,,,1.6346111458742891,0.0004352616187942635,0.11271273106766812,0.00019506813910756437,,,61.586123057546985,0.0012803134224036903,,,,,3.237786778051107,0.00038698543438093146,,,0.15364007285516845,0.00010925709080445208,,,,,,,,,,,,
BRc02_grain_66,1.0507157555793176,0.0003694264102672039,0.03472590761364489,0.00012741577121790985,,,32.8771275379689,0.0011397368228896216,,,,,0.14140460541168734,0.00018403406126419315,,,63.37988295130581,0.001235898895683018,,,,,0.28668900148340626,0.0001807044000569505,,,2.049559016375493,0.00021558293707027115,0.17989522426172963,0.000196864838847934,,,,,,,,,,
BRc02_grain_67,0.13615308488100752,0.000407756589640831,,,,,38.830573338029225,0.0012601737209091168,,,,,,,,,60.39998569948288,0.001300977918489673,,,,,0.42445035942882864,0.00019924155038627902,,,0.1788340033999163,0.00012025846386164838,0.030003514778143524,0.00011032858165856107,,,,,,,,,,
BRc02_grain_68,0.981161723835553,0.00038929418693496153,,,0.07387309491373012,0.00015296648306774643,32.29233157182884,0.0012700370029066787,,,,,0.3757018075399716,0.00019002542575216296,,,61.95768627492938,0.0014557002126836054,,,,,0.07239376314891474,0.00019014277118607645,,,3.9788370543370943,0.00035018263889480386,0.2680147094665209,0.00021319595224670608,,,,,,,,,,
BRc02_grain_69,1.1691814731616992,0.0003967896296949755,0.04555042224385872,0.00013829414005666525,,,34.80403921262132,0.0012719305214701994,,,,,0.19863201749724543,0.00020321523309214175,,,60.583163647560426,0.001391417856240205,,,,,0.38863993745300507,0.00019522494781855373,,,2.400271481457054,0.00023881865972212165,0.4105218080054011,0.00021671137896776707,,,,,,,,,,
BRc02_grain_70,,,,,,,16.027834122722023,0.0010971117353093605,,,,,0.34086317563609037,0.0001789229690140389,,,64.73066079621552,0.002123866377605545,,,,,0.06568641532628702,0.00017096653022901124,,,18.731756668515626,0.0011955402335710773,0.10319882158445687,0.000279564237052421,,,,,,,,,,
BRc02_grain_71,0.20747715426298685,0.00040268289686987304,,,,,36.86773717657202,0.0011783851235470327,0.060142453308350746,0.00013777767514902103,,,,,,,62.0227147194966,0.0012433413056117603,,,,,0.6614678478051045,0.0003876763664993269,,,0.11687097515286037,0.0001112713277292365,0.06358967340208559,0.00010308302831668651,,,,,,,,,,
BRc02_grain_72,0.3422697211240205,0.0004391977267539283,0.07390279886220211,0.0001502951778785358,,,40.23545531176191,0.0013896210650183704,0.03366540886865941,0.00015526478282460574,,,,,,,58.07074976752362,0.001455541419660352,,,,,1.0555164300731712,0.00043342979067433806,,,0.12379846503486258,0.00012616025152713785,0.06464209675155122,0.00011655989946237494,,,,,,,,,,
BRc02_grain_73,0.5457417892328088,0.0004146709174258316,0.10159317101225064,0.00013959057226952895,,,37.07387976685633,0.0012832347681994002,0.05618660490700167,0.00014725863195952374,,,0.30214880082715934,0.0002107163219185703,,,59.811550245113146,0.0013692931689863392,,,,,1.3044142523769502,0.00039898301101752516,,,0.8044853696743548,0.0002437785696525717,,,,,,,,,,,,
BRc02_grain_74,0.4354357032072232,0.00037309048799703885,0.055811283194617006,0.00012879116406536403,,,34.81217899502352,0.0010771983252691208,0.028749296061977625,0.00012908249892225286,,,,,,,63.434741372388835,0.0011594473904752015,,,,,1.0262704408758943,0.00035941745243613164,,,0.15206265662385723,0.00010597027081855696,0.05475025262406477,9.920613492390558e-05,,,,,,,,,,
BRc02_grain_75,0.7885749070651948,0.0004157291741215457,,,,,34.70906579983616,0.0012837919223114514,,,,,0.19090456973293576,0.0002070912204127828,,,59.97144952042374,0.0014563994077256219,,,,,0.16449241058457542,0.00020010422789295686,,,3.4718583926032034,0.0003574327386459895,0.6235293415793564,0.0002209492642577267,,,0.08012505817484032,0.00034570099504223123,,,,,,
BRc02_grain_76,0.9795029408089942,0.00041052803658733544,0.05302866594879849,0.00014045104013130612,,,35.622116957521605,0.001307593759897081,,,,,,,,,60.45558985174081,0.0014145393680610708,,,,,0.4537861660712987,0.0001961105342711131,,,1.95354046014042,0.00023889398125838976,0.4824349577680685,0.00021837398682685984,,,,,,,,,,
BRc02_grain_77,0.3984467654442618,0.0004076275101583475,,,,,32.99747034467192,0.0012971327377128941,,,,,0.31024415745060724,0.00020245307258211288,,,60.617588262145695,0.0014902208550070073,,,,,0.09585911679395209,0.00019317829358376053,,,5.0464792419574485,0.0003651788788153461,0.5339121115361072,0.00021844165848670108,,,,,,,,,,
BRc02_grain_78,0.1698916158692074,0.00040445398855850257,0.03802171814971282,0.0001424756592337725,,,38.606523588952356,0.0012787920892528037,,,,,,,,,60.26180310080947,0.0013219328288542622,,,,,0.30556026227159094,0.00020289684251002514,,,0.5702861002887138,0.00023638100889099644,0.04791361365893627,0.0002197943429635221,,,,,,,,,,
BRc02_grain_79,0.19206657436346433,0.0004187020139458502,0.030458057358436062,0.00013815807513050687,,,38.60571492492565,0.0012711546263358838,,,,,,,,,60.4259907234834,0.0013104136055235923,,,,,0.6395612543516445,0.00039428602383456777,,,0.07635152315500407,0.00011752207091790869,0.02985694236239982,0.00011074917847261586,,,,,,,,,,
BRc02_grain_80,0.4972099523682904,0.0004120914250132049,0.06835553453489361,0.00013751740393392833,,,37.878561011564635,0.0012394104728736637,0.03914622402347946,0.00014161364725736756,,,,,,,60.21942476076718,0.0012968517608605609,,,,,1.1396264041558684,0.0003940705133547629,,,0.03182814218275847,0.00011735263418198135,0.12584797040289128,0.00010768922884108552,,,,,,,,,,
BRc02_grain_81,1.4819589463891785,0.00038074585429499064,0.049240745270325896,0.00012688440759183248,,,26.783174093508677,0.00120605538604085,,,,,0.061837020802477376,0.00018180095548977901,,,62.98504614935702,0.001588073246145684,,,,,0.07065837044166741,0.0001866585068292906,,,7.9929788729966225,0.0005147426955336672,0.5751058012340284,0.00020209023959692911,,,,,,,,,,
BRc02_grain_82,0.5240089790179896,0.00041425669318543727,,,,,38.85762463068505,0.0013160579550520546,,,,,,,,,59.60331593556084,0.0013854131022646113,,,,,0.7378988460575139,0.0004043775173771972,,,0.20326567388345534,0.00012021603782581015,0.07388593479515257,0.00011398143530319341,,,,,,,,,,
BRc02_grain_83,0.2581761426826964,0.00040080126820114077,0.09081095273554031,0.00013663335617980317,,,37.17051976203662,0.0012291530372911643,0.031100066176880017,0.00014006333592491866,,,0.11022103252518588,0.00019818662222655375,,,60.93840732086914,0.0012845452488029795,,,,,0.8949730690585104,0.00038856667150941363,,,0.5057916539154305,0.00022988961615031279,,,,,,,,,,,,
BRc02_grain_84,0.8416759872207173,0.0003952551888341688,0.0661977787769977,0.00013691140693701678,,,35.526487630922645,0.0012006503265473416,0.10554954644235812,0.00013609438873301682,,,,,,,61.44613596361851,0.001278859304585758,,,,,1.4279333412251698,0.00037651183148959284,,,0.49898992495728434,0.00022313230255014465,0.08702982683632315,0.0002105830462642891,,,,,,,,,,
BRc02_grain_85,,,,,,,37.06866065356854,0.0011972074070450594,,,,,,,,,61.92731986292771,0.001225698620969781,,,,,0.9548232601366214,0.0003754854867186162,,,0.0491962233671285,0.00011434758880287578,,,,,,,,,,,,
BRc02_grain_86,,,,,,,32.01240595506491,0.0014251454866920695,,,,,0.16773535198735454,0.00020457393749632308,,,60.30513681552906,0.0017005709106566933,,,,,,,,,7.388234389033742,0.0005293837339133568,0.1264874883849338,0.0002207724672317951,,,,,,,,,,
BRc02_grain_87,,,,,,,37.009984821416595,0.0011455886303029256,,,,,,,,,62.568848141699405,0.0011716966172557555,,,,,0.42116703688400536,0.0003776190724622602,,,,,,,,,,,,,,,,
BRc02_grain_88,0.9432695408402879,0.00042506133325703364,0.05483909471184356,0.00014114525879059504,,,36.64012536633932,0.0012622161596851185,0.14448631260079198,0.00014672980582641716,,,0.10810579879102543,0.00020434040895864333,,,59.83896461782798,0.001382149165649821,,,,,1.665301127559479,0.0004049562339917358,,,0.530945273838863,0.00023924836817899604,0.0739628674903968,0.00010994875543168177,,,,,,,,,,
BRc02_grain_89,0.4724877794694746,0.00038092911393079065,0.9330243161958742,0.0002650839815831286,,,34.30010452690943,0.0012172253377945616,,,,,0.07405244663868518,0.00019213405010897215,,,61.96091625383035,0.0013390962183020374,0.33653629761417464,0.00016707265559503387,,,0.8559320710918391,0.0003636550086228032,,,0.9929917258670297,0.00021918172339299136,0.07395458238314281,0.000208484597728639,,,,,,,,,,
BRc02_grain_90,0.11209519614046842,0.00041677079278591326,0.030394504734895172,0.00014233030804007305,,,38.498182013334045,0.001251524677612401,,,,,,,,,60.6894782193692,0.001294564587876697,,,,,0.17287117352956696,0.00019580588674883767,,,0.44343529415984884,0.00023445895465546245,0.05354359873197437,0.00010804649348628385,,,,,,,,,,
BRc02_grain_91,0.32626294767749625,0.0003938460184063055,0.07323129923821223,0.00013063360511560203,,,36.380504658800476,0.001196645550653091,0.03009388435477032,0.00013768920396524227,,,,,,,61.48116224850819,0.0012624398799020592,,,,,1.4545380653201998,0.00038369305091796803,,,0.19659262309596548,0.00011200558792056551,0.05761427300467559,0.00010458462676849348,,,,,,,,,,
BRc02_grain_92,0.18124780746847602,0.0004161129200381219,0.08372151353139054,0.0001402580556587315,,,38.83619346043812,0.0012761118973727234,,,,,,,,,60.29310555156495,0.0013152147992370406,,,,,0.33735801505607493,0.0001957365746514596,,,0.2683736519409961,0.00011719621216787319,,,,,,,,,,,,
BRc02_grain_93,0.161893183808451,0.0004237721179563581,,,,,39.72558088502548,0.0013040346373924966,,,,,,,,,59.700712650491916,0.001316770248736556,,,,,0.23371426780044927,0.00020513184209573963,,,0.11087141051633982,0.00012030967225791827,0.06722760235736913,0.00011655002839313845,,,,,,,,,,
BRc02_grain_94,0.25595099486012185,0.0003392478004939363,0.12223861194635877,0.00017153641342057606,,,35.77542924812378,0.001282565440842503,,,,,,,,,61.96203125724119,0.001365750007888732,,,,,1.6861941972656174,0.00036286558529567773,,,0.1697234109505162,0.00016444791698467197,0.028432279612412806,0.00015677014638419023,,,,,,,,,,
BRc02_grain_95,0.4744646082781254,0.00032993512016958436,0.027994801709770933,0.00014469605696791952,,,29.742861233416512,0.0013084585147631251,,,,,0.2778968221028505,0.0002054621171405382,,,64.08745026677315,0.0015296254537010146,,,,,0.33874725211715834,0.00026206453625016537,,,4.540056413094916,0.0003599209442434486,0.5105286025075206,0.0002226441911597306,,,,,,,,,,
BRc02_grain_96,,,,,,,11.600952019268187,0.0008335424760672496,,,,,0.6254485408391872,0.00021220652883430626,,,68.38946951156011,0.0018702236700321709,,,,,,,,,19.384129928332506,0.0011895202622809685,,,,,,,,,,,,
BRc02_grain_98,0.10423057383299661,0.00027234471207629034,0.03016672316518058,0.00014351126776772932,,,26.3555367009658,0.0013474078473806577,,,,,,,,,64.6108283184756,0.001705885460542966,,,,,0.21041688839593906,0.0002453608178638916,,,8.59543275123085,0.0005516078035269614,0.09338804393363503,0.00022284525678513588,,,,,,,,,,
BRc02_grain_99,0.6452151728332808,0.0003854195298947209,0.06860823430980989,0.00018095758722017804,,,39.51824867290307,0.00150199929851426,,,,,0.24532921871501606,0.00024146162077342723,,,56.91253335098635,0.0016209708813570724,,,,,0.7368375200449407,0.0003346242403194254,,,1.4865631411428493,0.00026897208929013163,0.3866646890646926,0.0002232879057762334,,,,,,,,,,
BRc_grain_02,,,,,,,40.50639753328049,0.56434611870052,,,,,,,,,59.25321641851444,0.5645587650903701,,,,,,,,,0.24038604820506,0.02975366154593,,,,,,,,,,,,
BRc_grain_04,,,,,,,27.78172497114423,1.01966269299151,,,,,,,,,63.018343179898096,1.3157132848600201,,,,,,,,,9.19993184895767,0.4191507517804,,,,,,,,,,,,
BRc_grain_07,,,,,,,35.98358371235571,0.61756341746659,,,,,,,,,63.60593232902676,0.61712618506358,,,,,,,,,0.4104839586175,0.05293224710893,,,,,,,,,,,,
BRc_grain_09,,,,,,,29.49920155497441,0.71637305291789,,,,,,,,,62.85989902301523,0.67096022593322,,,,,,,,,7.640899422010359,0.34847676405333,,,,,,,,,,,,
BRc_grain_10,,,,,,,30.58758786598883,0.42352616504977,,,,,,,,,69.1391542714805,0.41642401131470996,,,,,,,,,0.27325786253066003,0.036138131792850005,,,,,,,,,,,,
BRc_grain_100,0.7938278953621031,0.0004039411624757093,,,,,28.71332005691891,0.0017292921771901652,,,,,0.22234063641556884,0.0002938780966592039,,,61.75790144724373,0.0021628862654076986,,,,,0.4974083313102904,0.0003813037490482915,,,7.758628876465654,0.0006521566107360408,0.25657275628374204,0.00031572814350964984,,,,,,,,,,
BRc_grain_101,0.3673949442238873,0.00044241189755304076,,,,,40.95977093342895,0.0018048562311383967,,,,,,,,,58.220081800563726,0.0018438679116730664,,,,,0.32878845536813667,0.00041827271753287434,,,0.12396386641530441,0.00025581667432707564,,,,,,,,,,,,
BRc_grain_102,1.1592565991910988,0.0006937747474012226,,,,,40.214023703774224,0.001916723321718783,,,,,,,,,56.356779622067286,0.00204201930552906,,,,,1.8321584354100755,0.0006681346795903527,,,0.35604478367627146,0.00026228890023701574,0.08173685588104093,0.0002484064079605699,,,,,,,,,,
BRc_grain_103,0.7846118529727797,0.0006107182594577283,,,,,32.5378777801952,0.0018506589851951657,,,,,,,,,61.05949202460417,0.0021473777666753792,,,,,0.18253367287976582,0.0003859070057281975,,,5.0613701439408905,0.0005112146184194358,0.374114525407199,0.00032223222048916007,,,,,,,,,,
BRc_grain_104,2.670189735571654,0.000660942656616177,,,,,36.106258048166154,0.0017946566396092602,,,,,0.1050578392910252,0.00032501377296054206,,,58.81474785342681,0.0019956924313798362,,,,,0.1601900984221707,0.00042534936434155594,,,1.5254170398252096,0.0003713830961664043,0.3216174512822743,0.0002279009922553597,,,,,,,0.29652193401471033,0.00022572105527093409,,
BRc_grain_105,0.26502277588899464,0.00036617650119269413,,,,,12.563276735705214,0.0011470593175792912,,,,,1.2138819057696486,0.00036020219509958645,,,66.42182256244675,0.0024732567872431735,,,,,0.06570056901063538,0.0003472672822267326,,,19.470295451178764,0.0015036102522071404,,,,,,,,,,,,
BRc_grain_106,0.526292714293601,0.0004384094853222403,,,,,40.97030953943316,0.001853201263260075,,,,,,,,,57.97025249513486,0.0018700265472577908,,,,,0.2709870175968606,0.00042710648901690874,,,0.2621582335415301,0.0002488920205863078,,,,,,,,,,,,
BRc_grain_107,0.6020938240891368,0.0004605479071702385,,,,,39.790305714722294,0.0017914922459381485,,,,,,,,,58.13786860424261,0.001905871448604221,0.08570778869889163,0.0003905679327689645,,,0.4009682378585398,0.00043880405796255527,,,0.846109586717145,0.0003846559961082133,0.13694624367137126,0.0002412929102176078,,,,,,,,,,
BRc_grain_108,0.8253205450954202,0.0006808442055586951,,,,,39.96798580562309,0.001808831140244426,,,,,,,,,57.78776638390668,0.0018992351539272566,,,,,1.030140638619269,0.0004170015100164705,,,0.38878662675554887,0.0002540939451271129,,,,,,,,,,,,
BRc_grain_109,0.6832425035898931,0.0004567227810820796,,,,,39.51573687607245,0.001773426886028068,,,,,0.15257594696281593,0.00032801055866609353,,,57.78492903896845,0.001887875995787841,,,,,1.1941605290102504,0.00043508837929004857,,,0.6099311299464666,0.0002539927104189483,0.059423975449666065,0.00023878128211460552,,,,,,,,,,
BRc_grain_110,0.2742072221666214,0.0004123455946984494,,,,,30.60893984787027,0.0018875608803712676,,,,,0.42689388841042014,0.00030570267116943956,,,59.81785569309209,0.0023594927059499373,,,,,0.04338083412846327,0.0003906176528519636,,,8.580342480628413,0.0007099389630322991,0.24838003370371609,0.00033287555592646095,,,,,,,,,,
BRc_grain_111,1.8668668779133561,0.0006518954934663281,,,,,36.52555122937146,0.0019479226918604445,,,,,,,,,58.149220182485564,0.002151980152170333,,,,,0.3513726081350903,0.00042102440384113836,,,2.344737693454046,0.0003834730637442627,0.7622514086404847,0.0003591041868542978,,,,,,,,,,
BRc_grain_112,0.4102730208280042,0.0004106442460292706,,,,,33.07254860038259,0.0015141690248658961,,,,,0.18526536705390026,0.00030924234670209427,,,65.72003850394474,0.0015716140188897427,,,,,0.5154068359143757,0.00040233963906006787,,,0.09646767187640458,0.0002319941218776085,,,,,,,,,,,,
BRc_grain_113,1.1544295497340418,0.0006240511747952875,,,,,30.35853110045002,0.0017654831302057106,,,,,0.31145800332538087,0.0003031502419870531,,,60.8375923120595,0.002179672498690699,,,,,0.16333556371171998,0.00040388228635466344,,,6.838687544700231,0.0006513257214849145,0.3359659260191087,0.00033081234981912906,,,,,,,,,,
BRc_grain_114,0.3130815040761886,0.0004405552194694969,,,,,40.57508296644881,0.0017843140048651074,,,,,,,,,58.812780501881214,0.0018305203281873586,,,,,0.27800054427239973,0.0004257442057546402,,,0.02105448332139186,0.00023265460166807268,,,,,,,,,,,,
BRc_grain_115,0.6046687543533871,0.00044808859731083867,,,,,40.99980453660695,0.0018080584085888626,,,,,,,,,57.664500353513034,0.001861353807231813,,,,,0.42651755378213113,0.000429058936631311,,,0.18060168849587324,0.00025345244305149565,0.12390711324862286,0.00023735972752288306,,,,,,,,,,
BRc_grain_116,0.6119975116517665,0.00040706776102368894,,,,,30.180698330899798,0.001823110030284264,,,,,0.45107673095621653,0.00029871796793165664,,,60.682531524774554,0.0022150823274082704,,,,,0.4458561929631862,0.0003968167076232479,,,7.178201662078422,0.0006602922033591254,0.4496380466760572,0.00033439179944883034,,,,,,,,,,
BRc_grain_117,1.008030397713462,0.0006436659427412733,,,,,35.27020584793422,0.0018321981613351986,,,,,,,,,59.645612749024494,0.0020270827311933467,,,,,0.14601611479399107,0.00040883659861357433,,,3.9301348905338367,0.0004963324561861645,,,,,,,,,,,,
BRc_grain_118,0.9803618549392856,0.0004824173830421168,,,,,41.941399580289136,0.0018638153509830523,,,,,,,,,55.453296152424514,0.001941175288554847,,,,,1.3679279460702607,0.000475353456043242,,,0.2570144662768081,0.00027597903115215923,,,,,,,,,,,,
BRc_grain_119,0.6546966214522173,0.0004246348259611402,,,,,38.59606413820123,0.0016658493726477693,,,,,,,,,59.17216998388387,0.0017251993375091048,,,,,1.3027578443486907,0.0004211257963531141,,,0.27431141211400545,0.00024879661893530293,,,,,,,,,,,,
BRc_grain_12,,,,,,,39.73014904180963,0.75632032069697,,,,,,,,,60.018304509352674,0.75727949607044,,,,,,,,,0.2515464488377,0.03492831928217,,,,,,,,,,,,
BRc_grain_120,1.2943437850038744,0.0005878175186734734,,,,,29.7849995974603,0.0017733411300408129,,,,,0.1460557938474785,0.00030000636580867655,,,61.749115453022355,0.0021889944641953936,,,,,0.35859346953550736,0.00039019573745962806,,,6.515524138682608,0.0006294168382154251,0.15136776244787326,0.00032206281503432494,,,,,,,,,,
BRc_grain_121,0.22554735979277768,0.00020486638982989704,0.09120200317480608,0.00013905282859939452,,,26.51199738574208,0.0012993100974168915,,,,,1.4123070931063142,0.0003094591878504676,,,61.64365196525009,0.0017459645560137197,,,,,0.08682687251488434,0.00019662626460503294,,,9.903051425092174,0.0006004681347391204,0.12541589532687122,0.00022209738676565036,,,,,,,,,,
BRc_grain_122,0.24926545269687903,0.00020494600460097486,0.053221071409140217,0.00013950235424859263,,,28.440977810488043,0.0012806696378279531,,,,,0.495442557166413,0.00019944746475715656,,,62.12635459096455,0.0016144305080009846,,,,,0.39210583528644977,0.00020101831499005557,,,8.242632681988525,0.0005492884791003564,,,,,,,,,,,,
BRc_grain_123,0.4814720804331935,0.0004389742447446136,0.056620128119292235,0.00014847406154721467,,,37.48749526262571,0.0013070493937420095,0.050032327522379426,0.00015233868781680388,,,,,,,59.78569341492507,0.0013953946117410481,,,,,0.971511157261906,0.00041932378005926825,,,1.1671756291124424,0.00024786182110401046,,,,,,,,,,,,
BRc_grain_124,0.7883912200646354,0.00041720357778314153,0.1951759116090394,0.00014149400726388842,,,35.230802806274156,0.0012220948683638664,0.2720914845132699,0.00014446474864710665,,,0.11391005175726612,0.0002061988243684525,,,60.38100341638428,0.0013461106305204214,,,,,2.0052768052584513,0.00040310121429083166,,,1.0133483041388887,0.00023627185609778053,,,,,,,,,,,,
BRc_grain_125,0.2511666190883222,0.00043920667018495775,0.040392122976286825,0.00014738433873298973,,,38.87098104495535,0.001218549632485957,,,,,,,,,60.05624383884618,0.0012861483319779087,,,,,0.3335470667386989,0.00021115484769777568,,,0.30375094385829093,0.00012357403063435927,,,,,,,,,,,0.1439183635368689,0.0002973862821309025
BRc_grain_126,0.571129073476132,0.00040627133474998363,,,,,35.50984350501192,0.0011594180057406397,,,,,,,,,63.04221973812493,0.0012302464707454725,,,,,0.2637434344965708,0.0001879973634416191,,,0.613064248890444,0.000226303762220524,,,,,,,,,,,,
BRc_grain_127,0.19358496963609545,0.0004547167138224293,,,,,39.63050983629384,0.0012481496818512545,,,,,0.17255391949464238,0.00021859816687551967,,,59.5217448493863,0.0012986449133088065,,,,,0.2907431398081589,0.00021900898404668875,,,0.19086328538096042,0.00012639503625202516,,,,,,,,,,,,
BRc_grain_128,0.8983871117274219,0.00042160215396713405,0.10317869801052379,0.0001470444791197111,,,36.01967021623994,0.0012518864559921544,0.1631329702482366,0.00015266888703638646,,,0.11624511203967973,0.00021265983184072697,,,60.055611430566614,0.0013509515135526166,,,,,1.910399563855108,0.0004141788486078785,,,0.7333748973124746,0.00024121627221050087,,,,,,,,,,,,
BRc_grain_129,,,,,,,39.881690129497926,0.0012272250864488415,,,,,,,,,59.68827057513554,0.0012424760523845843,,,,,0.43003929536652824,0.0002175174495446329,,,,,,,,,,,,,,,,
BRc_grain_13,,,,,,,31.61572479657153,0.6069883028371,,,,,,,,,68.20720503713036,0.60674627342468,,,,,,,,,0.17707016629809,0.03023568854648,,,,,,,,,,,,
BRc_grain_130,,,0.03838744404969951,0.00013655832218647604,,,31.05915481607142,0.0012611908874576195,,,,,0.32017775043359614,0.00020603406139223853,,,61.17399996990833,0.0014848247991426343,,,,,,,,,7.40828001953695,0.00042060764068966856,,,,,,,,,,,,
BRc_grain_131,0.4654748773318915,0.00042618269048457814,0.04834963352982062,0.00014860025185297227,,,38.2956391562185,0.0011931675944054177,0.03319862632208578,0.0001483824847417759,,,,,,,59.784457443250794,0.001258931446044212,,,,,0.7676046355981472,0.0004217102661470756,,,0.6052756277487603,0.0002521058443661905,,,,,,,,,,,,
BRc_grain_132,0.47223710375811373,0.00042947916527514874,0.08758587799467908,0.00014512548694446152,,,37.395628491353484,0.001304797793439857,0.04892355064898725,0.00014914328975560527,,,0.15643772423897365,0.00020946485259327655,,,60.36289000957422,0.0013964275870131525,,,,,0.9178164209124153,0.0004063820269033586,,,0.5584808215191203,0.0002398707728247038,,,,,,,,,,,,
BRc_grain_133,0.6282279932258795,0.0004381327613978578,0.13011217499988578,0.00015021865337782028,,,37.25184962409113,0.0012109892991515163,0.041709419561904174,0.00015307687262164658,,,0.3030552669574642,0.00021715976102640918,,,59.74686667734906,0.001325795192563181,,,,,1.4411243285110458,0.00042093546938661106,,,0.4570545153036218,0.00024962847187700644,,,,,,,,,,,,
BRc_grain_134,0.19302449763005644,0.0002329797627223312,0.025911911200759523,0.0001576219581605351,,,41.48502593327517,0.0013417496136186667,,,,,,,,,57.390969809512285,0.0013604305138741394,,,,,0.25938259597299274,0.00022402637814080312,,,0.64568525240875,0.0002642572396446775,,,,,,,,,,,,
BRc_grain_135,0.3536895600666971,0.0004856379427800101,0.07071365307150293,0.00015955733681163504,,,41.564507237152796,0.001367802109769428,,,,,,,,,56.85606861765552,0.0014208809862460033,,,0.054800488064479874,0.00020560538025397637,0.6795014179357954,0.00022687795022867315,,,0.42071902605320927,0.0001350923721245766,,,,,,,,,,,,
BRc_grain_136,0.43103898044838584,0.00039886361280636816,0.051081114022260427,0.00013449981342879267,,,26.97348203290652,0.0011721175310256116,,,,,,,,,63.92342059442245,0.0014808970711203688,,,,,0.4557539558713433,0.0001880341064424366,,,8.165223322329043,0.0005081948389558419,,,,,,,,,,,,
BRc_grain_137,1.050161407511311,0.00043764297508371844,0.0729176357831657,0.00014512264467873864,,,37.091363430993546,0.0011989451914114519,0.1748933123958361,0.0001566972770476249,,,,,,,59.568317625102665,0.0012825652233095005,,,,,1.8315204585644147,0.0004254201461564501,,,0.21082612964905828,0.00012135971608118815,,,,,,,,,,,,
BRc_grain_138,0.06597901066915793,0.00040577931396867077,,,,,36.957390260415515,0.0012106274626595753,,,,,,,,,62.77509350858392,0.0012469192475045626,,,,,0.17032497987231074,0.00019054054619428975,,,0.03121224045909549,0.00011665201678128951,,,,,,,,,,,,
BRc_grain_139,0.57340871161357,0.00043948479452130673,0.08203074624147752,0.00014971754714528966,,,38.57264919326512,0.0012217062517691309,0.03356575051595992,0.0001501245416395768,,,,,,,59.26059778756071,0.0013080652238896947,,,,,1.2436392521347237,0.00043172414431912276,,,0.23410855866843294,0.00012420071002918268,,,,,,,,,,,,
BRc_grain_14,,,,,,,15.673122552089842,0.5906324356706,,,,,,,,,66.34446904019372,0.81483177524115,,,,,,,,,17.98240840771644,0.6546159787629999,,,,,,,,,,,,
BRc_grain_140,0.5737834564270308,0.00044437207698607887,0.08225705032726462,0.00014862504919067749,,,38.57151536460286,0.0012711290797400752,0.03377992717275319,0.00015344402979410658,,,,,,,59.2603065997326,0.0013537436978771891,,,,,1.2441736482363404,0.00042523857835175693,,,0.23418395350114796,0.00012616315247097187,,,,,,,,,,,,
BRc_grain_141,0.4074728961609372,0.00042271965341300307,0.06233993867139667,0.000145464839708289,,,35.32818938108729,0.0012394359678212584,0.02421967144449176,0.0001482559965218248,,,0.10834790721409332,0.00020782941553291415,,,61.137833602726545,0.0013433546857211948,,,,,0.791498905609455,0.00040710145229732144,,,2.1400976970857926,0.000246606538846161,,,,,,,,,,,,
BRc_grain_142,0.3293556339783993,0.0004457174400917153,0.05762761054521065,0.00014616628106904576,,,39.20331087737458,0.0012516697641486727,,,,,0.11407525603865326,0.00022237036381786337,,,59.25068360076187,0.0013337295883663989,,,,,0.8453287215699679,0.00042199312425564723,,,0.19961829973132325,0.00012368355487114816,,,,,,,,,,,,
BRc_grain_143,0.4815680223471519,0.00047308166861276496,0.0965083220724341,0.00015785246812675843,,,40.322959909822266,0.0013819804241001089,,,,,,,,,57.28923406460099,0.0014504236620246451,,,,,1.0251254258587854,0.00045941652024123923,,,0.7846042552983785,0.00026544130538865707,,,,,,,,,,,,
BRc_grain_144,0.3118099695427917,0.0004354383312234013,0.04056100649701202,0.00014897030660780092,,,34.97355189249785,0.0013587005676903565,,,,,,,,,60.13174664836017,0.0015150042256992398,,,,,0.5422638654094641,0.00021419739449934363,,,4.000066617692712,0.00037526003818160814,,,,,,,,,,,,
BRc_grain_145,0.5955126526813136,0.00040301844689264506,0.05207125086557178,0.00013320276293743801,,,34.97466299656055,0.0011508955882222674,0.12205902829689219,0.00013880734647481413,,,0.10840108463322556,0.00020158954928128816,,,62.31946670711667,0.0012701175690649498,,,,,1.2619615499064536,0.0003859762972339057,,,0.5658647299393126,0.00022716661223350193,,,,,,,,,,,,
BRc_grain_15,,,,,,,37.94610024316832,0.6145768488727,,,,,,,,,61.70391740547141,0.6177714513335401,,,,,,,,,0.34998235136025,0.049463821950030004,,,,,,,,,,,,
BRc_grain_16,,,,,,,35.98206408035861,0.67399228126902,,,,,,,,,61.294120065832324,0.6624298485098,,,,,,,,,2.72381585380906,0.12940996823124,,,,,,,,,,,,
BRc_grain_17,,,,,,,14.64329503042608,0.5193643143422599,,,,,,,,,63.95225259534536,0.8771112770218401,,,,,,,,,21.40445237422857,0.48225586954712,,,,,,,,,,,,
BRc_grain_19,,,,,,,30.11144327943638,0.6216122222573099,,,,,,,,,69.15368356476745,0.60815321556539,,,,,,,,,0.73487315579617,0.07520824808059,,,,,,,,,,,,
BRc_grain_20,,,,,,,13.631484432840878,0.39540203242157,,,,,,,,,65.58938572353736,0.83358165594968,,,,,,,,,20.779129843621767,0.54879937673305,,,,,,,,,,,,
BRc_grain_22,,,,,,,36.96131762086759,0.5352875900259499,,,,,,,,,62.79350039419956,0.53364969394324,,,,,,,,,0.24518198493284002,0.0296678661201,,,,,,,,,,,,
BRc_grain_23,,,,,,,41.5091944200703,0.9912889861620999,,,,,,,,,57.82966444702596,1.0053980525374,,,,,,,,,0.66114113290373,0.06898523797775001,,,,,,,,,,,,
BRc_grain_24,,,,,,,42.92577013595815,1.0600707465607901,,,,,,,,,56.807705735948325,1.0598258787197201,,,,,,,,,0.26652412809353,0.039239348136450004,,,,,,,,,,,,
BRc_grain_28,,,,,,,37.25907258936548,0.59290959792327,,,,,,,,,60.72489755164927,0.58153442172682,,,,,,,,,2.01602985898524,0.11447694744704999,,,,,,,,,,,,
BRc_grain_29,,,,,,,14.394676208294499,0.5556947873850501,,,,,,,,,64.20418138807058,1.11185559474988,,,,,,,,,21.40114240363491,0.62631526188378,,,,,,,,,,,,
BRc_grain_31,,,,,,,35.66139959342764,0.66439955659106,,,,,,,,,63.92539083835058,0.65810854879804,,,,,,,,,0.41320956822175997,0.04584196337791,,,,,,,,,,,,
BRc_grain_32,,,,,,,22.21312698855442,0.7075837634348799,,,,,,,,,64.078361296062,0.97925066421176,,,,,,,,,13.708511715383558,0.7365547079035399,,,,,,,,,,,,
BRc_grain_33,,,,,,,34.27729267354161,0.6628172607822901,,,,,,,,,65.05418874023279,0.66128834891708,,,,,,,,,0.6685185862256,0.05313975099475,,,,,,,,,,,,
BRc_grain_37,,,,,,,38.5743926696302,0.56533738314858,,,,,,,,,60.86483867791155,0.56032390282569,,,,,,,,,0.56076865245826,0.056117245909019994,,,,,,,,,,,,
BRc_grain_40,,,,,,,33.27694688621267,0.6481121946631,,,,,,,,,65.5488004374134,0.6309825727549601,,,,,,,,,1.17425267637392,0.08901119410037,,,,,,,,,,,,
BRc_grain_42,,,,,,,15.52936065637818,0.28150112422328,,,,,,,,,64.21330060326235,0.47643499597514,,,,,,,,,20.257338740359458,0.27059327700081004,,,,,,,,,,,,
BRc_grain_43,,,,,,,39.87889088070377,0.68685059665132,,,,,,,,,59.77953403449976,0.68816472233031,,,,,,,,,0.34157508479647003,0.0436014373617,,,,,,,,,,,,
BRc_grain_45,,,,,,,41.48221983238168,0.30378863495975,,,,,,,,,58.27232689995475,0.30377995844181,,,,,,,,,0.24545326766356002,0.01283189920327,,,,,,,,,,,,
BRc_grain_46,0.49947706193069147,0.00038874464670010065,,,,,28.55582078733653,0.001720877012152479,,,,,0.6023137884301202,0.00029316695018343175,,,62.70319604764345,0.002120103761332125,,,,,0.24028867862748798,0.0003706321003628153,,,7.398903636031721,0.0006346134128044278,,,,,,,,,,,,
BRc_grain_47,0.3183966368803231,0.00035513747721728896,,,,,12.958041133790177,0.0012096546957418033,,,,,,,,,66.92827516217604,0.002535976315806546,,,,,0.10140120097751233,0.00034002367878180665,,,19.693885866175954,0.0015721685349584682,,,,,,,,,,,,
BRc_grain_48,1.3229754785192156,0.0006113507564942724,,,,,31.35017975311505,0.0015309130488714146,,,,,,,,,65.28270205623448,0.0016631355388480073,,,,,1.590431369625362,0.0004069753908382497,,,0.4537113425058851,0.00023815344010658977,,,,,,,,,,,,
BRc_grain_49,0.5283991486694484,0.00044714700988283024,,,,,27.44915051563176,0.001825730413700985,,,,,1.387094098953264,0.0004324928920840846,,,59.02192733536131,0.00248270605508498,,,,,0.30067059851217864,0.00042336173640629697,,,11.312758302872037,0.0009209593522746354,,,,,,,,,,,,
BRc_grain_50,1.0512965337024913,0.0006408497056078289,,,,,36.60627570056633,0.0016636971522197286,,,,,0.3081706667686518,0.0003158511486382499,,,60.16483819596441,0.0017752054038020588,,,,,1.3169998529384292,0.0004046098691983614,,,0.552419050059684,0.0002447425614859921,,,,,,,,,,,,
BRc_grain_51,0.8087390371873169,0.0006620301607466448,,,,,40.02270359644701,0.0018439845834681634,,,,,,,,,57.92837490004269,0.0019355360679625235,,,,,0.6947644050037003,0.0004322947914544874,,,0.5454180613192945,0.00025170786465401787,,,,,,,,,,,,
BRc_grain_53,1.1275757331928504,0.0006152967188972553,,,,,37.26956923047366,0.0015917975611627001,,,,,,,,,60.12440951025012,0.0017283886315726043,,,,,1.3488344777603667,0.0006025841404626245,,,0.1296110483229939,0.00023785105491284011,,,,,,,,,,,,
BRc_grain_55,1.4430681990601888,0.0006544774643933852,,,,,37.13340896437271,0.0016954312851442624,,,,,,,,,59.36659452701274,0.0018245316204117633,,,,,1.6977545164432186,0.0006141827448692274,,,0.3591737931111373,0.00024319683453734843,,,,,,,,,,,,
BRc_grain_56,0.7830980945032863,0.00045085613181124597,,,,,34.75060896088863,0.0016534791210909413,,,,,0.1922819137070106,0.00033207632857014055,,,63.1421315779661,0.0017514464776266477,,,,,1.1170362643208174,0.000422670143384087,,,0.01484318861416,0.00021975286624170305,,,,,,,,,,,,
BRc_grain_57,1.454457760300132,0.000610038750931754,,,,,30.508427787814085,0.0014894410705502245,,,,,0.2254318564278057,0.00029414025441883455,,,65.65672942275125,0.0016598626036091726,,,,,2.1287719608141535,0.0005820034325201051,,,0.02618121189255986,0.000228490327261661,,,,,,,,,,,,
BRc_grain_58,0.7281008861250617,0.00045132360294977756,,,,,40.112599208682994,0.0017777489179459397,,,,,,,,,58.03616228735255,0.0018462683197746866,,,,,0.6508791086133193,0.00042758494293682606,,,0.47225850922606355,0.0002529107057465071,,,,,,,,,,,,
BRc_grain_59,1.0457922996142812,0.0005969684638830448,,,,,26.785977506641345,0.0017042446039633066,,,,,0.5408401057109192,0.00029127178026957135,,,61.942739112374475,0.002243376230505633,,,,,0.5709111665955245,0.00038044835816605224,,,9.11373980906345,0.0007870370253191275,,,,,,,,,,,,
BRc_grain_60,0.39147456185357216,0.0004403528695402812,,,,,40.841709449381156,0.0018411637224088077,,,,,,,,,57.99799848435892,0.0018889256414202091,,,,,0.14150021657044196,0.0004147488783992587,,,0.627317287835921,0.0002547950121326619,,,,,,,,,,,,
BRc_grain_61,1.01707925459151,0.0004192107444797062,,,,,26.493914251501664,0.0017651734867980778,,,,,0.33316134538925024,0.0003058569863107959,,,61.777027014840456,0.0023282454887195232,,,,,0.2606470043784568,0.00039877598521216676,,,10.118171129298654,0.0008573059849230865,,,,,,,,,,,,
BRc_grain_62,0.853991939102823,0.00040428348385662015,,,,,25.791974262382922,0.0016939464446630865,,,,,0.5318916774966325,0.0002975391822637621,,,62.337017035382324,0.0022557506342667445,,,,,0.6418733093919567,0.0003795010301709491,,,9.843251776243338,0.0008285785744576227,,,,,,,,,,,,
BRc_grain_65,0.6126441086800705,0.0004333901883889561,,,,,27.988497955012438,0.001796190576245674,,,,,0.5317822137682728,0.0003179539248514303,,,59.5647877809519,0.002348624870130698,,,,,0.7240437784277809,0.0004149135973677412,,,10.578244163159537,0.0008741239268251257,,,,,,,,,,,,
BRc_grain_67,1.1196473114084167,0.0006134315981077114,,,,,31.275432007155533,0.0018204069914969183,,,,,0.3572087170804968,0.0003192560561048654,,,60.28238861699978,0.0021837843622911153,,,,,0.2439296510496708,0.00041126436141310555,,,6.721393696306095,0.0006593830204527776,,,,,,,,,,,,
BRc_grain_68,0.3700359720743697,0.0003753340101225854,,,,,13.166594597198774,0.0013394752533742657,,,,,1.1371250868095781,0.0003726665446714362,,,64.80147107753876,0.0030371835100435605,,,,,0.11819014116521512,0.0003610394269260937,,,20.24357865913339,0.001831165135428028,0.1630044660799066,0.0003920819206497767,,,,,,,,,,
BRc_grain_69,2.2692261931143216,0.0006213149657378191,,,,,32.9071751218729,0.0018219956155707368,,,,,,,,,59.99726702146425,0.002124955265152901,,,,,0.20998935141569391,0.0003943538897106727,,,3.9817783602937267,0.0005027110768496341,0.6345639518391049,0.0003432781427783995,,,,,,,,,,
BRc_grain_70,1.3290007322188535,0.000659200857243149,,,,,38.34544232110372,0.0017639148739272712,,,,,0.11864595144289856,0.0003371598087120296,,,58.13556548003632,0.0018824233788453384,,,,,1.7345189710309312,0.0006351561606027144,,,0.336826544167283,0.00025128785263431243,,,,,,,,,,,,
BRc_grain_71,0.6578497452678834,0.00039141155304212824,,,,,26.073418709811726,0.001787790210823039,,,,,,,,,62.401717097138445,0.0023582983324176195,,,,,0.5264818306341624,0.0003840351818476972,,,9.997895484918889,0.0008445385045245598,0.3426371322288962,0.00031274668714145764,,,,,,,,,,
BRc_grain_72,0.6670934348182297,0.00040674690003387196,,,,,31.642888084361516,0.0017474115582312296,,,,,0.41643280310574166,0.00030164312164814483,,,61.045162022422325,0.0019918220809146117,,,,,0.2606427827938289,0.000400315327094472,,,5.967780872498351,0.0006032935564303552,,,,,,,,,,,,
BRc_grain_73,0.49178709373895985,0.0004294892166838016,,,,,38.92753304542178,0.0017355440503900629,,,,,0.22353549700883385,0.00030848619300261336,,,59.10654514963094,0.0018135845314131425,,,,,0.9329353164871252,0.00042239655152129355,,,0.31766389771236336,0.00024221637124911225,,,,,,,,,,,,
BRc_grain_74,0.7608515698314754,0.0004193771476669533,,,,,27.172894633608525,0.0018174878136341382,,,,,0.6077561428730518,0.00030309861030775276,,,61.69024680402181,0.0023950799511179384,,,,,1.7020830120574248,0.00040955617276661264,,,7.621853104895224,0.000794737745131434,0.354596340935458,0.0003304871619975048,,,,,0.08971839177703575,0.0004285052696441076,,,,
BRc_grain_75,0.7530577769045046,0.0004094025047815648,,,,,26.93225066578635,0.0017211112469810244,,,,,0.6016193758194616,0.000297747297973072,,,62.09674350954864,0.0022034789574859382,,,,,1.674941543551198,0.00040122358974391156,,,7.619957221536257,0.0006804813183897978,0.321429906853598,0.00032186635681071175,,,,,,,,,,
BRc_grain_76,1.6150539454543151,0.0005990064871657751,,,,,31.552344234332207,0.0018005169139252816,,,,,0.25187063945279736,0.00030329925041943853,,,60.875375685532916,0.0021346606396419336,,,,,0.09644142693797943,0.0003828421494479746,,,5.219759431494167,0.0006067595431044239,0.3891546367956122,0.00031719638875889005,,,,,,,,,,
BRc_grain_77,0.7809517715006796,0.00039454079458372756,,,,,30.971569925351268,0.0017107275093557828,,,,,0.09133645308674578,0.0002921368342622028,,,62.424990288289315,0.001996428243905756,,,,,0.11490022994644841,0.0003848254467734754,,,5.616251331825536,0.0005990114860227183,,,,,,,,,,,,
BRc_grain_79,0.43816658098503697,0.0004677069998772603,,,,,18.666762342823027,0.0018701502431900893,,,,,0.6339830056692559,0.0003536565012186506,,,57.8229112972425,0.003834691344078424,,,,,0.1117253210842106,0.00022545793244196054,,,22.141612981479746,0.002132931380209199,0.18483847071622939,0.0004975022361312946,,,,,,,,,,
BRc_grain_80,0.8980812604439,0.0004459271618922668,,,,,36.0467928981964,0.0019266485613834547,,,,,0.3935497759259508,0.0003265751449531213,,,58.15091848723427,0.0021467198873640135,,,,,0.9914259878825166,0.00042408486545329434,,,3.319649762610271,0.0005000123782105453,0.1995818277066825,0.0003537604168569699,,,,,,,,,,
BRc_grain_81,0.1793902726075473,0.00038440771089715204,,,,,12.364466743630764,0.0011922568438422763,,,,,3.736090674213286,0.0005983256754063265,,,63.07861233231067,0.0026876045834032703,,,,,0.07053697562491058,0.0003629745500612164,,,20.570903001612837,0.001580957021780148,,,,,,,,,,,,
BRc_grain_82,0.36334031525327837,0.0004005054902498082,,,,,24.99565947147285,0.0018737897119614141,,,,,0.1081674742997667,0.00029495380010636976,,,62.71448750450095,0.002604667696923197,,,,,0.28583346395595616,0.0003862568660828562,,,11.386540646238329,0.0009578180052268578,0.14597112427887016,0.0003197646233283401,,,,,,,,,,
BRc_grain_83,0.745506197488726,0.00041174710066045725,,,,,32.404833089696865,0.0015176199638502845,,,,,0.247874736676373,0.0003070579671682572,,,65.53848299895525,0.0016067151009140624,,,,,0.927283083691365,0.0004084543857545796,,,0.13601989349141763,0.00023710457175272147,,,,,,,,,,,,
BRc_grain_84,1.236346653260247,0.0003961295256456968,,,,,23.200761122994244,0.001305657507864721,,,,,,,,,60.18652797058961,0.0018764530945229012,,,,,15.009305046077426,0.0010364992656290853,,,0.36705920707847683,0.0002182807438048706,,,,,,,,,,,,
BRc_grain_85,0.8406961396994289,0.0004482726500495529,,,,,36.43482868155368,0.001827261583868999,,,,,0.5947458301815223,0.0003357060075766218,,,58.32715850373806,0.001980751472984286,,,,,0.7598258136528417,0.00043807663926505736,,,3.0427450311744564,0.0003958007456313326,,,,,,,,,,,,
BRc_grain_86,0.6883554584374084,0.00039619362756471176,,,,,22.50013557079413,0.001570225692111071,,,,,3.257899838581509,0.0004960888801506481,,,62.58914919675017,0.002341645616913203,,,,,0.5466118234087437,0.0003814954577230967,,,10.139092619107966,0.0008435467101550478,0.2787554929200717,0.00030614044498684646,,,,,,,,,,
BRc_grain_87,0.43270667562790344,0.00043970275561527075,,,,,39.27282086086989,0.00174228174710146,,,,,,,,,58.94921755512868,0.0018045178209024806,,,,,0.508137439919277,0.00042194786769313977,,,0.7798221940945089,0.00024556996636784724,0.057295274359731876,0.00023965474071975157,,,,,,,,,,
BRc_grain_88,0.5167667841640651,0.000428718329413816,,,,,37.91306166999947,0.001802816778253159,,,,,,,,,59.83946616327215,0.0018995276798000468,,,,,0.6871531792313104,0.0004232033111535151,,,1.0435522033330025,0.00035413598175635535,,,,,,,,,,,,
BRc_grain_89,0.5942634022935201,0.000481978335233888,,,,,43.286523815006774,0.001884958756765912,,,,,,,,,55.47790837820495,0.001917249885942822,,,,,0.41803759384069306,0.00045617463026507353,,,0.22326681065406875,0.00027022202431128105,,,,,,,,,,,,
BRc_grain_90,1.3229597741574641,0.0006714075870432066,,,,,37.27210863320444,0.0017103070200758105,,,,,0.26862510202304896,0.00032416303498396595,,,58.45298599439581,0.0018830698081079265,,,,,2.1121066646787154,0.0006277430831120746,,,0.5201316055503218,0.00025622156510814696,0.05108222599019927,0.00022831872462374873,,,,,,,,,,
BRc_grain_91,0.501681758827724,0.00033926510035497677,,,,,15.909457934437238,0.0013525279180269941,,,,,0.09129714945907245,0.0002541545891132833,,,67.57385519656768,0.0024397161512334595,,,,,0.08984239861141843,0.00032392467581036536,,,15.661183850091367,0.0012702993907461318,0.1726817120055066,0.00036435276185644227,,,,,,,,,,
BRc_grain_92,0.18701733892536307,0.00034225885075960845,,,,,12.923541473229719,0.0011643541245306395,,,,,0.08716652710005345,0.0002458433177347237,,,67.51648388683829,0.002397718832688331,,,,,0.06316114404949795,0.0003238179478841626,,,19.222629629857085,0.001458779056200612,,,,,,,,,,,,
BRc_grain_93,1.6122929375314878,0.0007181601895461797,,,,,41.07960452598237,0.0018194040330989886,,,,,,,,,54.99871144457328,0.001972488621906018,,,,,2.2991406763840985,0.0006879301497659374,,,0.010250415528764207,0.00020202153875535184,,,,,,,,,,,,
BRc_grain_94,1.1634069929788984,0.000617716426373081,,,,,33.389087685618804,0.001683554290037547,,,,,0.21876556754007398,0.0002998139469734231,,,60.74150192575611,0.001913491414613682,,,,,1.293538398759792,0.00039292046603517264,,,3.0675449039491003,0.00048238389039705553,0.12615452539721483,0.0002163948474347652,,,,,,,,,,
BRc_grain_95,0.3562505589871004,0.00038063941662973256,,,,,15.511064914111389,0.0014971043424007653,,,,,0.7774165697691335,0.00038636608726012726,,,63.1502485541578,0.003109406573217982,,,,,0.05039501820982964,0.0003721635655619747,,,19.927554815157837,0.0017575347138572431,0.22706956960691027,0.000414889214874528,,,,,,,,,,
BRc_grain_98,0.8008593425129216,0.0006566379713561838,,,,,37.604670688770284,0.00169030229475323,,,,,0.13466040864703577,0.00032289148683382847,,,59.5437286242979,0.001813556587551178,,,,,1.1946772889668522,0.0004117508214870829,,,0.7214036468050113,0.00025095943867900825,,,,,,,,,,,,
BRc_grain_99,0.892767627151482,0.0006245982477758756,,,,,31.98060110277853,0.0018709644715587954,,,,,0.5380685992503778,0.0003025449140161732,,,60.4776992710965,0.002233997222879919,,,,,0.1295781939736316,0.0003926508975071137,,,5.640053122179346,0.0006117287846437502,0.34123208357013607,0.00032673292210314285,,,,,,,,,,
BRe_grain_01,,,,,,,34.58503878220432,0.0011439572924143656,,,,,,,,,64.36448725764562,0.0011968463376071268,,,,,1.0504739601500457,0.00043915332298012183,,,,,,,,,,,,,,,,
BRe_grain_02,,,0.2904462585930782,0.0001471789243287125,,,36.6207336078526,0.0011791390617522611,,,,,0.18251858486376585,0.0002195447260280637,,,61.732640505199555,0.0012144376573862748,,,,,1.1736610434909949,0.0004073687395510915,,,,,,,,,,,,,,,,
BRe_grain_03,0.47922071554187756,0.0003408833662443539,,,,,25.945137306998284,0.0008182871486753351,,,,,0.1523083670154424,0.00016808587705169885,,,71.82483154262489,0.0008992410328506642,,,,,1.5349214445822568,0.0003282117104760133,,,0.06358062323724432,9.824436373456958e-05,,,,,,,,,,,,
BRe_grain_04,0.38465337987579307,0.00045218244997125695,,,,,40.536636670182226,0.0013051944397384648,,,,,,,,,58.64849783555665,0.001328932144901493,,,,,0.381342048833792,0.00021565543270105457,,,0.048870065551543426,0.00012881348917607798,,,,,,,,,,,,
BRe_grain_05,0.04913156755344735,0.00022482770631690813,,,,,40.67312374336419,0.001262147815294865,,,,,,,,,59.08927390797866,0.0012736421319578242,,,,,0.18847078110371737,0.00021481888676978459,,,,,,,,,,,,,,,,
BRe_grain_06,0.051873576232262124,0.0003762423967130313,,,,,34.73379811782609,0.0010887892731112345,,,,,,,,,64.92127566495876,0.001119173594012225,,,,,0.07005222935808628,0.00018226946164788936,,,0.22300041162480952,0.00010649067471738165,,,,,,,,,,,,
BRe_grain_07,0.04791671403152928,0.00042513403600992125,,,,,39.6498530348075,0.001197795761203197,,,,,,,,,60.00332282227857,0.001232370441988105,,,,,0.29890742888241184,0.00020964304265035273,,,,,,,,,,,,,,,,
BRe_grain_08,,,,,,,31.890846588893613,0.0010181618821556591,,,,,0.11621761051134646,0.0001968204940656422,,,66.90935104533277,0.0010780682318301752,,,,,1.0835847552622717,0.00040289650346159015,,,,,,,,,,,,,,,,
BRe_grain_09,0.9713568437778483,0.0004783456293507711,0.1501649390811003,0.00016099654678988458,,,38.37209877125055,0.001318354988749998,0.15421277889033028,0.00016680991453855507,,,,,,,57.144969440143,0.0014269048719164526,,,,,2.8743796591402515,0.0004658112523880377,,,0.3328175677169187,0.0001346917658836277,,,,,,,,,,,,
BRe_grain_10,2.0105887294219875,0.00045790094715696437,2.590687223648117,0.0003190361856355749,,,30.043927552630606,0.0012650381866376403,0.7796793895502103,0.00016159326075819994,,,0.103667923094581,0.00022926088372096187,,,56.16387131618444,0.0016869536826105023,0.5188092323909178,0.0001983445854109017,,,5.605702411891942,0.00046712056125948557,,,2.1830662211871954,0.0002653230297593215,,,,,,,,,,,,
BRe_grain_100,0.42002193975288915,0.00034403377657235226,0.7027789925595137,0.00020174051203422982,,,34.716708384250374,0.0013582502328637533,,,,,0.06814935559255894,0.00020474321438372194,,,61.398539120072584,0.001483023818292904,,,,,1.2596829129558262,0.0003389418005954659,,,1.1274594681705974,0.0002281908919560148,0.30665982664566216,0.00019109013333096388,,,,,,,,,,
BRe_grain_101,0.3422936243756858,0.0003316429484404828,1.0982463622293086,0.0002237215648709016,,,35.09612290875692,0.0013307184824398887,0.0332229975641026,0.00016730561720649042,,,,,,,60.57001798548849,0.001458779956713481,,,,,1.409372932483925,0.00034806600060519055,,,1.2548346949775255,0.00023513102485838897,0.19588849412403567,0.00019075106308268699,,,,,,,,,,
BRe_grain_102,0.04304416479285629,0.00031661697514882414,0.012743868366860327,0.00014909383467788396,,,37.80255715454385,0.0013103974999912214,,,,,,,,,61.457705815381416,0.0013589195593937207,,,,,0.6676089331831108,0.0003073094509366354,,,0.008439568626484746,0.00013299329486487834,0.007900495105418931,0.00012840237948882568,,,,,,,,,,
BRe_grain_103,0.7871362427773442,0.0003515939368299761,0.16783895769441431,0.0001574219472758455,,,32.920617603548614,0.001295583891237482,,,,,0.16521709700296908,0.00020434620457656304,,,62.43502958379177,0.0014513651902186148,,,,,0.5359462744257082,0.0002822775525980413,,,2.901877888589089,0.0002995335794698205,0.08633635217009217,0.00018931410675682064,,,,,,,,,,
BRe_grain_104,0.4728860637153165,0.00031023793788402163,0.10682223412827481,0.00014127874290869986,,,22.261270904984585,0.0012122058468960523,,,,,0.7424176385477735,0.00023467028933285417,,,65.34565615173365,0.0017697302208599926,,,,,0.6110513266335799,0.0002635194830493011,,,10.192693629226454,0.0006492847690861716,0.2672020510303674,0.0002400088786571645,,,,,,,,,,
BRe_grain_105,0.3929633280435803,0.0003496480864306282,0.20754292284938125,0.00017723802784070053,,,36.508351800766384,0.001411504246700962,,,,,,,,,60.20323057561811,0.0015350519923239103,,,,,0.6221987570274303,0.0003092452649427945,,,1.5817625405492424,0.0002597005895297793,0.48395007514587024,0.00021218917275457654,,,,,,,,,,
BRe_grain_106,0.961100293545601,0.0003615058091749272,0.07478772339451209,0.00014740114650558487,,,29.512147271159133,0.0012586017287953496,0.02760204448826893,0.0001520821995817548,,,,,,,64.40162419656804,0.0014776259654655718,,,,,0.28790208169018827,0.00025827886705465303,,,4.419911914323031,0.0003595586255891651,0.21788733648918668,0.00020475872421245697,,,0.0970371383420513,0.0002996410277173091,,,,,,
BRe_grain_107,0.3577423803497068,0.0003156703359392287,0.08429231083591085,0.00015483335941234881,,,29.48019512558757,0.0013434754495964176,,,,,0.2467435849037752,0.00020572773637948035,,,63.766128158690286,0.0015962496543776776,,,,,0.233431709586108,0.00025944664701380146,,,5.212959752681737,0.00039579409934833754,0.618506977364905,0.00023172103669375906,,,,,,,,,,
BRe_grain_108,0.8385894690366401,0.00037421364302446205,0.32207734524265796,0.00017586377952897336,,,33.82269392623991,0.0013997165566843445,,,,,0.12505873632873446,0.00020676929367688027,,,61.758701544929394,0.0015567174428546963,,,,,0.4862622300926585,0.00029276981424911997,,,2.1428062799694128,0.0002799462078810917,0.5038104681605923,0.00021612343044443016,,,,,,,,,,
BRe_grain_109,1.2319711985185995,0.00038543782598587803,,,,,33.88475641316191,0.0012812853687071521,,,,,,,,,62.12675021317956,0.0013922488544611804,,,,,0.0977443685937015,0.00025262850815534107,,,2.1609637054335535,0.00027187977976511976,0.49781410111266977,0.00020381519098102972,,,,,,,,,,
BRe_grain_11,1.2865506968083564,0.0004058417154564582,0.12599016530722743,0.0001324596929721695,,,33.22954076799375,0.001110188467002555,0.07566385664536546,0.00013444249881865906,,,0.09729293391694256,0.0001987622931604317,,,62.77467198746447,0.0012278012474985418,,,,,2.15614104705024,0.0003814939011521529,,,0.25414854481365295,0.00011203799345514275,,,,,,,,,,,,
BRe_grain_110,0.6004345981038175,0.00027819769172174693,4.002264542862388,0.00033180291212782137,,,18.32440855812229,0.001042948225046922,,,,,0.08884215351984737,0.0001769567139824925,,,64.56282157651373,0.0017597218789850032,,,,,4.4913547143670085,0.0004401780903551503,,,7.723029078075882,0.000524472037781057,0.20684477843503501,0.00022062778852805133,,,,,,,,,,
BRe_grain_111,0.09301711236941147,0.0003003349772572122,0.06553080284917655,0.0001360676524454613,,,28.577966800188452,0.0010371913332449423,,,,,,,,,67.3848084045927,0.0011629976262399133,,,,,3.8365363256204583,0.000412509711534246,,,0.042140554379805094,0.00013173254610099962,,,,,,,,,,,,
BRe_grain_12,0.44657233475430946,0.0004735354497579204,0.07061570379527456,0.00016159876415258178,,,41.861195470171225,0.0013908262770128213,,,,,,,,,56.45414630415444,0.0014320187687286508,,,,,0.7966271569950828,0.00022662823754490295,,,0.37084303012966197,0.00013161051570299078,,,,,,,,,,,,
BRe_grain_13,,,,,,,40.914975758830394,0.0012798224098082014,,,,,,,,,58.340859703968995,0.0013002787181996846,,,,,0.7441645372006213,0.00021741477280260379,,,,,,,,,,,,,,,,
BRe_grain_14,0.48086809894665045,0.00044615154829150995,0.057948653599513414,0.00015074423332487886,,,39.642294714076094,0.001293253201050944,,,,,,,,,58.965726202575865,0.0013221182490288526,,,,,0.6865006659297875,0.00021873536595631323,,,0.16666166487209816,0.00012618384310642873,,,,,,,,,,,,
BRe_grain_15,0.25366489218546695,0.00020784734787325756,0.03095014863356381,0.00014137603909940508,,,31.87024976614851,0.001029151626023415,,,,,0.09039751222518823,0.00021042891099014825,,,66.02705223760697,0.0011130784424942903,,,,,1.7276854432003081,0.00039916494772819543,,,,,,,,,,,,,,,,
BRe_grain_16,0.6284268291223946,0.0004158275051681705,,,,,35.75029329842387,0.0012180978190174424,0.4651065735677009,0.00014223892266212456,,,,,,,61.72331848982504,0.0012941015407361982,,,,,1.0210334575183038,0.0004053666027542104,,,0.411821351542689,0.00023362786426432637,,,,,,,,,,,,
BRe_grain_17,0.49232603969273847,0.0004291925944283319,0.17772371525974187,0.00014460930754580414,,,36.65945548047762,0.0011617623890705735,,,,,0.3893651615631662,0.00021193038440571566,,,60.343778587928384,0.001251678096155163,,,,,1.6258708994463917,0.0004116325489599611,,,0.31148011563195577,0.00012421024975813014,,,,,,,,,,,,
BRe_grain_18,0.5770868858413034,0.00044567017222005756,0.04115473852581499,0.00015242797968431106,,,39.00502788139784,0.0012483651039830494,0.03390286974784906,0.0001509463477148702,,,,,,,59.231362018915824,0.0013184922322818998,,,,,0.8487115348875992,0.000423332638573943,,,0.2627540706837745,0.00012682725875527923,,,,,,,,,,,,
BRe_grain_19,0.06113472948011154,0.00022199706211590447,,,,,40.022971221233426,0.0012312532551290007,,,,,,,,,59.36429772585461,0.0012487475666459681,,,,,0.5515963234318467,0.00021745376466353862,,,,,,,,,,,,,,,,
BRe_grain_20,0.4763243018091481,0.0004352096357942266,0.11235162683908892,0.00014454175074783603,,,37.11782288401423,0.0012923201767455553,0.02457623181226184,0.0001469327066282799,,,0.11092812823898579,0.00021555529289218485,,,60.231699243168165,0.001393908179898218,0.06190628615498015,0.0001877799837308732,,,1.4751698287875323,0.0004110397021946508,,,0.38922146917560513,0.00024025533102130958,,,,,,,,,,,,
BRe_grain_21,,,,,,,39.475638098212976,0.001164537510006373,,,,,,,,,60.259098246320384,0.001176286022622,,,,,0.2652636554666356,0.0002061007300388928,,,,,,,,,,,,,,,,
BRe_grain_22,0.3016063652644564,0.0004000623643466429,,,,,31.52433528467369,0.001230715818738195,,,,,0.434437051849764,0.00019350584673080744,,,62.327210129082886,0.0014105644012726434,,,,,0.3108557934219013,0.00019003630279523895,,,5.101555375707303,0.0003613567674010878,,,,,,,,,,,,
BRe_grain_23,0.7246477386228916,0.0004022275222778149,0.11244602635175156,0.00013695597555390683,,,35.07824088450025,0.001153656053411218,,,,,0.1315374322637772,0.00020349624503237986,,,61.36417701299726,0.0012649408430502132,,,,,1.6062326762166124,0.00037740948451267753,,,0.9294780990720786,0.00023268366065725408,0.05324012997537966,0.00021633945678587891,,,,,,,,,,
BRe_grain_24,0.058404120253637774,0.0002121167876994234,,,,,40.26009964978856,0.0011980789260911731,,,,,,,,,59.46500183129092,0.001214312778770572,,,,,0.11174088682047299,0.0002074046834371821,,,0.10475351184641303,0.00012043940139653688,,,,,,,,,,,,
BRe_grain_25,0.35153421864685963,0.0004003807971189458,,,,,30.9027604254958,0.001089981410953804,,,,,0.1188266592040679,0.0001957432557563638,,,66.95690444596842,0.0011775974544299696,,,,,1.6699742506848672,0.00038025954605238964,,,,,,,,,,,,,,,,
BRe_grain_26,,,,,,,39.22162484644075,0.0012763108184588115,,,,,,,,,60.221799168197364,0.0012921259672294789,,,,,0.5177676284359719,0.00019539766513848456,,,0.03880835692590464,0.00011782956235479722,,,,,,,,,,,,
BRe_grain_27,,,,,,,38.840880523766565,0.0012538813709771306,,,,,,,,,60.68793863581043,0.001268790342791343,,,,,0.38147326884180827,0.00019840101602435652,,,0.08970757158119143,0.00011595572908773747,,,,,,,,,,,,
BRe_grain_28,0.15658591194092253,0.000407194852015052,,,,,37.702328582299955,0.0012287416761909064,,,,,0.2968687743513115,0.00020021599796695268,,,60.74468015124176,0.0012809570333497235,0.13618045182799177,0.00017576225156326703,,,0.8814016838729314,0.00039430487185771514,,,0.08195444446513739,0.00011433151721135544,,,,,,,,,,,,
BRe_grain_29,0.4084532589567471,0.0003830390871709796,,,,,32.8139106268478,0.0011344735838978793,,,,,0.09773062642133926,0.00019314609869162459,,,63.09084922549633,0.001258851926358093,,,,,0.43231828390211763,0.00018627286007773434,,,2.7795050542116337,0.00032646128593225894,0.37723292416404514,0.00020644828983366515,,,,,,,,,,
BRe_grain_30,0.9956899454459134,0.0004006248089960747,,,,,37.34984765265076,0.0012637059322011001,,,,,0.10585446694822706,0.0002005610710262361,,,60.128201093742916,0.0013487289326987442,,,,,1.2484310318327574,0.00039991135256236664,,,0.1719758093794245,0.00011835383588181949,,,,,,,,,,,,
BRe_grain_31,0.12492366997767597,0.0004149378012923768,,,,,38.87158501765085,0.0012740489587070513,,,,,,,,,60.33681942901153,0.0013218182956250284,,,,,0.6661493780189977,0.0003921336380351968,,,0.000522505340955491,2.96570233546662e-05,,,,,,,,,,,,
BRe_grain_32,0.23191238423661592,0.0003885603299770594,,,,,28.677811340805903,0.0012296965942451548,,,,,0.5125626145819298,0.00018784908986386946,,,63.3045996250959,0.0014882385329036947,,,,,0.17177766944354034,0.00018479352126214504,,,6.772060769846176,0.0004785519407556002,0.329275595989931,0.00020266350147120355,,,,,,,,,,
BRe_grain_33,0.12813855536814522,0.0004144972444090822,,,,,39.87340711262314,0.001289448376805146,,,,,,,,,59.50313011796142,0.0013242120681704686,,,,,0.20062945726598067,0.00020373684026834518,,,0.2946947567813049,0.0001185363661682909,,,,,,,,,,,,
BRe_grain_34,0.6621020128827966,0.00040893252199074266,,,,,38.93092980173057,0.0013012353108499291,,,,,,,,,59.50050714514566,0.0013468918981551048,,,,,0.7818081820392312,0.0004088689064267926,,,0.12465285820172117,0.00011821068072231534,,,,,,,,,,,,
BRe_grain_35,,,,,,,40.695629160007734,0.001206070512679783,,,,,,,,,58.892558938738595,0.001216757564189085,,,,,0.11302977704350885,0.0002099851069452705,,,0.29878212421015665,0.00012357583709552856,,,,,,,,,,,,
BRe_grain_36,0.407526150581942,0.0003916384347720248,,,0.033401984633371566,0.00015327959360600138,35.09190482235536,0.0011775589373823779,,,,,0.13538596637757497,0.00019613314556594962,,,62.11421411104693,0.00126719703610671,,,0.11122641358603327,0.00016807008723717084,1.650837220163928,0.000390521948596175,,,0.3971497212612784,0.00022761831002153353,0.05835360999358661,0.0001064164017135307,,,,,,,,,,
BRe_grain_37,,,,,,,15.912426713140823,0.001025169424504202,,,,,0.6181201159080416,0.00018171191302027577,,,64.39700750339206,0.0019347340361581648,,,,,,,,,19.07244566755907,0.0011115644715415647,,,,,,,,,,,,
BRe_grain_38,0.2831682508738485,0.00019314791511140884,,,,,27.125927092498326,0.0012394615211080997,,,,,0.9785560847284022,0.0002809846603857526,,,62.97787284041819,0.0015804457471447623,,,,,0.10076419400424155,0.00018331026712550575,,,8.316654331469591,0.0005038403275372008,0.21705720600740078,0.0002029041859919325,,,,,,,,,,
BRe_grain_39,1.144726217216614,0.0004026253804689689,,,,,35.542614392238455,0.0012864841453662447,,,,,0.12019023513753163,0.0001952030181132621,,,60.43982333394765,0.0014079244004862963,,,,,0.18163854464253484,0.00019433459011200567,,,2.1235602323018297,0.00023562093926845714,0.4474470445153871,0.0002126918301367562,,,,,,,,,,
BRe_grain_40,0.721647821598989,0.0004360263586745956,,,,,36.8158858401894,0.0013104263944909394,,,,,0.18904480647544022,0.00021749587434239268,,,59.35115595929877,0.0014174051766755189,,,,,2.8091110195800937,0.0004242446869867813,,,0.07471442441985954,0.00012540029573381082,0.03844012843744854,0.00011630729377006132,,,,,,,,,,
BRe_grain_41,1.1768874474717843,0.00042942603647255783,,,,,37.87312435267107,0.0013071803234885613,,,,,,,,,58.992002923252315,0.0013908679694636886,,,,,1.7598285268568232,0.0004101876063919374,,,0.1475261061841726,0.00012267240531820163,0.05063064356383325,0.00011552133197905355,,,,,,,,,,
BRe_grain_42,,,,,,,30.908790533043508,0.001306186583786264,,,,,0.18095743293495126,0.00019132808860273975,,,61.930711568760785,0.0015206163530185435,,,,,,,,,6.531567859301337,0.00040078256461574313,0.4479726059594223,0.0002077377808450986,,,,,,,,,,
BRe_grain_43,0.5205274802951365,0.00042637578513849133,,,,,37.734997726347004,0.0013122738629391935,,,,,0.0850105501521051,0.0002074035929525512,,,59.7904611034874,0.0013865200725849036,,,,,1.4325308767257747,0.00039931933158153705,,,0.4364722629925752,0.0002348897274842141,,,,,,,,,,,,
BRe_grain_44,,,,,,,39.013152680326996,0.0012689153072248463,,,,,,,,,60.43111081867609,0.001282102426097558,,,,,0.49171276523411284,0.00020231420133048341,,,0.06402373576278662,0.00011874506280378146,,,,,,,,,,,,
BRe_grain_45,0.09996741446663991,0.00041082091313676596,,,,,38.44933687175362,0.0012238509663410775,,,,,,,,,60.74887951206909,0.001269798603394855,,,,,0.6640861669481212,0.00038749509119292026,,,0.03773003476251834,0.00011465713858945973,,,,,,,,,,,,
BRe_grain_46,0.058431782952553094,0.0002093805966859121,,,,,40.2007492978767,0.0012982370912787455,,,,,,,,,59.40357039323789,0.0013017397794371415,,,,,0.3127235736070721,0.00020564225671894877,,,,,0.02452495232577779,0.00011124914347546712,,,,,,,,,,
BRe_grain_47,0.4538061298291463,0.00040814851989119926,,,,,37.94218716554242,0.00127016951131316,0.18783068162289124,0.00014385344472358616,,,,,,,60.420769552311704,0.0013228791133827668,,,,,0.7843791760708948,0.0003965322142672612,,,0.21102729462293351,0.00011572654773575535,,,,,,,,,,,,
BRe_grain_48,0.8459342530535131,0.0003964032693559287,0.10365087772250921,0.00012944769392634755,,,33.20303724944037,0.0012229097746357023,,,,,0.12434858777508505,0.0001980920375116973,,,61.33037771309887,0.001393271712928155,,,,,3.7681201569602973,0.0003898402315175078,,,0.5083435765137913,0.00022326911562279645,0.11618758543557113,0.0002149670414498877,,,,,,,,,,
BRe_grain_49,0.20572768470170025,0.00020132196069944412,,,,,30.869640497838873,0.0010739493240828554,,,,,0.09566014905196803,0.00019243188745310502,,,66.77849735633104,0.0011370186254947108,,,,,2.0504743120764126,0.0003740984894418445,,,,,,,,,,,,,,,,
BRe_grain_50,1.0664160149428026,0.00040957645363714053,0.1298986393083461,0.0001397555526153612,,,35.46199678825716,0.0012116762710913233,0.03127394335896668,0.00014465123749668205,,,0.08894953800202697,0.00020343900287160402,,,60.544062564419136,0.001338410603611178,,,,,2.2022455716845672,0.00040685367072825895,,,0.3972899941508177,0.00023074017420821857,0.07786694587617478,0.0002166431115600817,,,,,,,,,,
BRe_grain_51,0.663879712193888,0.0004191593318826076,,,,,36.335027128253,0.0013193736811509243,,,,,0.17671790133641957,0.00020247538738845416,,,60.66016111486757,0.0014263650203198983,,,,,0.20505902669986914,0.00019973188413983188,,,1.6671788810555557,0.00022686743854055975,0.29197623559367875,0.00021589105052169824,,,,,,,,,,
BRe_grain_52,0.1402018341398203,0.00042077722477778704,,,,,40.136276272782474,0.0013527583402728762,,,,,,,,,59.38981247484926,0.0013909825687856685,,,,,0.31392862393825777,0.00020399232231128843,,,0.019780794290193957,0.00012016538233517785,,,,,,,,,,,,
BRe_grain_53,1.4210122569750328,0.0004150912346883895,0.06937884102101402,0.00014057658120980707,,,34.2761691920384,0.0012946209469367309,,,,,0.34325257956013006,0.00020661057692334788,,,60.26797511676385,0.001467357070332274,,,,,0.3851455861550306,0.0002044295734120811,,,2.860738198599599,0.0002474916210267607,0.37632822888693956,0.000223064699176106,,,,,,,,,,
BRe_grain_54,0.09905506478205091,0.00022360965663427765,,,,,42.29593328417873,0.0013224253182417467,,,,,,,,,57.05507467182467,0.0013393930903357317,,,,,0.21429208240161973,0.00021217652586926465,,,0.3356448968129299,0.00012696812944545637,,,,,,,,,,,,
BRe_grain_55,0.1910072333367694,0.0004125181864508445,,,,,37.60310855885364,0.001209178947279144,,,,,0.11613003267206103,0.00020335507499162528,,,60.43609949630188,0.0012760637696128884,,,,,0.23792994013631916,0.000199640355219513,,,1.3017762836614177,0.00022921533101904676,0.11394845503791058,0.000218244703469175,,,,,,,,,,
BRe_grain_56,0.3430633042400657,0.00035513953343539577,,,,,28.901421854890614,0.0009416866648743022,,,,,0.0915430691302604,0.00017223145770133323,,,69.65687238304572,0.000994694997612891,,,,,1.0070993886933313,0.0003464333383495982,,,,,,,,,,,,,,,,
BRe_grain_57,0.48582815467919943,0.0004058635559550129,0.0668979989950231,0.0001369899222907165,,,35.85891846625862,0.0011688118107900183,0.061080427878698745,0.000141085909684305,,,0.08650908139628398,0.00020330726938943736,,,61.93391319996763,0.001248146776777015,,,,,1.071505150837479,0.00038864373127287243,,,0.43534751998707477,0.00022243971727517334,,,,,,,,,,,,
BRe_grain_58,0.8606558039096651,0.0003141964344706944,0.1074866389677793,0.00010979292620392449,,,28.417480565140284,0.0009099943475081993,0.042890308768422494,0.00010962200012012495,,,0.09165338816000373,0.00015638075463534585,,,67.28861294216766,0.0010254834608044168,,,,,3.0533615809879193,0.00031419833985861354,,,0.1000769054358295,9.34689177617321e-05,0.037781866462428,8.780564756507691e-05,,,,,,,,,,
BRe_grain_59,0.7637229934848264,0.0004020575391791069,0.16371136914180023,0.0001332168013325695,,,32.56042221851974,0.0013021619822621195,,,,,,,,,61.61820549887871,0.0015074099738636773,,,,,0.2340843896816219,0.00019367448703964225,,,4.302619177525807,0.00037462341699682843,0.3572343527674982,0.00021027299218752,,,,,,,,,,
BRe_grain_60,0.6977935287619665,0.0003929012915290462,0.10998658832863303,0.00013583656565566678,,,35.40186737664959,0.0011402353285660293,,,,,,,,,61.95105463573112,0.0012112757977688837,,,,,1.6760651536629299,0.00037331051138697575,,,0.12291367110282228,0.00011067111558150926,0.04031904576293085,0.00010367847511557921,,,,,,,,,,
BRe_grain_61,0.4344222403152904,0.0004141580602771181,0.037614092693858334,0.00013666890227535014,,,37.40462350235609,0.0012089245333417392,,,,,,,,,60.93212830402427,0.001273778566515415,,,0.037257192492747726,0.00017371926983575817,1.1539546681177446,0.00039336049040559145,,,,,,,,,,,,,,,,
BRe_grain_62,0.6854197814564349,0.00041353394409793335,0.35557819668748153,0.00013606232167432493,,,35.253026320700116,0.00118681484985075,,,,,0.2706287248286722,0.00020511846908779545,,,62.26072542507697,0.0012683128476021932,,,,,1.1012887400994038,0.0003870764521526513,,,0.031681668096733964,0.00011395478841642951,0.04165114305418777,0.00010765085338328078,,,,,,,,,,
BRe_grain_63,0.7987747964840021,0.0003992440958438586,,,,,35.36701337846556,0.001180665162834136,,,,,0.17377718459247926,0.00019681800122696577,,,61.22489227299505,0.0012732432803002093,,,,,1.683751755167668,0.00037682793821604494,,,0.6753437366461011,0.00022569299441622416,0.07644687564913832,0.00021562644698380109,,,,,,,,,,
BRe_grain_64,0.6523337814271115,0.00042901104618135407,,,,,38.58644244527105,0.0013377489438190038,,,,,0.1283354236053933,0.00021099776815849275,,,58.75830524741005,0.0014146777555889983,,,,,1.3367419718496847,0.00041821152698273993,,,0.4624527276569442,0.00024433418066998307,0.0753884027797743,0.0002306236027610931,,,,,,,,,,
BRe_grain_65,0.12628735815472703,0.00019216167355213173,0.14140388332611764,0.00012928185862815515,,,28.823950307105456,0.0013084016648279686,,,,,0.4184113677490743,0.00019082858869679244,,,62.610853879359105,0.0015905862844547494,,,,,0.1518144254796839,0.000183044140671129,,,7.3873663251270285,0.0004918398730313761,0.3399124536988066,0.0002011939990515878,,,,,,,,,,
BRe_grain_66,0.9391642093649036,0.0003826208551696162,,,,,26.29803330325314,0.0012157917792733454,,,,,0.5899250593613882,0.0001911504209601162,,,63.42125833015151,0.0015809558373592921,,,,,0.2810496854807049,0.00018130068402645222,,,8.16644619237133,0.000505196223224995,0.30412322001703246,0.00020667265565492762,,,,,,,,,,
BRe_grain_67,0.7775390571059821,0.00041679570238654327,,,,,37.892111440724754,0.001281082104803066,,,,,,,,,59.77204784849782,0.0013667157051396744,,,,,1.2140236742100243,0.0003957551236999495,,,0.31364951435444266,0.0002357958854381784,0.030628465106974263,0.00011185997686385127,,,,,,,,,,
BRe_grain_68,0.0806032010694874,0.0002060772554495623,,,,,38.8625056883957,0.001286811955142074,,,,,,,,,60.36665344587316,0.0013119861823007331,,,,,0.57375734292156,0.00019981404145879132,,,0.11648032174009229,0.00011879817089925384,,,,,,,,,,,,
BRe_grain_69,,,,,,,39.07002129378584,0.0012658711557201469,,,,,,,,,60.4744808118676,0.001286156836570985,,,,,0.4554978943465551,0.00019527527968213858,,,,,,,,,,,,,,,,
BRe_grain_70,0.5793184911809279,0.00040977297764843175,,,,,37.465791795099115,0.001232456097360834,,,,,,,,,60.81278176686112,0.0012996509757937287,,,,,1.0057935523306738,0.00039232992737374547,,,0.10687951643399887,0.00011546013962319732,0.02943487809415841,0.00010600292514510211,,,,,,,,,,
BRe_grain_71,,,,,,,38.78333213279076,0.0012743515466987854,,,,,,,,,60.92746871166551,0.00128151411225763,,,,,0.2891991555437206,0.0001953561758008153,,,,,,,,,,,,,,,,
BRe_grain_72,0.05759378454460782,0.0004115970534738306,,,,,39.2803353016238,0.0013259260861751521,,,,,,,,,60.1216654489058,0.0013618196503770445,,,,,0.4699673429577643,0.0004027385212682145,,,0.0704381219680292,0.00011750387953800402,,,,,,,,,,,,
BRe_grain_73,0.06967667171491977,0.0004211676684101332,,,,,39.92781583607555,0.0011650320139746293,,,,,,,,,59.73554117078152,0.001177122733941486,,,,,0.2669663214280049,0.00020501619627957075,,,,,,,,,,,,,,,,
BRe_grain_74,1.2340957619410866,0.00039609802463237074,,,,,36.00700497032898,0.0011692601923210346,,,,,,,,,61.190206100991595,0.0012542068661657451,,,0.16989319068611095,0.00016974871125927086,1.2387229599092648,0.0003920300049833095,,,0.0887497429083871,0.00011578632874131894,0.07132727323457388,0.0001102858615645836,,,,,,,,,,
BRe_grain_75,0.11403499049283691,0.0004145361907768454,0.09992741028465965,0.00013984351373608135,,,37.643901128097134,0.0012685707478451227,,,,,0.17960872092945687,0.0002008591170106558,,,61.46143354933054,0.001315709827488616,,,,,0.44968719625036874,0.00020346759587012468,,,0.05140700461498843,0.00011818686052897305,,,,,,,,,,,,
BRe_grain_76,0.2515854554539102,0.0004185169542933414,0.045958552732494024,0.00014110056772059998,,,38.57422319426892,0.001309387474283962,,,,,,,,,60.087146652493615,0.0013638306533755318,,,,,0.6251698787292234,0.0004007656125063263,,,0.37975418177396186,0.00023441301464792412,0.036162084547866305,0.00010951063317012768,,,,,,,,,,
BRe_grain_77,0.6402127376763994,0.00038155977439258533,0.07650161917874039,0.0001286050556513172,,,24.67320468453958,0.0012193212515347021,,,,,0.39559648414985926,0.00017973078023720952,,,63.81165561032998,0.0016575547544643665,,,,,0.16872860262829537,0.00018052758928893825,,,9.971345372841354,0.000566295404344125,0.2627548886557978,0.0002007062508837183,,,,,,,,,,
BRe_grain_78,0.40961794210285046,0.0004114841749487363,0.03844562859021792,0.0001385320348796691,,,38.07427270285463,0.0012544154070992636,,,,,0.20135374735817296,0.0002025815864096582,,,60.1301200953006,0.0013258327658442648,,,,,1.082247684929345,0.0003949755325725213,,,0.06394219886419292,0.00011534405326198067,,,,,,,,,,,,
BRe_grain_79,0.23666913676738227,0.0003994717979492715,0.1670337237611235,0.00013875882593062397,,,37.44731954277254,0.0012639674217272674,,,,,0.08317872736684022,0.0002001205723560599,,,60.628247732859684,0.0013320342302219938,,,,,1.3675506963330184,0.00039743890045466234,,,0.07000044013940998,0.00011913932439473457,,,,,,,,,,,,
BRe_grain_80,,,,,,,39.08628827806656,0.0012779507541775383,,,,,,,,,60.762660426520135,0.00128578767738384,,,,,0.1510512954133082,0.00019554622222842357,,,,,,,,,,,,,,,,
BRe_grain_81,0.4365359285581479,0.00041123248298621166,0.1430541391040424,0.00013891860020466253,0.0422045316538499,0.00015599881347530398,36.732117377071035,0.0012070889474835593,,,,,0.08241073978742994,0.00019947263588565703,,,60.78618817197916,0.001272398171442683,0.039080791945604224,0.00017610789901538392,,,1.4629564017084122,0.00039168301865353047,,,0.23376461052321634,0.00011379157759939363,0.041687307669109684,0.00011103717094355091,,,,,,,,,,
BRe_grain_82,,,,,,,31.59584291239068,0.0010416370682603062,,,,,0.07861636304712052,0.0001862621747185772,,,67.37689113614131,0.001087675950444843,0.037182535926543414,0.00017126237400404468,0.05364145306535031,0.00016079930659289527,0.857825599429012,0.000360976040583335,,,,,,,,,,,,,,,,
BRe_grain_83,0.09032073434493194,0.0004135340058545229,,,,,39.00736387638023,0.0012681273581532536,,,,,,,,,60.344075933179084,0.001293939183002885,0.3072062953505921,0.0001796171998842269,,,0.2510331607451548,0.0002024392662396292,,,,,,,,,,,,,,,,
BRe_grain_84,0.09122927323757672,0.0004083953250614873,,,,,39.62647691814695,0.001307414670117456,,,,,,,,,60.056178603558706,0.0013143279086110567,,,,,0.17464643184539727,0.00019347059021997197,,,0.051468773211358176,0.0001170598963018145,,,,,,,,,,,,
BRe_grain_85,0.18164084223269916,0.0004127171863939744,0.15262550686302537,0.00013950546573709781,,,36.926259464415246,0.0011978014328864381,,,,,0.12815814757295563,0.0002070020025918455,,,61.09337888856471,0.001292010322286516,,,,,1.3929490737146928,0.0003883843066355009,,,0.08306599567150601,0.00011610525226799392,0.04192208096516553,0.00011002936183185833,,,,,,,,,,
BRe_grain_86,0.7438734480581305,0.00047695341418115905,0.14304567925072578,0.0001642960644766978,,,41.627794824545425,0.0014098456176308337,,,,,,,,,55.01826998519055,0.0015027748093174702,,,,,1.94100964249726,0.00046792686537597505,,,0.43472255564266604,0.0002755561485217985,0.09128386481524596,0.00012789408776889294,,,,,,,,,,
BRe_grain_87,0.047844201368131285,0.00034722872321549887,,,,,33.59520182707512,0.0010203029141964157,,,,,,,,,65.74395603101823,0.00104949539921006,,,,,0.6129979405385273,0.00033755602028069095,,,,,,,,,,,,,,,,
BRe_grain_88,,,0.05285266773997772,0.00012020880516081074,,,14.20110618782235,0.0010134627089471199,,,,,0.6568762536367414,0.00017823876738128964,,,66.48362539648149,0.0021304424352456587,,,,,,,,,18.45392930566839,0.0012352753412351435,0.15161018865106737,0.00028884415047697,,,,,,,,,,
BRe_grain_89,0.024308676357958428,0.00035962809974520853,,,,,39.294062839279135,0.0012673940393964464,,,,,,,,,59.591806394218914,0.001320363737526427,,,,,1.0827808835992194,0.00039407778052486604,,,0.0070412065447755575,0.0001022550088504309,,,,,,,,,,,,
BRe_grain_90,0.8163882619929055,0.0004052793168325411,0.1857275071810145,0.00013607750516070961,,,34.9950268903587,0.0011706189102828573,,,,,0.13533416177768517,0.0002021876369541377,,,61.62685524667162,0.0012571039609281694,0.3454652049470709,0.00017537020216854584,,,1.7481526726813363,0.00038683315064625247,,,0.11197497804425433,0.00011419893676459133,0.03507507634541767,0.00010397128342375148,,,,,,,,,,
BRe_grain_91,0.0821416889207617,0.00020822946813355716,,,,,40.07511842270735,0.0011823288294716908,,,,,,,,,59.27977467134961,0.0012018134499943685,,,,,0.5629652170222857,0.00020651242734332382,,,,,,,,,,,,,,,,
BRe_grain_92,1.1404157077774346,0.00040286589319529884,0.10544109252403294,0.00013691765703099,,,36.176053425425145,0.0011531523242444902,,,,,0.08779378171573785,0.00019163695206330462,,,61.09397565529464,0.0012644644665634618,0.048657687953523106,0.00017965147092457304,0.06603666132765214,0.00017314040269128352,1.2459578758291638,0.00039622554213601766,,,,,0.03566811215266976,0.00010792580320714254,,,,,,,,,,
BRe_grain_93,0.40580590265767713,0.0003829288947528865,0.0933643069998274,0.00012959054764050503,,,34.256764263434405,0.0011208220347617174,,,,,0.11551422884759814,0.00018955545251360677,,,63.09538036695256,0.001228954611177741,,,,,1.6925611128641656,0.00036482467629321964,,,0.30088452716327524,0.00021913349905903592,0.039725291080486586,0.00010446039214236686,,,,,,,,,,
BRe_grain_94,1.1265413418777213,0.0003888486871218906,0.517936569672014,0.00013209767048137676,,,33.376489512822104,0.0012489082390647862,0.14942258957066562,0.00013538979343194894,,,0.08492930958852207,0.0001953513821266748,,,61.77270147572251,0.0013827202668924002,0.18885344337323653,0.00017135103369185522,,,1.9982655381303147,0.0003788839593475418,,,0.7449240974571946,0.0002259856856608109,0.03993612178570526,0.00021172012567695914,,,,,,,,,,
BRe_grain_95,1.126967095190551,0.0004018424791036858,0.5177007054620725,0.00013262156500864868,,,33.37557249983262,0.0012380494963752334,0.14946957416820647,0.00013235288728711923,,,0.08513298194962857,0.0001934333643188902,,,61.77426367974399,0.0014116675568713107,0.18862327019499156,0.00017266436046889792,,,1.9976849394578204,0.0003825597370186198,,,0.7446960607529305,0.00022344434460392222,0.0398891932471851,0.00020327137978260813,,,,,,,,,,
BRe_grain_96,0.5308947575924614,0.0003503195650483524,0.1791541278377729,0.000169656868140862,0.07715611809708876,0.00018089248464262715,35.523842099485506,0.001273095760934513,,,,,0.24980380029650437,0.0002203675178118386,,,62.25146355268245,0.0013659139859550386,0.04646696084918281,0.00022697141010960453,,,1.0688785704735717,0.0003288546003474131,,,0.03951319267709979,0.0001596223388489071,0.03282682000836539,0.00015790341714645462,,,,,,,,,,
BRe_grain_96,0.3282516508179735,0.0004143510683925946,0.15259747313432803,0.00013984959325859502,0.07754532178564402,0.0001571658974146561,37.24911523775254,0.0012262911965653814,,,,,0.3277069515122588,0.0002001235410603895,,,60.94471722695025,0.001275632811773769,,,,,0.8481508001535621,0.0004024100555283999,,,,,0.07191533789345046,0.00010948218502599636,,,,,,,,,,
BRe_grain_97,0.058351080978991075,0.0002120447432921718,,,,,40.6057955355665,0.0012108922876865034,,,,,,,,,59.17828949218526,0.0012214290549802977,,,,,0.15756389126925352,0.00020587765860567974,,,,,,,,,,,,,,,,
BRe_grain_98,,,,,,,40.89121648955671,0.001215318260877828,,,,,,,,,58.88204848858126,0.001228429954421403,,,,,0.2267350218620096,0.0002068206954388609,,,,,,,,,,,,,,,,
Goethite_01,0.23387595384860377,0.0001835121689966787,0.08206454253816996,0.00012542579268841653,,,29.003915124613528,0.0009740200466683763,,,,,,,,,68.84819218255682,0.0010245267980481824,1.480132505734251,0.0003175477202613007,,,0.35181969070864133,0.00017371551008626515,,,,,,,,,,,,,,,,
Goethite_01,0.18931509068648286,0.0002894551905170178,0.08653743970526677,0.00015003806237821313,,,29.919864615663737,0.0010031177735268714,,,,,,,,,67.88547713300963,0.0010831015223261946,1.5116707187423817,0.0003056336346091312,,,0.4071350021924942,0.0002592172816664867,,,,,,,,,,,,,,,,
Goethite_01,0.18015379879966567,0.00020795049218919761,0.09095563785981146,0.00013978809851772288,,,29.6691006196168,0.0009719118803661174,,,,,,,,,68.2649662526621,0.001042981910294695,1.3729803951956512,0.0003483000725800863,,,0.4218432958659738,0.00018914994698486252,,,,,,,,,,,,,,,,
Goethite_01,0.3374842585967306,0.000374456019105644,0.08251630942245905,0.00012551636339736843,,,28.98776174958761,0.0009754907281964247,,,,,0.0651014096562813,0.00018132334607277265,,,68.79086399951508,0.0010923107906747923,1.3630480319219194,0.00031758328816098083,,,0.37322424129992204,0.0001798185066560543,,,,,,,,,,,,,,,,
Goethite_01,0.27085889092310095,0.0002843453260639033,0.08986214765428815,0.00014862686258619617,,,28.858515045987083,0.0010518849216609486,,,,,0.07057516733729197,0.0001839219910552528,,,68.93615750612753,0.0011294162339676897,1.355291471085041,0.00028269272455889164,,,0.41873977088565434,0.0002572724138115891,,,,,,,,,,,,,,,,
Goethite_02,0.22528778821809858,0.00020931734145259817,0.08347541844735552,0.0001380977068049918,,,29.747125757701497,0.0009675631773884984,,,,,,,,,68.15076589371297,0.0010412067256330983,1.3930471141476208,0.0003623849788594343,,,0.4002980277724581,0.0001985809773430028,,,,,,,,,,,,,,,,
Goethite_02,0.19320701760719608,0.0001852613392916761,0.09579967367869331,0.00012278724877153667,,,29.048372946264706,0.000994012562988262,,,,,0.07504512282684796,0.00018122635950343425,,,68.75245988761336,0.001046211176418958,1.4539083126730612,0.00032149611876313106,,,0.381207039336144,0.000174597333528478,,,,,,,,,,,,,,,,
Goethite_02,0.2563171642620157,0.00029071350739554616,0.08416404485935836,0.00014965460239219782,,,28.82399800085694,0.0010147949873423963,,,,,0.07439769349403415,0.00017861279824856943,,,68.97145575234586,0.0010992921087277436,1.3487324671421865,0.0002865117500474369,,,0.4409348770396083,0.0002592074468681074,,,,,,,,,,,,,,,,
Goethite_02,0.33774498396600755,0.00036714298199803366,0.08260010009439503,0.0001258268532039631,,,28.982483843422134,0.0009786967138080372,,,,,0.06540960255200107,0.00018278973502423073,,,68.79534757215534,0.0010624435548834141,1.362969073335091,0.0003218880129851832,,,0.3734448244750399,0.00018305665289249394,,,,,,,,,,,,,,,,
Goethite_02,0.12350210829984644,0.0002891827405740916,0.07030069946810817,0.0001488011926232876,,,31.128722188450773,0.0010260036042159556,,,,,,,,,67.17941831530614,0.0010899374117979883,1.0782136331037753,0.0002715046623058454,,,0.41984305537135935,0.0002673042934424049,,,,,,,,,,,,,,,,
Goethite_03,0.25616145181078076,0.0002850567221477989,0.10225105349329001,0.00014492913029286005,,,28.764344765623655,0.0010018945193981843,,,,,,,,,69.06926504420264,0.0010765109675389803,1.3557504950509154,0.00028100087286530255,,,0.4522271898187249,0.00025261226975693157,,,,,,,,,,,,,,,,
Goethite_03,0.20398199465769315,0.00020667545243078638,0.09156162372098368,0.00014016564361795625,,,29.81631935727707,0.0009706994958571884,,,,,,,,,67.9830984420038,0.001040062666782253,1.4804957040581423,0.00035608881914092925,,,0.42454287828231413,0.0001986733114148585,,,,,,,,,,,,,,,,
Goethite_03,0.23286702790261166,0.00037272792862209003,0.0750469492085273,0.00012427580120330392,,,28.816386196778144,0.0009869145361546233,,,,,0.08439177187819623,0.00017874179971938528,,,69.00110111139351,0.0010766866870038866,1.3921606770995931,0.0003206380407356086,,,0.3980462657394398,0.00017633708233530892,,,,,,,,,,,,,,,,
Goethite_03,0.13154152207970696,0.00028632866872477496,0.05864109692979848,0.00015044432396198954,,,31.00675406127446,0.0010303893737699484,,,,,,,,,67.31431657365552,0.0010865534569837346,1.0777817255399023,0.0002725711600263109,,,0.41096502052061057,0.00026848337008381496,,,,,,,,,,,,,,,,
Goethite_04,0.2543691396503673,0.0003717034409514866,0.08200529655225332,0.00012303801468801587,,,29.016697424459316,0.0009603198703396755,,,,,,,,,68.8886462898871,0.0010456384919836457,1.3284465613912193,0.00031989859079078835,,,0.4298352880597432,0.00017381040624614552,,,,,,,,,,,,,,,,
Goethite_04,0.2124854244934337,0.0001858940857538413,0.07481341067084736,0.00012455922800273412,,,28.852751152566086,0.0009544707838035744,,,,,,,,,69.06932788541371,0.0010262368341845737,1.3729694914735586,0.000317020389699496,,,0.41765263538236336,0.0001830541503178711,,,,,,,,,,,,,,,,
Goethite_04,0.3335052073441317,0.00029511291443653825,0.08192923605276106,0.00014914462526696842,,,28.781141520664498,0.0010265825515553256,,,,,0.06634442523073977,0.00018586651657829492,,,69.01113223268786,0.0011070384831055838,1.3433310100135698,0.00028536055907810414,,,0.3826163680064454,0.00025110430785150637,,,,,,,,,,,,,,,,
Goethite_04,0.1823564453566043,0.00021040663475104115,0.08437356865445865,0.0001421157166216041,,,30.024732352395176,0.0009904118515146232,,,,,,,,,67.81600726480326,0.0010536159837282414,1.4661726182940167,0.0003559626154295767,,,0.4263577504964945,0.00020206105130819968,,,,,,,,,,,,,,,,
Goethite_05,0.28113065478442983,0.0003652000685105227,0.08131569228558831,0.0001226485577062511,,,28.635017628517083,0.0009573078411588249,,,,,0.07365950060022142,0.00018255116954622234,,,69.13809285109225,0.0010404852500693067,1.346871988480425,0.00031571067862083116,,,0.44391168424001026,0.00017785919719869766,,,,,,,,,,,,,,,,
Goethite_05,0.3376498630163957,0.00030043268190935147,0.07972031260290598,0.00014748799974087512,,,28.75182372552053,0.0010346100937082849,,,,,,,,,69.09503722274658,0.001106957130525903,1.3471847323923904,0.0002901011667877402,,,0.3885841437211997,0.0002555083697478299,,,,,,,,,,,,,,,,
Goethite_06,0.29443750521547435,0.0002854418242113093,0.07927631295699886,0.0001439850634303676,,,28.760608976820745,0.0010430598270141358,,,,,0.0802122822949678,0.00018633158334616055,,,69.03441417324973,0.0011310172617190408,1.3486485692150902,0.00027905013829736014,,,0.4024021802469897,0.00025630896484303626,,,,,,,,,,,,,,,,
Hematite Elba,0.7206581807461389,0.00044601447982929495,,,,,41.36376973536279,0.0018758081963270409,,,,,,,,,57.840053648404236,0.001914736556390406,,,,,0.07026821720121353,0.00043559166468923864,,,0.00525021828563416,0.00014247698785387728,,,,,,,,,,,,
Hematite Elba,0.7179617356699626,0.0004526966284290432,,,,,41.307830602519665,0.0018364144258155124,,,,,,,,,57.89455347980407,0.0018654630724572777,,,,,0.07018388494414944,0.0004218758942290072,,,0.009470297062166328,0.00018556498595352413,,,,,,,,,,,,
Hematite_370_01,,,,,,,39.8310155948059,0.0012129803926883768,,,,,,,,,59.82022539312284,0.0012172815005281775,,,,,0.3487590120712634,0.0002105670799997675,,,,,,,,,,,,,,,,
Hematite_370_01,0.11434624598489747,0.0003419585189147595,,,,,40.78978222892763,0.0012737795029601285,,,,,,,,,58.99611228306968,0.0012954686732915789,,,,,0.09975924201780005,0.00028545375353992926,,,,,,,,,,,,,,,,
Hematite_370_01,,,,,,,39.474449253593576,0.0011379606707946986,,,,,,,,,60.525550746406424,0.0011379606707946999,,,,,,,,,,,,,,,,,,,,,,
Hematite_370_02,,,,,,,40.501132977438246,0.0012153025113152275,,,,,,,,,59.498867022561754,0.0012153025113152286,,,,,,,,,,,,,,,,,,,,,,
Hematite_370_02,,,,,,,39.10689881659343,0.0014212387393263623,,,,,,,,,60.89310118340657,0.0014212387393263612,,,,,,,,,,,,,,,,,,,,,,
Hematite_370_02,0.059218750325190354,0.00034327383012347875,,,,,40.80510582397085,0.001267887793281426,,,,,,,,,59.09216833989588,0.001284077849814923,,,,,0.04350708580808693,0.00028906865485388387,,,,,,,,,,,,,,,,
Hematite_370_03,0.206866687742378,0.00033685533927290014,0.0465063267512048,0.00016769689647637136,,,40.509701225472725,0.0012697837322130261,,,,,,,,,59.15823683735205,0.00129126831743329,,,,,0.07868892268164948,0.00028123427776331284,,,,,,,,,,,,,,,,
Hematite_370_04,,,0.1295737191414525,0.00017198597614285428,,,40.52579400953914,0.0012896151696294793,,,,,,,,,59.18490947700331,0.0013069388486604638,,,,,0.09921648882392517,0.00029751576763637443,,,,,,,0.060506305492169225,0.0002955109241254236,,,,,,,,
Hematite_370_05,,,0.03719455667917553,0.00017058899033435212,,,41.09113416736134,0.0012728702521182494,,,,,,,,,58.83925315227035,0.0012803822184879736,,,,,,,,,,,,,0.03241812368913086,0.00028247133444767324,,,,,,,,
Hematite_370_06,0.0657759732208738,0.0003302567981190214,,,,,40.84214241833528,0.0012569148743066972,,,,,,,,,59.01745883768172,0.0012763965699447526,,,,,,,,,,,,,0.0746227707621348,0.0002814405717146988,,,,,,,,
Hematite_370_07,,,,,,,40.92311047635742,0.001236735051348785,,,,,,,,,59.00805243141256,0.001244166421366414,,,,,0.06883709223001688,0.0002804713006640515,,,,,,,,,,,,,,,,
Hematite_370_08,,,0.07388065961038728,0.00016767578452350342,,,40.549659382835365,0.0012702146075820404,,,,,,,,,59.23561907416666,0.0012786801441007462,,,,,0.1408408833875837,0.00027898229770630475,,,,,,,,,,,,,,,,
Hematite_370_09,,,0.12531831106955402,0.00017342776350496187,,,40.677024893441256,0.0012902601138198241,,,,,,,,,59.078051971514775,0.001282660603419998,,,,,0.11960482397441301,0.0002759726835114127,,,,,,,,,,,,,,,,
Hematite_370_10,0.087292021873323,0.00033688511989873703,,,,,41.382938942879136,0.001271671146310371,,,,,,,,,58.52976903524755,0.001281478144130482,,,,,,,,,,,,,,,,,,,,,,
Hematite_Elba_01,,,,,,,39.5991453718464,0.0013106611265246834,,,,,,,,,60.40085462815361,0.0013106611265246838,,,,,,,,,,,,,,,,,,,,,,
Hematite_Elba_01,,,,,,,41.15479387977696,0.0012393569696696953,,,,,,,,,58.84520612022304,0.0012393569696696935,,,,,,,,,,,,,,,,,,,,,,
Hematite_Elba_01,,,,,,,41.001046997177134,0.0012660618504806123,,,,,,,,,58.95187642349108,0.0012673496562672962,,,,,0.04707657933178545,0.00020872923998252205,,,,,,,,,,,,,,,,
Hematite_Elba_01,,,,,,,39.4364857020962,0.0012919012216614696,,,,,,,,,60.49786475818287,0.0012944017354528023,,,,,0.06564953972092105,0.00020153474484930326,,,,,,,,,,,,,,,,
Hematite_Elba_01,,,,,,,40.791241638879264,0.000965671393985218,,,,,,,,,59.208758361120736,0.000965671393985223,,,,,,,,,,,,,,,,,,,,,,
Hematite_Elba_02,,,,,,,39.45338844431808,0.001444229622166161,,,,,,,,,60.491869701988236,0.0014528576999913694,,,,,0.05474185369367861,0.0004003807580014693,,,,,,,,,,,,,,,,
Hematite_Elba_02,,,,,,,39.62741969091569,0.0013306366295873626,,,,,,,,,60.37258030908431,0.0013306366295873606,,,,,,,,,,,,,,,,,,,,,,
Hematite_Elba_02,0.04916136128126679,0.00022761862661602184,,,,,40.988506247677044,0.0012579207484467137,,,,,,,,,58.903297819333964,0.0012740914986155607,,,,,0.059034571707714555,0.00021659645725105974,,,,,,,,,,,,,,,,
Hematite_Elba_02,,,,,,,40.72966115208147,0.000983793844477099,,,,,,,,,59.21298129574687,0.0009849426677835866,,,,,0.05735755217165583,0.00020862654882968635,,,,,,,,,,,,,,,,
Hematite_Elba_02,,,,,,,40.878560153745156,0.001241975807806411,,,,,,,,,59.121439846254844,0.0012419758078064138,,,,,,,,,,,,,,,,,,,,,,
Hematite_Elba_03,,,,,,,40.88782371452253,0.0012526991603113232,,,,,,,,,59.11217628547747,0.001252699160311325,,,,,,,,,,,,,,,,,,,,,,
Hematite_Elba_03,,,,,,,40.13841860448578,0.0012161503493361842,,,,,,,,,59.86158139551422,0.0012161503493361842,,,,,,,,,,,,,,,,,,,,,,
Hematite_Elba_03,,,,,,,40.819544389057604,0.0012832734766541275,,,,,,,,,59.119966025705914,0.001291019202429901,,,,,0.06048958523648214,0.00021654823280711446,,,,,,,,,,,,,,,,
Hematite_Elba_03,,,,,,,39.5515338535766,0.0012670088124232535,,,,,,,,,60.4484661464234,0.0012670088124232563,,,,,,,,,,,,,,,,,,,,,,
Hematite_Elba_03,0.03712836565267788,0.0002234624605817022,,,,,41.02004024003358,0.0012704424490649735,,,,,,,,,58.88377398161402,0.001284674326402975,,,,,0.05905741269972432,0.00021872510725004147,,,,,,,,,,,,,,,,
Hematite_Elba_04,,,,,,,40.645878722242564,0.001239455585244766,,,,,,,,,59.29994888992598,0.001243050957661316,,,,,0.054172387831452444,0.00027357957394741155,,,,,,,,,,,,,,,,
Hematite_Elba_04,,,,,,,40.787720584099226,0.001307108387256429,,,,,,,,,59.15163785531984,0.001317328727923801,,,,,0.06064156058093523,0.00022153117740842578,,,,,,,,,,,,,,,,
Hematite_Elba_04,,,,,,,39.55856339556424,0.0012724617702857366,,,,,,,,,60.44143660443575,0.0012724617702857368,,,,,,,,,,,,,,,,,,,,,,
Hematite_Elba_04,,,,,,,40.01697495995015,0.0012114235747455898,,,,,,,,,59.98302504004985,0.0012114235747455876,,,,,,,,,,,,,,,,,,,,,,
Hematite_Elba_05,,,,,,,39.613120843120335,0.0013069558745224896,,,,,,,,,60.332835639968394,0.0013069605452088945,,,,,0.054043516911266555,0.00019799608418321122,,,,,,,,,,,,,,,,
Hematite_Elba_06,,,,,,,39.691547102503435,0.0012956138639566184,,,,,,,,,60.30845289749656,0.0012956138639566165,,,,,,,,,,,,,,,,,,,,,,
Hematite_Senin_01,,,,,,,39.47515623781517,0.0013100624749239616,,,,,,,,,60.44449292903869,0.0013158698768219801,,,,,0.08035083314613473,0.0002846447141495357,,,,,,,,,,,,,,,,
Hematite_Senin_02,0.1260172346994512,0.0003282871675419034,,,,,39.193836653059485,0.0013094054071038038,,,,,,,,,60.56796564829167,0.0013249308435082342,,,,,,,,,0.0328336247650127,0.0001667284946157118,,,0.07934683918438609,0.00028553603337338167,,,,,,,,
Hematite_Senin_03,,,,,,,39.304241048867844,0.0013057719805542982,,,,,,,,,60.621042331974564,0.0013103731910774957,,,,,,,0.0747166191575914,0.00023073281130981264,,,,,,,,,,,,,,
Hematite_Senin_04,0.18168917399390108,0.00033928495242558504,,,,,39.86990973263783,0.0013375752538573175,,,,,,,,,59.896159228647726,0.0013483500859019929,,,,,0.05224186472053996,0.00026717460800641525,,,,,,,,,,,,,,,,
Hematite_Senin_05,0.1022647149819773,0.0003361843537302058,,,,,39.421003053944595,0.0013222882085865198,,,,,,,,,60.47673223107343,0.0013322738532217508,,,,,,,,,,,,,,,,,,,,,,
Hematite_Senin_06,0.18532394671902527,0.0003435912599975322,,,,,39.30983139075159,0.0013258153305783088,,,,,,,,,60.50484466252938,0.0013292530175248005,,,,,,,,,,,,,,,,,,,,,,
Illmenite,0.2072986575956148,0.00039410171726877037,,,,,19.171843563733358,0.001573737844242774,,,,,2.035934760326171,0.0004985600677282002,,,60.54668216826868,0.0028007475684336315,,,,,0.06269985245282088,0.00037979573153488724,,,17.97554099762336,0.001397782837863788,,,,,,,,,,,,
Illmenite_01,,,,,,,18.178641062149996,0.0010460656183683545,,,,,1.8828699656694707,0.00028529081809812755,0.2047138235940057,0.00021001173934063645,62.85310069122851,0.0018642005814175835,,,,,,,,,16.88067445735802,0.0009317495172788012,,,,,,,,,,,,
Illmenite_01,,,,,,,18.210670647903882,0.0011307335925274764,,,,,1.9011784168156847,0.00031061047972850124,0.21082488388196996,0.00020543740166576845,62.82461190823295,0.002011629468106143,,,,,,,,,16.85271414316551,0.0010030504074712726,,,,,,,,,,,,
Illmenite_01,,,,,,,19.640288319472933,0.001250293873426383,,,,,1.9159955791352243,0.00031260350456410057,0.22380814951598774,0.0002380563023811277,60.831296456352014,0.0022459695756791155,,,,,0.06461193002767669,0.00019549306703618835,,,17.18774743054373,0.0010666737788536686,0.13625213495243071,0.0003180929757260007,,,,,,,,,,
Illmenite_01,,,,,,,18.428509144739195,0.0010618828283014774,,,,,1.9405312571721591,0.0003081942043944042,0.22269557658091185,0.000205045027826764,62.37516790343183,0.001874625926273571,,,,,,,,,17.03309611807591,0.0009468061973265393,,,,,,,,,,,,
Illmenite_01,,,,,,,18.66923781592372,0.001158826115856787,,,,,1.8779998368362318,0.00028538162332994405,,,62.619554610455765,0.00210698357663621,,,,,,,,,16.708154795737904,0.0010193357767351115,0.12505294104637923,0.000299514668155608,,,,,,,,,,
Illmenite_02,,,,,,,19.09827537182084,0.0010928942411638008,,,,,1.9424906939382949,0.000308324442500582,0.22401926271717887,0.00023405251567894912,61.42189295163804,0.0019096870221520228,,,,,,,,,17.31332171988564,0.0009450322214185861,,,,,,,,,,,,
Illmenite_02,,,,,,,18.545348885745067,0.001051709095305732,,,,,1.8305100319798988,0.0002772216251477856,0.19755469894148295,0.00021578367270178446,62.81182637534499,0.0018064919495007165,,,,,,,,,16.61476000798855,0.0008730286895311789,,,,,,,,,,,,
Illmenite_02,,,,,,,18.228694844334967,0.0012431995457320695,,,,,1.8908501384794854,0.00032022551603669416,0.21701239712935771,0.00020518377556916933,62.659945257225544,0.0022732260667268464,,,,,0.061345367178207294,0.00022384994134830253,,,16.795050005051497,0.0011043246223494238,0.1471019906009416,0.0002784409581469393,,,,,,,,,,
Illmenite_02,,,,,,,18.29762512918705,0.0010368344974703383,,,,,1.8972465463842494,0.000288598205792415,0.2190611816176921,0.0002139767445464555,62.81258289489055,0.0018740813300240494,,,,,,,,,16.77348424792047,0.0009351731479057554,,,,,,,,,,,,
Illmenite_02,,,,,,,18.79684283942639,0.0010719946419042517,,,,,1.9455167356959762,0.00032196899572273246,0.21042653501781605,0.00020633636427133548,61.86773510054473,0.0018940572420638852,,,,,,,,,17.179478789315088,0.0009487870215708115,,,,,,,,,,,,
Illmenite_03,,,,,,,18.556363761242913,0.0010835782961435274,,,,,1.9390113378945892,0.0002899970540713752,0.21659418995348653,0.0002223487030560411,62.2317267959592,0.0019386981241612015,,,,,,,,,17.056303914949805,0.0009734095092006134,,,,,,,,,,,,
Illmenite_03,,,,,,,18.71538990075884,0.0012217964886865333,,,,,1.9793067671324494,0.0003088873214138898,0.22365146344430084,0.0002315395343017924,61.4743926656083,0.00224221331326709,,,,,,,,,17.49590545963224,0.0010973826037557655,0.11135374342387794,0.00031175157909597005,,,,,,,,,,
Illmenite_03,,,,,,,18.2137857576239,0.0012551931724463846,,,,,1.9263621888131748,0.0003248915324825441,0.19889696095795661,0.00021142613600281095,62.722152955416156,0.002282559522646823,,,,,,,,,16.81070578947402,0.0011026999081379433,0.12809634771479625,0.00028161288704713105,,,,,,,,,,
Illmenite_03,,,,,,,18.207978858128225,0.0011219434610689701,,,,,1.8107973512294615,0.0002771870572044973,0.1942283813587822,0.00020622062538119032,63.29708720594437,0.0020293882980422675,,,,,,,,,16.38943295742064,0.000969453436422656,0.10047524591851743,0.00028915686338896584,,,,,,,,,,
Illmenite_03,,,,,,,19.13292298345679,0.001209787188338398,,,,,1.9076152430378497,0.0003231401225506973,0.2229875295360218,0.0002090808697171351,61.25592192806195,0.002220803942921863,,,,,,,,,17.359603477299714,0.0010841274873897636,0.12094883860766661,0.000287370059916697,,,,,,,,,,
Illmenite_04,,,,,,,18.115796252688323,0.000998686854945056,,,,,1.7776354702674417,0.0002748197109883008,0.19515685474518646,0.00020899909861214975,63.65328104226757,0.001760339652040766,,,,,,,,,16.25813038003148,0.0008728024723563513,,,,,,,,,,,,
Illmenite_04,,,,,,,18.78289811452072,0.001102522655188016,,,,,1.957759390937131,0.00031801496079656935,0.22646931713528165,0.00020748990540427756,61.54180977597923,0.0019519035507976328,,,,,,,,,17.49106340142765,0.0009726617824540597,,,,,,,,,,,,
Illmenite_04,,,,,,,18.544427378783087,0.0012209986067262526,,,,,1.8355133470507625,0.00031528237481828866,0.19235574612628412,0.00020420008256110647,63.031835927831516,0.0021691316820811072,,,,,,,,,16.258286160475073,0.0010302737495560166,0.13758143973328785,0.00027873700800960517,,,,,,,,,,
Illmenite_04,,,,,,,18.28713964755461,0.001148650971714237,,,,,1.888802594107436,0.0002793872377417196,0.20599034641530203,0.00021590381257465482,62.742982257969096,0.002073761753138322,,,,,,,,,16.73523109579266,0.0010050105367856441,0.13985405816090798,0.00029191112814386873,,,,,,,,,,
Illmenite_05,,,,,,,18.4551464359925,0.0011330239952051825,,,,,1.8501087612699634,0.0002902595518215639,0.20638057617523428,0.00020925170450817367,62.70887019518822,0.002054248926698995,,,,,,,,,16.66098832565935,0.001005102727057964,0.11850570571473121,0.00029663071710446325,,,,,,,,,,
Illmenite_05,,,,,,,18.8994175917008,0.0011636757487162033,,,,,1.8580464784906,0.00032241356238719185,0.21111374233622016,0.0002125648320612822,62.315707984918426,0.0020613560305748975,,,,,,,,,16.71571420255395,0.001003937404996848,,,,,,,,,,,,
Illmentite_01,,,,,,,19.26220755198481,0.001163212202345807,,,,,1.9166414417241266,0.0003139705998539528,0.21809000003976983,0.0002406050358156424,61.40489933547963,0.0020045514459305683,,,,,,,,,17.19816167077167,0.0009668799715789917,,,,,,,,,,,,
Illmentite_02,,,,,,,19.062195553098483,0.001108627377573558,,,,,1.9307233803109163,0.0003131197328618389,0.22010241000231587,0.00023650335548312375,61.43413848189792,0.001962076069139899,,,,,,,,,17.352840174690364,0.0009849048472938074,,,,,,,,,,,,
JK25_01,,,,,,,40.79263258754249,0.001268952421656869,,,,,,,,,58.877444427570566,0.0012777053158144125,,,,,0.3299229848869455,0.0002097310194932921,,,,,,,,,,,,,,,,
JK25_02,0.13458278618580508,0.0004395805035772931,,,,,40.5555041088582,0.0012962014494832589,,,,,,,,,58.95737478661318,0.0013280625945154597,,,,,0.35253831834281607,0.00021219047351609454,,,,,,,,,,,,,,,,
JK25_03,0.15880808144447509,0.00044095827384144185,,,,,40.25151729422103,0.0012576889522580349,,,,,,,,,59.13306120916067,0.0012933574011617535,,,,,0.4566134151738143,0.00021462437237911302,,,,,,,,,,,,,,,,
JK25_04,0.12287259623502106,0.0002251435523665414,,,,,40.59266650639415,0.0012465521554725968,,,,,,,,,58.93082797552012,0.0012522157781719567,,,,,0.3536329218506966,0.00021712715990676023,,,,,,,,,,,,,,,,
LRa01_grain_01,0.25780309682523805,0.0004217531615013153,,,,,42.23032470117684,0.0012653115912337994,,,,,,,,,57.40478874581704,0.0012728512446948887,,,,,0.06734181079714643,0.00020440454093762923,,,0.039741645383738956,0.0001209350319480532,,,,,,,,,,,,
LRa01_grain_02,1.084551887431751,0.00040792277642514717,0.10441724709471928,0.00013497404282153232,,,34.76729850465784,0.0011477032758543573,0.30533451286481367,0.0001419444808575927,,,,,,,61.04158657071898,0.0012848981996447892,,,,,2.2217147849870136,0.0003867781845911746,,,0.40524280091157816,0.00022949529844013727,0.06985369133331315,0.00021173230620263729,,,,,,,,,,
LRa01_grain_03,0.06710509124420333,0.00020477925911508007,,,,,36.387328194104654,0.0013036843995118232,,,,,,,,,60.364277805046164,0.0013976689648952886,,,,,,,,,3.0445587274830777,0.0003536656331044277,0.13673018212189872,0.0002139250473379365,,,,,,,,,,
LRa01_grain_04,0.20768644871853215,0.00041590322600403647,,,,,39.23928865612113,0.0012872351424983615,,,,,,,,,59.71203806257805,0.001321660123215955,,,,,0.47591094195012534,0.0002036762017323024,,,0.2919414199786967,0.0002333004028946296,0.07313447065344798,0.00010971084480089838,,,,,,,,,,
LRa01_grain_05,0.9903470369053362,0.00039961141115705645,0.059418743853590535,0.00013370887710797126,,,34.132322165742465,0.0011426280678378063,0.03801345917226129,0.0001375452766466908,0.7942093186351118,0.0004418740206580171,0.11350784633482738,0.00019700872633125958,,,61.535716613507184,0.0013034536211807694,,,,,1.7122163168980715,0.0003836841613926906,,,0.5893709686025062,0.00022316512531686335,0.034877530348650446,0.00021104961619479792,,,,,,,,,,
LRa01_grain_06,,,,,,,39.41920969228127,0.0011464564213478615,,,,,,,,,60.097377425781175,0.0011609203370784949,,,,,0.48341288193755755,0.00020028803033733813,,,,,,,,,,,,,,,,
LRa01_grain_07,0.22987768579157053,0.00038752322657660917,0.05879117225141424,0.00013071116313511817,,,34.64734003876503,0.0012492706024045813,,,,,0.2251291589250077,0.0001931614575102188,,,61.398316027526725,0.001371936424148776,,,,,0.3463713419331486,0.00019221624801700997,,,2.6368113909721265,0.00023752354692418716,0.45736318383498503,0.00021480555023364965,,,,,,,,,,
LRa01_grain_08,0.8593027396957517,0.0003942799521755873,0.05201812551924888,0.0001353838751121059,,,35.84207809450475,0.001150883782666522,0.06093337816811407,0.00013769399721055156,,,,,,,61.518168973070466,0.0012466542904936752,,,,,1.2808171000183013,0.00038010573144959435,,,0.2173001739380472,0.000112747729086593,0.16938141508532695,0.00021611775709243195,,,,,,,,,,
LRa01_grain_09,0.5645426096064909,0.00040502928109740707,0.06083690092939893,0.00013771626673261483,,,37.726417805891984,0.0012450258016569351,0.05444977543646632,0.0001438780410150925,,,,,,,60.36640284764484,0.0013221584484526916,,,,,0.9436640923167264,0.0003920364416799835,,,0.24184621250621638,0.00011374823055547621,0.04183975566787915,0.00011015296571914454,,,,,,,,,,
LRa01_grain_10,0.0697152165474402,0.0002092441212842055,,,,,40.030863020214,0.0011770752949848663,,,,,,,,,59.58880469317639,0.001202657854545666,,,,,0.3106170700621658,0.00020566574727964846,,,,,,,,,,,,,,,,
LRa01_grain_11,0.999676974688349,0.0004078910884167005,0.04445991976265262,0.00013608210244488758,,,35.58806077282423,0.0011616790046345001,0.045477429247284866,0.00013849854162473256,,,,,,,61.500038786875656,0.0012588923622912042,,,,,1.5507707286839545,0.00037662958051926,,,0.16703188431331875,0.00011272779494240322,0.10448350360455932,0.00010645782931950341,,,,,,,,,,
LRa01_grain_12,0.7850355603129416,0.0003998650166831617,0.045264727338234355,0.00013466195598728985,,,36.97866989912143,0.0012201000689888702,0.03882051643740642,0.00014017130730587543,,,,,,,60.489408296028415,0.0013177319983691232,0.03945398154164638,0.00017911863775871607,,,1.29175475375559,0.0003881157477929957,,,0.18303290498747643,0.00011389837400117275,0.1485593604768504,0.00021629815657825917,,,,,,,,,,
LRa01_grain_13,,,,,,,40.4209062693023,0.0011909311429831994,,,,,,,,,59.49012337511197,0.001195088990335248,,,,,0.08897035558572838,0.000201905358765928,,,,,,,,,,,,,,,,
LRa01_grain_14,0.4691665068438892,0.0004088912142410831,0.10546358767175605,0.00013569276561862565,,,36.22046213806381,0.0011839902650839693,0.0461336437202971,0.0001385858753184533,,,0.1592215671976286,0.00019851034113280445,,,61.14528670339192,0.0012784387194523673,,,,,1.1920641358504132,0.0003914613075730027,,,0.5852675570610529,0.00023041888869957636,0.07693416019923101,0.00021757732283110586,,,,,,,,,,
LRa01_grain_15,0.06002587771856722,0.00021671440809504166,,,,,42.82036401489931,0.0013079813419822296,,,,,,,,,56.75057317876472,0.0013182049752251232,,,,,0.3690369286174099,0.00021006938197535308,,,,,,,,,,,,,,,,
LRa01_grain_16,,,,,,,39.911025324334,0.001179389677281688,,,,,,,,,60.02234102552041,0.0011821531166247823,,,,,0.06663365014558456,0.00020271557791209336,,,,,,,,,,,,,,,,
LRa01_grain_17,0.3576375849436063,0.0004225191307058423,,,,,39.86268575644278,0.001511655281106678,,,,,,,,,59.59169327795233,0.001559757678265875,,,,,0.07766392432300694,0.00040580784289669645,,,0.11031945633828147,0.00023710210227570976,,,,,,,,,,,,
LRa01_grain_18,,,,,,,39.82562436240444,0.0012855168933630326,,,,,0.10712156888997733,0.000209675473957976,,,59.75797355978465,0.0012961310494949267,,,,,,,,,0.2329404297094267,0.00011801200264633964,0.07298213205638059,0.00010938322893259871,0.003357947155122628,0.00012285106996370306,,,,,,,,
LRa01_grain_19,0.4116451266635658,0.0004181008866263644,0.08483787501238382,0.00013940508855580329,,,37.91007955161961,0.0012811040357074135,,,,,0.08980974088048585,0.00020091064719610189,,,60.089685823282615,0.0013535847291897096,,,,,1.109866889773651,0.000396996111232638,,,0.2253516803809246,0.00011778132527708079,0.078723312386767,0.00011070819287283313,,,,,,,,,,
LRa01_grain_20,0.7992791642277564,0.00038462020663211985,0.05721701443722396,0.00012781731259606347,,,35.220320327673406,0.0011299178490838887,0.051611753490255936,0.00013275573202223932,,,,,,,62.14036058218896,0.0012209963843955232,,,,,1.4324900101474787,0.00037176236571643157,,,0.18003015391907548,0.0001102294888539258,0.11869099391583991,0.0002094723943190754,,,,,,,,,,
LRa01_grain_21,0.5770867438431834,0.00041311921608649797,0.07625570092670288,0.00014086090689409026,,,37.36810196221472,0.001256872086906411,,,,,,,,,60.19680597835016,0.0013184211747251828,,,,,1.1533952617238612,0.0003956798335283465,,,0.4662792318559681,0.00023711332973938256,0.1620751210853918,0.0002165143101076676,,,,,,,,,,
LRa01_grain_22,0.8422695695101909,0.0004069900200591516,0.0919508500020867,0.00014238868910209144,,,35.50332625639096,0.0012192393138773308,0.09422175540807723,0.00014201818210674306,,,0.1451491496186284,0.00020485265940872475,,,60.895194163298385,0.0013375200318152549,,,,,1.5744111013392827,0.0003962621577344354,,,0.8534771544323947,0.00022988721371382131,,,,,,,,,,,,
LRa01_grain_23,0.192669710114027,0.00041146625431056147,0.030571307200638994,0.00013845243613544258,,,38.3754242781853,0.001259345809716957,,,,,0.3514221356561841,0.00020902993924294731,,,60.19731575730064,0.001339763752708222,,,,,0.6438751502160942,0.0003950461043780252,,,0.16648346206298884,0.00011680937263620763,0.04223819926413154,0.0001103383176819723,,,,,,,,,,
LRa01_grain_24,,,,,,,40.263719267698946,0.0012093621664401625,,,,,,,,,59.5253139131833,0.001209355797867403,,,,,0.21096681911776277,0.00020221990561167442,,,,,,,,,,,,,,,,
LRa01_grain_25,1.2007130940627184,0.0004158213610222765,0.03876258417024959,0.00013912323185560788,,,36.909957770979965,0.0012553726708228051,0.03941925851759809,0.00014531684242578117,1.8912075152636492,0.0004633999377674209,0.11234259975089976,0.00021042014820448442,,,57.517819004458936,0.001416204320629028,,,,,1.6364634816964048,0.00040345637602496676,,,0.5803528655828135,0.0002352516691262297,0.07296182551676772,0.00022076889217894754,,,,,,,,,,
LRa01_grain_26,0.11884219949958412,0.0001990199184743139,0.02929505406719817,0.0001327226693745132,,,29.015720165402374,0.0013030048082471638,,,,,0.9566350999328432,0.00029949231934148435,,,61.53387916945889,0.0016492237163148757,,,,,0.14519164769441983,0.00019162786512563138,,,7.862268977776503,0.0005268792088055493,0.3381676861681728,0.00020991986352355307,,,,,,,,,,
LRa01_grain_27,0.7108558423955328,0.0004050107162888707,0.0746542781264094,0.0001371835758933137,,,35.98711176508477,0.0012044031151540375,0.09973655772014725,0.0001384313984382401,,,0.12016451306694317,0.0001969661752719691,,,60.88042259058034,0.0013002928972353047,,,,,1.5038981210783844,0.0003904697885812436,,,0.5879738618490518,0.00022810944515900202,0.03518247009842971,0.00021151115381008812,,,,,,,,,,
LRa01_grain_28,0.2501433991420031,0.000417601643952295,0.038545966685496445,0.00014466856298249982,,,38.81366891508346,0.001267909092225845,,,,,,,,,59.93410756359384,0.0013288341265261972,,,,,0.8646133717251253,0.0004015367094046858,,,0.03857756507179216,0.00011612585438966816,0.06034321869827969,0.00010997723812908494,,,,,,,,,,
LRa01_grain_29,0.3259069056514688,0.00016573331732899643,,,,,12.14849258348963,0.0008074320870812421,0.1604658202866876,0.00011753833150807308,,,,,,,67.11065596186137,0.0017904424053729329,,,,,0.6255634639936082,0.00016561312724834614,,,19.62891526471724,0.001121626370732045,,,,,,,,,,,,
LRa01_grain_30,0.4924079293551523,0.0004198439676491992,0.03926982227878018,0.000145035047740704,,,38.99150154340702,0.0013412126979398182,0.032290863573090106,0.0001486508081230339,,,0.0689253013163869,0.0002074709947577471,,,59.40724324742731,0.0013960275964554519,,,,,0.7879646042506917,0.00040579020989548993,,,0.11221136859801283,0.0001207468934352031,0.06818531979356074,0.0001156685388049587,,,,,,,,,,
LRa01_grain_31,0.5831739359083705,0.0004023531811417334,0.06044385005563378,0.00013593196244439276,,,35.88706706801163,0.0011990442467796339,,,,,,,,,62.198761247584564,0.0012522287581817088,,,0.3587471408316682,0.0001728584715229338,0.8832990138665595,0.0003954017885620412,,,,,,,,,,,0.028507743741566727,0.00012171121136098755,,,,
LRa01_grain_32,0.7005700873216181,0.0004173394718415656,0.1082837862615006,0.00014076280395201784,0.043677225579059564,0.00016040470586817823,36.52777332695727,0.0012229967534743186,0.07941130852522435,0.00014305796900261188,,,0.16904495188623994,0.00020508454766800612,,,59.99934151963854,0.0013244933923314682,,,,,1.7090647575537934,0.00040301574458625545,,,0.6079734264700927,0.0002355779142090572,0.05485960980664581,0.00022310920712178978,,,,,,,,,,
LRa01_grain_33,0.9207727103804769,0.00040763061182464295,0.15847048700333047,0.00013650096080798969,,,36.06559617195932,0.0011959729981930987,0.12380879540305594,0.0001427405266009839,,,0.09949583171782947,0.00020159667175024252,,,60.0246899566602,0.0013238326804365158,,,,,1.8881789859429006,0.00038692852487072217,,,0.665173794271897,0.00023102586497203244,0.05381326666100802,0.00021881245621269455,,,,,,,,,,
LRa01_grain_34,0.35523149535684384,0.0004178196752816051,0.06179234470441326,0.00013810496384417516,0.035145723825034024,0.00016047552267578306,38.078405209086796,0.0012360224101999238,,,,,0.1572851185945569,0.00019852070141845478,,,59.93092751177066,0.001316225044786009,,,,,1.2781531542314715,0.00040470360809303834,,,,,0.10305944243022318,0.00011009700245243414,,,,,,,,,,
LRa01_grain_35,,,,,,,39.747560535207874,0.001279255465416499,,,,,,,,,60.00529661243168,0.0012862112074187857,,,,,0.18836194451798086,0.00019998228415619933,,,0.05878090784246093,0.00011907460286526198,,,,,,,,,,,,
LRa01_grain_36,0.8873971561768803,0.00041743315236228537,0.13763620092980283,0.00013942315829601007,,,35.5402423239359,0.0012238916980044049,0.039399303279217285,0.00014023042581754684,,,0.17306571742801935,0.00020845445725113852,,,60.235757140393964,0.0013429168344209243,0.05939751030269443,0.00017747199504449204,,,2.317592288687065,0.00039906623964002116,,,0.5195438418558741,0.00023389099197444356,0.08996851701058595,0.00021986720182695118,,,,,,,,,,
LRa01_grain_37,0.1999125821452563,0.0004080546161136124,0.04483036479804037,0.0001379287569941444,,,35.81325112617585,0.0012760449925700254,,,,,,,,,60.917706472919356,0.0013898856120507833,,,,,0.384832665902363,0.00019180883817903672,,,2.089632883389965,0.00023538593774798377,0.0704852056328917,0.0002192935929659393,,,,,,,0.47934869903628874,0.00020977608669684876,,
LRa01_grain_38,0.6293641697807477,0.0003773395043944314,0.027657373814210733,0.00012633510927706254,0.031212342845433,0.0001432711637716454,29.070157737710495,0.0012344073494939946,0.028589952482637588,0.0001290900811591612,,,0.1873048486796677,0.00018654801766201197,,,63.38959260608868,0.0015229610471345111,,,,,0.1088605825032655,0.00017775133062734625,,,6.363592136650801,0.0004727192515184275,0.16366824944407052,0.0001980035425183262,,,,,,,,,,
LRa01_grain_39,0.8025711016487297,0.0004056503884529604,0.2399237926835848,0.00013865143102316074,,,36.17279759161471,0.0011864858975401175,0.03088814126484392,0.00013814891959661654,,,,,,,61.53067674434535,0.0012731156122240664,0.10680370430537559,0.00017571949566417712,0.3092684147923689,0.00017156220879430896,0.6739468934745618,0.00038266384982755505,,,0.0563706035947069,0.00011368464409603443,0.07675301227575965,0.00010975210554195865,,,,,,,,,,
LRa01_grain_40,1.5689648532126503,0.0003625635994747403,0.05505193999211646,0.00012471551005036074,,,30.221151045668186,0.001101643052989748,0.056206447452565686,0.0001285243404673739,1.5040493751334256,0.0004102368581039267,0.13006647356723022,0.00018235246907938535,,,63.100681608475014,0.0012886683994943037,,,,,2.4363572324414178,0.000359100275519384,,,0.8844964280669524,0.00020747746633812428,0.04297459599043694,0.00019393858427784,,,,,,,,,,
LRa01_grain_41,0.8154496696627415,0.000402924622380854,0.15786655874814723,0.0001366080446937046,,,35.30202549306702,0.001186533603790741,,,,,0.4607804851321741,0.00020015709837563892,,,61.11972180085651,0.0012829462062060159,0.10686274304241773,0.00017670503705706478,,,1.878993132172934,0.0003868919566719613,,,0.06929482868746259,0.00011476984253999319,0.08900528863059366,0.00010625439711997672,,,,,,,,,,
LRa01_grain_42,0.20651739598093444,0.00041724820901418606,,,,,39.554402905545174,0.0013002262669719556,0.055625896708898885,0.00014340783491798126,,,,,,,59.620828279684005,0.0013232791970041664,,,,,0.3096878802569719,0.0002029396577505274,,,0.25293764182401773,0.0001172411330009525,,,,,,,,,,,,
LRa01_grain_43,0.8577501838406683,0.0004374968918926843,0.056770950082312324,0.000148108208314065,,,38.92532398840536,0.0013619626299900397,0.18347294332629777,0.00015298364954750455,,,0.1129008336324149,0.00021658236511649297,,,57.52340092664042,0.0014731148120367135,,,,,1.7988805256876728,0.00042578723620556,,,0.49011585230051863,0.00024724605203089767,0.05138379608432027,0.00011721088604547889,,,,,,,,,,
LRa01_grain_44,0.06994379075158726,0.00021359232055525226,,,,,40.37256761350426,0.0012115852679052195,0.03200364187977027,0.00014471245927280356,,,,,,,59.32371284653698,0.0012217181345046762,,,,,0.20177210732740172,0.00020915715214938087,,,,,,,,,,,,,,,,
LRa01_grain_45,0.09237275535624379,0.0004194299512413546,,,,,40.493864981707524,0.0013398035038548973,,,,,,,,,59.20285752667215,0.0013572646377707398,,,,,0.10023191599203872,0.00020392092990754565,,,,,0.11067282027203827,0.00011017611658911854,,,,,,,,,,
LRa01_grain_46,0.4580318353392723,0.0004146939073406163,,,0.3047315998648971,0.00016196587003679532,38.30166348012963,0.0012751532047707856,,,,,,,,,60.195140709756465,0.0013065947613576023,,,,,0.054915458724349143,0.00020484853173640002,,,0.6125476220295487,0.00023526693673530297,0.07296929415583514,0.00022154112999180225,,,,,,,,,,
LRa01_grain_47,1.0269223535664376,0.00036263336458178377,0.055034891804546626,0.00012573279243365093,,,32.54057302033667,0.0011145579552740952,0.03489515271840429,0.00012843641743905197,,,0.07977058585089668,0.00018326551659195183,,,64.18530599493133,0.001214373700639661,,,,,1.6107614109567645,0.0003484832370626838,,,0.4184529148215774,0.00021143634802388262,0.04828367501336969,0.00019884658882330153,,,,,,,,,,
LRa01_grain_48,0.11025136736088322,0.0004056717156016454,,,,,37.195273119664456,0.001200278796049148,,,,,,,,,61.937630531748376,0.0012326128592155781,,,0.1019683349312079,0.00017116444951681105,0.6023778036985031,0.00038023727763008034,,,,,0.05249884259657131,0.00010748448606626686,,,,,,,,,,
LRa01_grain_49,0.22005151975137915,0.0004026451498754329,,,,,35.37331124149804,0.0012692893881464367,,,1.0303379561004034,0.0004421028635709881,0.18465339019424104,0.00020072756199013484,,,60.46530656695008,0.0013976651296841388,,,,,0.06374839702796363,0.0001956803283583464,,,2.6098106015729865,0.00023310086026981434,0.0527803269049058,0.00021389714291173906,,,,,,,,,,
LRa01_grain_50,,,,,,,13.381543493622091,0.0008338616583895202,,,,,0.9950009897709772,0.00025494772850675275,,,66.5148749603153,0.001750396836870595,,,,,0.05524646363129454,0.00017256765749755623,,,19.05333409266034,0.0010627924388223516,,,,,,,,,,,,
LRa01_grain_51,0.16007201805337543,0.00042798115225393143,0.038593158578283195,0.00013945214559953328,0.026049480781731037,0.00015927495380435718,38.864728401501004,0.0013003566298066614,,,,,,,,,59.82943099226527,0.0013423580519226358,,,,,0.5051038489720698,0.0002004391789116349,,,0.5152664355932806,0.00022782300481801807,0.060755664254978345,0.00022083676286575608,,,,,,,,,,
LRa01_grain_52,0.9263409690044306,0.0004261377633796904,0.06310105022216811,0.00014550693046192173,,,37.68005260869981,0.001266770010418019,0.08092683137437955,0.00014554112829953295,,,,,,,59.06549303900975,0.0013715232819265335,,,,,1.9244128639857483,0.0004152062085077381,,,0.18513272992956334,0.00011786022750363468,0.07453990777415645,0.00011287025417345197,,,,,,,,,,
LRa01_grain_53,,,,,,,40.47456617548949,0.0012020566625114075,,,,,,,,,59.358447127160794,0.0012167058131244135,,,,,0.1669866973497237,0.0002005419388650793,,,,,,,,,,,,,,,,
LRa01_grain_54,1.2805668490751632,0.000330148710730176,0.049692323339708355,0.00011281476161744013,,,29.421025723235882,0.0009659734559362179,0.324234141253522,0.00011808356512905073,,,0.08154311477752818,0.00016110821586139427,,,66.16244920404635,0.0010945406983703017,,,,,2.1951277057908323,0.00032156536533439945,,,0.4462421730170745,0.00019113556004767769,0.03911876546392544,0.00017854723767685618,,,,,,,,,,
LRa01_grain_55,0.6648770335214853,0.0004152118381763897,0.06841919189640458,0.00013974559479312132,,,37.29630779729621,0.0012328379171309173,,,,,0.09427486261044134,0.0002029647522429706,,,60.24401884846934,0.001303912538333006,,,,,1.105376325235539,0.00038894649695412513,,,0.4133146413902126,0.00022898840133762108,0.11341129958036911,0.00021419113963986455,,,,,,,,,,
LRa01_grain_56,0.6255847377028433,0.0004179063067080448,0.13790040690452685,0.00013834943597619572,0.0517339497907716,0.00016031157427029828,34.75064004610929,0.0011878694271926704,0.0627952720975178,0.0001450095170242106,,,0.21235820649892356,0.00020309861539091902,,,61.15957506583328,0.001312472036066136,,,,,1.4744298103331872,0.0003996708690166532,,,1.5249825047296646,0.0002342915228863183,,,,,,,,,,,,
LRa01_grain_57,0.6148869915275708,0.0003945721972903369,0.03617267871809983,0.00013253761331975702,,,30.967254751360674,0.0012095344995252826,,,1.0768425208215346,0.000431903692220191,0.4393372708474093,0.00019402671434066185,,,61.25651289249987,0.0014377560804249604,,,,,0.2485377395952897,0.00019071196712244846,,,5.0921995923114105,0.0003556708366784514,0.2682555623181371,0.0002146546662668393,,,,,,,,,,
LRa01_grain_58,0.5579125483028933,0.0004102998555071541,0.04476498638275916,0.0001383777148614309,,,36.216220160718784,0.0012237893474467325,0.031004400802998995,0.00014422822132801892,,,0.1259547238596599,0.00020022573761477685,,,60.8155696657568,0.001326436264162806,,,,,1.393800628348923,0.00038624292979495725,,,0.7739641032355628,0.0002293004765969982,0.04080878259162378,0.00021452327963052074,,,,,,,,,,
LRa01_grain_59,0.30649877162934586,0.00041368772381966863,0.06849067683843375,0.00014032317270131303,,,38.51611821839989,0.0012598042910529187,,,,,0.10586227041216895,0.00020767996037883562,,,60.060450385799804,0.0013168717326546362,,,,,0.6327442720507127,0.0004014358742100568,,,0.2556197940140698,0.00023165643649872451,0.054215610855572076,0.00011174983306445682,,,,,,,,,,
LRa01_grain_60,,,,,,,39.61863663956556,0.0012691083132474275,,,,,,,,,60.06942774530207,0.0012798812858997735,,,,,0.27351329442841454,0.00020315960544524457,,,0.03842232070394904,0.00011539048262432575,,,,,,,,,,,,
LRa01_grain_61,0.8496694552306511,0.00041317757252453703,0.04522733567733389,0.00013824090522689724,,,35.86250669187395,0.0012018633271274805,0.03864633272924321,0.00014180262037353378,,,0.12061857351789464,0.00020222302494144793,,,61.03828666092065,0.0013247071057543352,,,,,1.481113577480294,0.0003850959632111547,,,0.5223873609159564,0.00023597836615056903,0.04154401165402255,0.00010792200650139456,,,,,,,,,,
LRa01_grain_62,0.09065131140717586,0.00041733858118086863,,,,,39.09392417801048,0.0013045598499373742,,,,,,,,,60.13801946062932,0.0013410121618963905,,,,,0.6454284876275992,0.00039390316757723776,,,0.031976562325429454,0.00011927107045233978,,,,,,,,,,,,
LRa01_grain_63,,,,,,,39.43151656735095,0.001306046287009376,,,,,,,,,59.612523992260705,0.0013366918801736166,,,,,,,,,0.9559594403883589,0.00023680200954063536,,,,,,,,,,,,
LRa01_grain_64,0.5552250333892246,0.0004066934016629606,0.12230652339044433,0.00013857820563657197,,,36.42437210549945,0.0012245389254556447,,,,,0.4567146714571429,0.00020253756656609973,,,60.39433258306719,0.0013277627180214636,,,,,1.4273075387087744,0.00039120140549264856,,,0.5242183638487108,0.0002345133014307439,0.0955231806390571,0.00022328880967470335,,,,,,,,,,
LRa01_grain_65,0.2928355107550971,0.00041451087989008374,0.08367129286774862,0.00013652880991690898,,,37.94912933935273,0.0012701002039722667,,,,,0.22704227875558428,0.00020600105450935334,,,60.360158320256105,0.0013341812090165194,,,,,0.6829968964563556,0.0003967030797932658,,,0.3624324244383834,0.00024124323057041853,0.04173393711799385,0.00010811147957958322,,,,,,,,,,
LRa01_grain_66,0.548625443942164,0.00045493727508219377,0.1261109139307776,0.0001527505908096065,,,40.23464382489988,0.0014454609511338871,0.042870535647117805,0.00015827007270971424,,,0.11634362740997478,0.00021945165465064512,,,57.07858358363983,0.001579164758060252,0.05421213974949599,0.00019960574749497675,,,0.9951197802082843,0.0004332489698243363,,,0.7310570782460476,0.0002573619258176225,0.07243307232643909,0.00024152303881690525,,,,,,,,,,
LRa01_grain_67,1.069848136077725,0.00043300222971846326,0.06470491015572134,0.00014854496430246708,,,37.8088268944807,0.0013326074744157517,0.04138301953820164,0.00015282230306813883,,,0.11797808139948386,0.00021551381979566706,,,58.29425017152512,0.0014540726590551625,,,,,1.7311587770776227,0.0004141805659719337,,,0.8396565091968669,0.0002459488570949877,0.032193500548562445,0.0002312721649493704,,,,,,,,,,
LRa01_grain_68,0.05704014197434388,0.00020656736888365708,,,,,39.34476649474767,0.0012840208861591759,,,,,,,,,60.175636780373296,0.001296890329434934,,,,,0.35161497392061536,0.00019831351876800556,,,0.0709416089840871,0.00011777834807468155,,,,,,,,,,,,
LRa01_grain_69,0.22987253250453332,0.00036087373377303447,,,,,33.79769064350812,0.0011278183428504425,,,,,,,,,64.67239961811721,0.0012131799638316208,,,,,0.30763645177954646,0.0003461796618723112,,,0.9653527207017043,0.00020768918413296663,0.02704803338889764,0.00019118306787996526,,,,,,,,,,
LRa01_grain_70,0.045923804469986104,0.0002069238004636962,0.022951629243791953,0.00013848760748778787,,,39.26543310361966,0.001130472058704158,,,,,,,,,60.07385290439695,0.0011452624482078022,,,,,0.5918385582696208,0.00020009716842388936,,,,,,,,,,,,,,,,
LRa01_grain_71,0.977435790522738,0.0004085124140332808,0.04488847324056335,0.0001328440920988338,,,35.60517188979382,0.0011807735248574186,0.053448412600641114,0.00013752083242816971,,,0.09263144582595541,0.00019807663587020734,,,61.37063225287012,0.0012795663195786626,,,,,1.5157785553859042,0.0003900269246795715,,,0.27537780050985194,0.00022817974418405153,0.06463537925040308,0.00010749884903276718,,,,,,,,,,
LRa01_grain_72,0.644326840574035,0.00044413804545056547,0.04888192391883266,0.00014988144169744716,,,39.76944993036409,0.0014224042925322692,0.09250132561380062,0.00015787819665636176,,,0.10166711804002378,0.00022258492495771956,,,57.42357280685746,0.0015175431686048327,,,,,1.262028917886845,0.00042318657889553756,,,0.5415178097320156,0.00024834999013878344,0.11605332701289302,0.00023848556125184508,,,,,,,,,,
LRa01_grain_73,0.5749815339934065,0.0004149071689683258,0.10841624845358155,0.0001414164134210648,,,36.971022048979705,0.001246648104696739,0.03956271931242363,0.00014736940888586018,,,0.1414395627357233,0.00020440373186463956,,,60.6236793196267,0.0013232600656480197,,,,,1.2724050857047702,0.00039824822749388763,,,0.20760872962542443,0.0001187479348847197,0.06088475156826239,0.00011021758549829395,,,,,,,,,,
LRa01_grain_74,0.810697448157675,0.00041629151016529006,0.07689251487002062,0.00014077242837814684,,,37.711489173296854,0.001256472272338306,,,,,,,,,59.9358699882177,0.0013254556769191335,,,,,1.0961136539736387,0.0004004777357927664,,,0.20569317366594056,0.00011606910114793851,0.16324404781815602,0.00021831993923892274,,,,,,,,,,
LRa01_grain_75,0.2996761656591521,0.0004142985383924761,,,0.044201156433733325,0.0001596714990257,39.922656319531946,0.0013414020354822263,,,,,,,,,59.49045853085151,0.0013741628480480705,,,,,0.13247486632209463,0.00019824260468165103,,,0.11053296120156358,0.00023903778827329144,,,,,,,,,,,,
LRa01_grain_76,0.04547151963209891,0.00020999489830380745,,,,,40.14438809007606,0.0012235017065333677,,,,,,,,,59.678658313772026,0.0012376694316176488,,,,,0.13148207651980562,0.00020056950302419746,,,,,,,,,,,,,,,,
LRa01_grain_77,0.8023864900107011,0.0004045554130921694,0.04579009253840309,0.00014371895639445753,0.06029012180223862,0.00015662970249787067,38.104908374615896,0.0012234993936142452,,,,,0.2443181434907598,0.00019924489967588577,,,59.89500427151161,0.0012923821420422136,,,,,0.44456671588668795,0.0001977599637725894,,,0.33099112701817596,0.00023280971082908946,0.07174466312552653,0.0001088821143894841,,,,,,,,,,
LRa01_grain_78,0.2629537267837264,0.00041799766633667613,0.07702776110851299,0.0001407388451861616,0.03465076461187473,0.0001601254297905451,38.70485598225252,0.0012486224622548403,,,,,,,,,60.18595030244636,0.001316724091697744,,,,,0.7345614627970146,0.00039714161880473884,,,,,,,,,,,,,,,,
LRa01_grain_79,0.2918527438800917,0.000392166613298113,,,,,32.240832248022365,0.0012579309502366285,,,,,0.20699592249928123,0.00019405098225231483,,,61.83374570559821,0.0014243526303867168,,,,,0.27015228958882,0.00018941533695098365,,,4.8757985491052125,0.0003622068481017831,0.2806225413060176,0.00020690140931255897,,,,,,,,,,
LRa01_grain_80,2.464832993481687,0.00041817637752402455,0.0916733470962816,0.0001396439876059229,,,30.442365178860207,0.0010901360518142478,0.1959698266331608,0.0001425030769274777,1.9924437836259776,0.00046759432894764657,0.14511447090703763,0.00020760798305213333,,,59.642545846278495,0.001334654064936713,,,,,4.375076827728197,0.00039987514804354775,,,0.6081146888483621,0.00023399124392399438,0.041863036540594145,0.00021982049074750022,,,,,,,,,,
LRa01_grain_81,0.42690220063858164,0.0004172979524903818,0.11364410261439324,0.000141030859405763,,,36.80547223106378,0.0012288785884999086,,,,,0.14395886669615574,0.00020200042801642165,,,60.523459871988614,0.0013330003295540915,,,,,1.5330837443580172,0.0003866848281012127,,,0.40593187170503636,0.00022723742567430896,0.047547110935437724,0.0001078729073912673,,,,,,,,,,
LRa01_grain_82,1.7413580752284676,0.0004259387568513053,0.04709117032498917,0.00014245174960766848,,,33.97586941264038,0.001221232382458352,,,1.5069346304959799,0.00047404715844835406,0.10824472420196504,0.0002056314724951176,,,59.39186004801197,0.0014137011971926913,,,,,2.754339017263403,0.00040645520229710475,,,0.4252836140126519,0.0002393200884543015,0.049019307820193155,0.00010728138489045255,,,,,,,,,,
LRa01_grain_83,0.8415345759857766,0.00040091993518138807,0.13233795129256862,0.00013378784066385178,,,31.266362084930112,0.0010786683566317813,0.030154720280464037,0.00013769332660146385,,,0.20380964983224276,0.00019737406375958027,,,64.57827729375907,0.0012126973038163232,,,,,2.6560428524909465,0.00037221626291969977,,,0.22797741351377737,0.00011111302132413998,0.06350345791504708,0.0001064877522052019,,,,,,,,,,
LRa01_grain_84,0.316600644945604,0.0004220594862441473,,,,,38.87627358956539,0.0012975911470310682,0.054617147578487124,0.00014430286654712186,,,,,,,59.98323591048557,0.001314374613110388,,,,,0.7181861836890222,0.0003862118609165471,,,0.051086523735912624,0.00011533413442208084,,,,,,,,,,,,
LRa01_grain_85,0.2224080569592906,0.0004263654338837953,0.031455289615069465,0.0001422428919818681,0.026607668058717733,0.000161079976269077,40.110768279450994,0.001349988173472074,,,,,,,,,59.22836210359057,0.0013682058070301542,,,,,0.12359256621752499,0.00020233121532426158,,,0.05910790704645738,0.00012062879039554418,0.19769812906136508,0.00022173155964421288,,,,,,,,,,
LRa01_grain_86,0.4588882491691297,0.00042124577268589633,0.0461636307969082,0.00014206677851822473,,,38.607626098515404,0.0012447769532448329,0.039532965555361094,0.0001450813150207796,,,,,,,59.697660159995024,0.0013111559960652228,,,,,0.9258902239409355,0.00040456419613973753,,,0.09058624105407775,0.00011782837642657447,0.1336524309731566,0.0002238672322153309,,,,,,,,,,
LRa01_grain_87,0.8391703882784259,0.00046088878341991874,0.08436488114958736,0.0001516105840743917,,,38.701380328466215,0.001426633951094462,0.19027219566059003,0.00016162927131116174,,,0.13539820497452248,0.00022580388399891411,,,57.24497523298102,0.0015618944065764926,,,,,1.7695575221345314,0.00043566551266714773,,,0.8824610310271075,0.00025708191052843335,0.15242021532800315,0.00024008390518371792,,,,,,,,,,
LRa02_grain_01,0.2900295113672746,0.0004616109896161612,,,,,39.194160748394054,0.0012829540256903385,0.05203563121759317,0.00016015125632803855,,,,,,,59.16444670065902,0.001344520044541304,,,,,0.8239516560166412,0.0004363384891979166,,,0.47537575234541257,0.0002563749900457657,,,,,,,,,,,,
LRa02_grain_02,,,,,,,40.86907276264347,0.0013273945458196984,,,,,,,,,58.846060663556024,0.0013272949783485416,,,,,0.248232533046625,0.00022315946036116497,,,0.03663404075389282,0.00013658814109126027,,,,,,,,,,,,
LRa02_grain_03,,,,,,,44.03374615295202,0.0013961839194051963,,,,,,,,,55.69811990661139,0.001399854999093328,,,,,0.2681339404365874,0.00023129237075728717,,,,,,,,,,,,,,,,
LRa02_grain_04,0.7094021411295818,0.00046083593414484474,0.11099537571576332,0.00015516993525275656,,,37.50839787794556,0.0012936374767053911,,,,,,,,,59.490046209147096,0.0013948794532527271,0.04442075710278603,0.00020495987509338908,0.05339818760973826,0.00019525677249834032,1.4119931449044636,0.00043958597891126394,,,0.6713463064450041,0.0002557597250235651,,,,,,,,,,,,
LRa02_grain_05,1.1899223182142,0.00042548467272550254,0.06472346164560006,0.0001478962470549617,,,34.819106432337676,0.001261404830773415,0.05793400723426927,0.00015330921621789398,,,,,,,61.320013714126475,0.0013747898737044386,,,,,2.0429704778532574,0.0004230919357485099,,,0.46066325217725673,0.0002499205827111459,0.04466633641125963,0.00011376777915239305,,,,,,,,,,
LRa02_grain_06,1.2125027838951075,0.0004399195186843902,0.04944700480032225,0.00015156529463633575,,,35.077390997669724,0.0012001962729938547,,,,,,,,,61.36660830303731,0.0013003966583981803,,,,,1.8242749604639321,0.00042544474964854227,,,0.4697759501336081,0.0002494331016604899,,,,,,,,,,,,
LRa02_grain_07,1.6714486405090756,0.00044277405687382667,0.0570440134281708,0.0001531535460591766,,,33.54967109028341,0.0011154188478293883,0.04214607646779994,0.0001528455149238059,2.3002395063682948,0.000482673001676372,,,,,59.265612069020065,0.0013255666206108804,,,,,2.6659017624339727,0.00042454748466934497,,,0.3965914465430282,0.00024734612248661364,0.05134539494617063,0.00011618580545571992,,,,,,,,,,
LRa02_grain_08,0.499748415098165,0.0004440696865642479,0.04926466481428362,0.00015018276182980934,,,37.2724793789141,0.0012225760422145489,,,,,,,,,60.51800742284515,0.001311625738611204,,,,,0.9254771725174696,0.00042471383259743247,,,0.7350229458108318,0.0002499082111380552,,,,,,,,,,,,
LRa02_grain_09,1.487251758604337,0.0004709252351768068,0.1404365771436415,0.0001613339540500435,,,36.365068455891944,0.0012808507353114058,0.5759143071891162,0.00016522148699573197,,,,,,,57.996108490605245,0.0014093170612153154,,,,,2.8938924842171065,0.0004623514480410669,,,0.49309356352123185,0.0002708318426836302,0.0482343628273757,0.00012885809096086756,,,,,,,,,,
LRa02_grain_10,1.3642224426061322,0.0004464011936035909,0.07574780345101477,0.00015267231907519955,,,35.37580859936183,0.0012105596649324235,,,1.721494739394287,0.0005088305582927881,,,,,58.71342285150033,0.0013590086335877744,,,,,2.2957230817168774,0.00043686254094397304,,,0.380705737648411,0.00012889277292445762,0.07287474432111528,0.00012146396111752708,,,,,,,,,,
LRa02_grain_100,,,,,,,38.39283110372345,0.001276547052679289,,,,,,,,,60.95425833401591,0.0012909267752159285,,,,,0.6529105622606408,0.00031528460953985293,,,,,,,,,,,,,,,,
LRa02_grain_101,0.11919281610418708,0.0002905752398558988,,,,,29.67566646838274,0.0010358467784092544,,,,,0.10959070170852993,0.0001844058148532446,,,68.83273187023383,0.0011027625458339006,0.1687414594482431,0.00021678039475954284,,,1.0940766841224758,0.00029836226078327436,,,,,,,,,,,,,,,,
LRa02_grain_102,1.1307020245268031,0.00039223804357094155,0.04889312464648406,0.00015746907098456193,,,32.9988277806472,0.001245004563889063,,,1.188003343258742,0.0005124138727523155,0.10011625424390157,0.00020200184141355666,,,62.16630145173936,0.0014299698301997717,,,,,1.9149230926331382,0.00036588789079388686,,,0.4080706150547747,0.0001828446514791864,0.04416231324959106,0.00016292094252046913,,,,,,,,,,
LRa02_grain_103,1.4161961933726255,0.0004111955111063895,0.07038647205303791,0.00016777011611515615,,,33.52617734526391,0.0012869199021444471,,,1.5293197493008208,0.0005286332741797484,0.16374677283461564,0.00021360248776601404,,,60.31674071940017,0.0014850609271294028,,,,,2.402353930425376,0.00040629877867357433,,,0.5337160022246266,0.00019498893288541215,0.04136281512481866,0.0001659959167200873,,,,,,,,,,
LRa02_grain_104,,,,,,,0.10839895267831262,0.00017525375714338434,,,,,,,0.15310169387227993,0.00016346033888953724,68.1315975029359,0.0030694630167232497,,,,,0.04111519606040579,0.00017491301178435416,,,31.23717075956401,0.0029991909295242996,0.32861589488908677,0.0003212020954996509,,,,,,,,,,
LRa02_grain_105,0.4617940836344999,0.00032708286435754016,0.08342266714205275,0.00014840946827369858,,,29.6038364051281,0.0011540420159599886,,,0.7513954689986647,0.00045700446355662375,,,,,65.88754082571616,0.0013520953405006702,,,,,0.6844705150808453,0.00028691052134392704,,,2.4520959085318745,0.00027251858055014693,0.07544412576780239,0.00017333226735722547,,,,,,,,,,
LRa02_grain_11,1.2839656009564924,0.0004430950594678689,0.057895148855265435,0.00015052286547111236,,,35.99387483502306,0.0012107403235245763,,,,,,,,,60.611740260635095,0.0012873223446032045,,,,,1.7307955862563003,0.0004254119836777366,,,0.24328042821991602,0.00012745462441069333,0.0784481400538667,0.00011795796565617561,,,,,,,,,,
LRa02_grain_12,0.7571396361154957,0.0004709224629382021,0.05246014809774946,0.00016188195745075394,,,38.554375561102624,0.0013180333311829946,0.09926343070141815,0.00016044788210515753,,,,,,,57.26007134391099,0.0014233754522510623,,,,,2.788272314923577,0.00045661840382156787,,,0.4052259405190795,0.00013448943811362392,0.0831916246290742,0.00012639792244027517,,,,,,,,,,
LRa02_grain_13,1.8181324718170115,0.00046705838451284275,0.052829187763354025,0.00016846535050343568,,,35.724735158895264,0.0012507948532405654,,,2.3696402807114816,0.0005286633269940466,,,,,56.285278128213236,0.001432516822757617,,,,,2.924681201188975,0.0004534949565920967,,,0.8247035714106732,0.0002726763416823187,,,,,,,,,,,,
LRa02_grain_14,1.3637875171673515,0.0004495723817140398,0.05013960565763909,0.0001513800943424152,,,35.038118548003936,0.0011725606503511263,0.03415240617814197,0.00015517743246614164,,,,,,,60.98901224478796,0.0012903580307300285,,,,,2.178848665115956,0.00043592118178834374,,,0.293359075041822,0.00012399524454640638,0.052581938047194264,0.00011859714943183659,,,,,,,,,,
LRa02_grain_15,0.8527816972659095,0.000503265253595545,0.037030863789400466,0.00016942503905503396,,,41.38403547792714,0.00148832267372164,0.1043380927711891,0.00017416454747616202,,,,,,,55.926121701650146,0.0015866669581407133,,,,,1.4408996010577098,0.00048756723744667013,,,0.12380395116217548,0.0001424536032426054,0.1309886143763334,0.00013044648530676194,,,,,,,,,,
LRa02_grain_16,0.10758617707516416,0.0002127197216007829,,,,,32.530978730869236,0.001080339965207186,,,,,,,,,66.33224001885714,0.0011128101181562746,0.12454205349319092,0.0001918276534525208,,,0.904653019705277,0.00020416611347209555,,,,,,,,,,,,,,,,
LRa02_grain_17,2.1943301417688796,0.00044652675611262915,0.16704055531632064,0.00015276564208221933,,,32.77117241847141,0.001206647046750976,0.43659626249416045,0.00015953567049470997,,,,,,,59.69128809512094,0.0014046792947652535,,,,,3.9072612658071466,0.00044546587683655647,,,0.8323112610211408,0.00025451890472272666,,,,,,,,,,,,
LRa02_grain_18,0.7622383852619206,0.0004763027494333166,0.052067608152666714,0.00015948885743721466,,,39.19494776448455,0.001343399135086159,,,,,,,,,58.44033187712648,0.0013982535696626195,,,,,1.0794925889416678,0.0004413890638817061,,,0.3273699347540433,0.00013495257078740107,0.14355184127865706,0.0001236469249536565,,,,,,,,,,
LRa02_grain_19,1.6415022348085055,0.000431113232296639,0.056008274725670916,0.00015021680356885263,,,33.06209144806187,0.0011787034432369481,,,1.3616136887328756,0.00048315103873411994,,,,,60.79387978225918,0.0013637072077139335,,,,,2.4351181961500754,0.0004082044141849657,,,0.6497863752618275,0.0002415883088162718,,,,,,,,,,,,
LRa02_grain_20,1.9263096555077779,0.0004451011576120157,0.06643322822142073,0.00015111217742639547,0.07542521277460182,0.00017796205973712168,31.8448490319234,0.0011920675042299189,0.03399964152862534,0.00015471083387969738,2.2206566591947894,0.0004892156569010278,,,,,59.80086101315369,0.001445661560696094,,,,,3.1195698518807493,0.00043490646514138395,,,0.9118957058149487,0.00025344477953536786,,,,,,,,,,,,
LRa02_grain_21,,,,,,,39.35584807119507,0.0012704712869094142,,,,,,,,,59.8831093057201,0.00130862981938038,,,,,0.761042623084837,0.00044015105892619824,,,,,,,,,,,,,,,,
LRa02_grain_22,0.17364222248467048,0.00045177408007884004,,,,,39.42180824532128,0.001263220247033023,,,,,,,,,59.74658797453327,0.0012995933296004632,,,,,0.6579615576607879,0.00021632690306554463,,,,,,,,,,,,,,,,
LRa02_grain_23,2.0267377001373066,0.00043210527620317243,0.06402233988811767,0.00014728982302175073,,,32.9618013397011,0.0011670291044045165,0.07337962132456602,0.0001514617431659701,1.841880709291708,0.0004818751665213852,,,,,59.62654682231523,0.0013838770873769524,,,,,2.824547500030832,0.0004034010075644589,,,0.5810839673111419,0.0002470990025241345,,,,,,,,,,,,
LRa02_grain_24,0.9364885543024145,0.00045526551143563055,0.03419638020262306,0.00015294834059180788,,,37.81003611825748,0.0012716042890638672,0.025970457535437582,0.0001591344880836052,,,,,,,59.53156537822352,0.0013550878232121966,,,,,1.4324920845209506,0.0004317446042981225,,,0.14220798161982331,0.00012653238280112617,0.08704304533775634,0.00012524466741763466,,,,,,,,,,
LRa02_grain_25,0.7320277157534347,0.0004933384962775027,0.06400003575447537,0.00016560437866935856,,,40.2963792455163,0.0014031492156615863,0.09359947991974871,0.0001703007131018881,,,,,,,56.77022682987602,0.001487329160587164,,,,,1.4971860667997903,0.00047241117051627715,,,0.4891136111962286,0.0002705671870189045,0.05746701518400335,0.00013216208474653153,,,,,,,,,,
LRa02_grain_26,0.912720658687928,0.0004634474751645021,0.05968758897875316,0.0001545558027695344,,,37.3493844681858,0.001273405774859824,0.17494160501074937,0.00015778683258225535,,,,,,,58.862417644578336,0.0013850899617661389,,,,,2.0317695492840597,0.00043621021030496493,,,0.5286289584174734,0.0002589062982282018,0.08044952685689719,0.00012061561917530747,,,,,,,,,,
LRa02_grain_27,1.6291465524518818,0.0004453801460899822,0.04960303409219654,0.00015042629302986497,,,33.8653400399156,0.0011479018516664739,,,2.25970550148853,0.0004859274607525613,,,,,58.852740805526295,0.0013439235413463748,,,,,2.620361716470371,0.0004193800664595366,,,0.7231023500551296,0.00025320236196059616,,,,,,,,,,,,
LRa02_grain_28,1.6829395784059367,0.0004538066704198013,0.059089502759654494,0.00015693761113018748,,,33.71596370355166,0.0011788841588254659,0.13106507738081183,0.00016239319659244416,1.7410784350247244,0.0005190815506361955,,,,,58.73975259573405,0.0013677786331270944,,,,,3.0880657951002775,0.0004392214719646053,,,0.8420453120428858,0.0002589678178614601,,,,,,,,,,,,
LRa02_grain_29,0.8061363201206281,0.00046199482210397183,0.08751962963587034,0.00016069524671899891,,,38.3747358432058,0.0013313275438890243,,,,,,,,,58.286520769500264,0.0014168660267596333,,,,,1.4857116675890383,0.00044011377844776714,,,0.842355717601392,0.0002636133356705092,0.11702005234702359,0.00025454996666024536,,,,,,,,,,
LRa02_grain_30,,,,,,,36.73946210658551,0.0012137592886367194,,,,,,,,,59.82910219004953,0.0012784786417822428,,,,,3.4036603344674043,0.0004259624199511752,,,0.027775368897555462,0.0001250135334869649,,,,,,,,,,,,
LRa02_grain_31,2.2082657683332285,0.0004227230866498128,,,,,34.28080704383263,0.0011605157552906933,,,3.873757157711865,0.000703753729487902,,,,,56.573861266529136,0.0013492096684052238,,,,,2.483424322747508,0.0004036886145900391,,,0.5302660932421606,0.0002392429060722114,0.04961834760346161,0.00011542062885786047,,,,,,,,,,
LRa02_grain_32,0.9635648091587443,0.0004793458100195042,0.045688555065005854,0.00016669595096164346,,,40.152262343534105,0.0013978759681890635,,,,,,,,,57.00023869045893,0.0014627074379229565,,,,,1.5373160999386581,0.00046538525554566597,,,0.22937645134011928,0.00013602422599571885,0.07155305050442883,0.00012924681402411148,,,,,,,,,,
LRa02_grain_33,,,,,,,40.160261887488495,0.001319022256304095,,,,,,,,,58.873218883629896,0.0013462498238508624,,,,,0.9665192288815898,0.0004370692613547966,,,,,,,,,,,,,,,,
LRa02_grain_34,2.1855064791960332,0.0004581190696194644,0.09530298802033664,0.00015694071655621334,,,34.79874426046605,0.0011719995520822258,0.5237335599737338,0.0001597228037613794,,,,,,,57.80843145493307,0.0013260398143261523,,,,,3.9906626263462366,0.00045216100075066025,,,0.5364211507904494,0.0002609387852416416,0.0611974802740837,0.00012178107528022959,,,,,,,,,,
LRa02_grain_35,2.6063999687699257,0.00043314359136796624,0.07903603975749196,0.0001445581915200521,,,29.69373235199189,0.0011225424035663021,0.040878717878476564,0.0001461996932449549,4.2113636935859855,0.000691288366477552,,,,,58.85366343326438,0.0014415734959777752,,,,,3.9254580414540197,0.0004176587980852006,,,0.5894677532978252,0.0002358756940827153,,,,,,,,,,,,
LRa02_grain_36,0.167039500643808,0.000236058491175835,,,,,40.51014394423558,0.0013407132036685272,,,,,,,,,58.47077931022853,0.0013516598213218647,,,,,0.3586268535959359,0.0002199298249800909,,,0.4934103912961522,0.0002608616054171727,,,,,,,,,,,,
LRa02_grain_37,1.7077616970498186,0.0004512368597394137,0.041868737937942484,0.00015644541459715406,,,34.22556155704196,0.0012462883211069287,,,1.8270136523602876,0.0005135050436015702,,,,,58.56609157881639,0.0014832007543743072,,,,,2.6589834128615184,0.0004392228389860904,,,0.9131436833742975,0.0002566656340232304,0.059575680557778905,0.00012087132345227262,,,,,,,,,,
LRa02_grain_38,1.207432108266651,0.00046993736170379893,0.0526416615169077,0.00015810124053221061,,,37.83820520362874,0.0013329642858503962,,,,,,,,,58.65998264238305,0.0014109040974151679,,,,,1.871656141061227,0.0004568373913814035,,,0.3219978162064199,0.0001360205921340678,0.048084426937011544,0.0001266053805535092,,,,,,,,,,
LRa02_grain_39,,,,,,,39.326089927852934,0.0012296104509793185,,,,,,,,,60.330399431078895,0.0012372418713196753,,,,,0.34351064106818024,0.00022106541197280523,,,,,,,,,,,,,,,,
LRa02_grain_40,0.08942503141570697,0.00023340869772746803,,,,,40.89462316724289,0.001326961529527062,,,,,,,,,58.726862955046435,0.001339336211244866,,,,,0.20972378185497312,0.00022212604037149421,,,0.07936506443999639,0.00013451615560998236,,,,,,,,,,,,
LRa02_grain_41,0.5456621660579097,0.00042999384229393256,,,,,31.832191855495743,0.0010643736176378649,,,,,,,,,66.25667519421839,0.0011431539911950876,0.23782262741783275,0.00018599711365615009,,,1.1276481568101273,0.00041513470858365643,,,,,,,,,,,,,,,,
LRa02_grain_42,1.2384510520336671,0.000479220051651509,0.09066028016145514,0.000166173989446459,,,39.073253452158134,0.001382267862447988,,,,,,,,,56.9301881590961,0.0015002152490996695,,,,,1.9916100099336993,0.0004626677046974872,,,0.6758370466169537,0.0002799981070888955,,,,,,,,,,,,
LRa02_grain_43,,,,,,,40.840163160953395,0.001299147420764523,,,,,,,,,58.52550284636799,0.0013174568934687066,,,,,0.5909209185270368,0.00022609890192155574,,,0.043413074151560635,0.0001323372597253432,,,,,,,,,,,,
LRa02_grain_44,0.7142811905313897,0.0004640524100969321,0.07744124242434074,0.0001582254431588604,,,38.60380702039387,0.0012973391639592355,,,,,,,,,58.88936479419814,0.0013670233407730343,0.11098689718873937,0.00020280105227490696,,,1.420077715468449,0.0004479395127743942,,,0.14363376904422395,0.00013116028358240792,0.04040737075083691,0.0001221799206113111,,,,,,,,,,
LRa02_grain_45,,,,,,,33.81810611770361,0.0011324801251877106,,,,,,,,,65.26369604927129,0.0011520514736179798,,,,,0.9181978330251058,0.00021316091358095275,,,,,,,,,,,,,,,,
LRa02_grain_46,0.9318961759679216,0.0004651548518766976,0.06968715856429109,0.00015688778375141035,,,38.43738940011711,0.0013077660608162558,,,,,,,,,58.40603746280764,0.0013997633514978714,,,,,1.627648278152381,0.0004386185800455728,,,0.45221588935100204,0.0002672367535236122,0.07512563503965337,0.00012350667744121684,,,,,,,,,,
LRa02_grain_47,1.4211408470216134,0.00047234263567462806,0.06897310004678303,0.00015656095915958293,,,36.042255960016846,0.0012107815847788395,0.03541644740515838,0.00016230211140278388,1.6200591510481321,0.0005125443531463135,0.15105340705476467,0.00023137160720993605,,,57.62161721926547,0.0014083807284961361,,,,,2.5445254262151535,0.00044915926005281216,,,0.44763081601972776,0.00026794829659521026,0.04732762590635206,0.00012517014234750772,,,,,,,,,,
LRa02_grain_48,,,,,,,40.3097057226561,0.0012835516002365965,,,,,,,,,59.46003149372805,0.001293820340415299,,,,,0.23026278361584313,0.00022224356255376906,,,,,,,,,,,,,,,,
LRa02_grain_49,1.3207945500729203,0.000453639827415777,0.06685352255346076,0.00015105641391423595,,,35.34808342545863,0.001172299107695313,,,1.286695232421603,0.0005122663474440483,,,,,59.09309797926981,0.0013390606653516884,,,,,2.2628368543474315,0.0004348822432638192,,,0.5687442772856636,0.000256604115057527,0.052894158590484776,0.0001195026499965958,,,,,,,,,,
LRa02_grain_50,,,0.032402290401593245,0.00014916593796068868,,,38.07545339592727,0.0011887317813164045,,,,,,,,,61.214301760516484,0.001221311442276582,,,,,0.5897401703980553,0.0002114734055327021,,,0.08810238275659985,0.00012433783754203052,,,,,,,,,,,,
LRa02_grain_51,0.8608109195622653,0.0004787254890116051,,,,,39.18257821889908,0.0013435050820162064,0.18892705135802995,0.00016361263326345742,,,,,,,57.78171314319268,0.0014246034144490655,,,,,1.5155082417519223,0.00045238784229404994,,,0.470462425236033,0.00026639317103084,,,,,,,,,,,,
LRa02_grain_52,0.9007045754236911,0.0004845938200726879,0.054390164203488106,0.00016567790137091284,,,39.21864775590873,0.0013593312593851393,,,,,,,,,57.44168947755289,0.00145938177574733,,,,,1.652933289997979,0.0004638362156070177,,,0.681789838166372,0.0002732852084107709,0.04984489874683776,0.00013359211522221358,,,,,,,,,,
LRa02_grain_53,,,,,,,33.84018386299472,0.0011012460116518914,,,,,,,,,65.31621978019976,0.0011292087036791235,0.09678111412443607,0.00019541689199471056,,,0.7468152426810923,0.00021814288994516498,,,,,,,,,,,,,,,,
LRa02_grain_54,,,,,,,41.15231523744456,0.0013252961575294627,,,,,,,,,58.550275786331206,0.0013337476568383772,,,,,0.29740897622423706,0.0002288906383847418,,,,,,,,,,,,,,,,
LRa02_grain_55,3.19678632298733,0.00047343747889550073,0.09655789107833673,0.00016285505672044553,,,30.687184641858295,0.0011605781325223728,0.06330485627452893,0.00016174438379441009,4.983682842323341,0.0007679987003577727,0.20485053322156083,0.00023067749389714206,,,54.7768498379138,0.0014941135196974281,,,,,5.265867411269605,0.00045184198941732923,,,0.6696004137529085,0.0002642999027826438,0.05531524932029459,0.0001267637207567232,,,,,,,,,,
LRa02_grain_56,1.0573754686949242,0.0004605489904988682,0.04228115033576915,0.00015472816110043342,,,37.1024283512067,0.0012578868549474684,0.06078291972818972,0.0001608099589713425,,,,,,,59.60593520930831,0.0013463283902719664,,,,,1.7662606090829063,0.00042607765509275735,,,0.2981837410844566,0.00013179026419092227,0.06675255055875337,0.00012429805276340888,,,,,,,,,,
LRa02_grain_57,,,,,,,40.723033999744715,0.001303615459331441,,,,,,,,,58.668901469199994,0.0013196970213295814,,,,,0.5286423442897467,0.00022061848370596185,,,0.07942218676554014,0.0001340778958082549,,,,,,,,,,,,
LRa02_grain_58,0.9614686204688573,0.0004518526932782088,0.04990768345919828,0.00015299191595632137,,,37.2490875385722,0.0012297226284694505,,,,,,,,,59.80216320967695,0.00133003427371819,,,,,1.3618180234551858,0.00043129863694801803,,,0.4448837306783321,0.00025419962385900795,0.13067119368927554,0.00011741344910925407,,,,,,,,,,
LRa02_grain_59,0.6758082816729228,0.0004560964193730058,0.07878042760967474,0.00015769488122787645,,,39.44204499040682,0.0013323245544430641,,,,,,,,,58.184748795253626,0.0013877453922809774,,,,,1.1732254346125677,0.00044688991827221815,,,0.30784691172923795,0.00013192782322930224,0.13754515871515063,0.00012505118791370312,,,,,,,,,,
LRa02_grain_60,,,0.07245409318076354,0.00014687533859043448,,,33.00752024756239,0.001093388413002383,,,,,,,,,65.80030976780134,0.0011315935725882676,0.07290103285726578,0.00019326629530061498,,,1.0468148585982495,0.00041427696508713736,,,,,,,,,,,,,,,,
LRa02_grain_61,,,,,,,40.50855816389603,0.0012865672580884254,,,,,,,,,58.89867445105541,0.0012949839284396496,,,,,0.5384725842578236,0.00022479779974090067,,,,,0.05429480079073182,0.0001220254142510951,,,,,,,,,,
LRa02_grain_62,,,,,,,38.793408707805504,0.001336857773431449,,,,,,,,,58.476487245336905,0.0014042891748801503,,,,,2.6014379182432,0.00046713893374337074,,,,,0.12866612861438556,0.00013578101059422574,,,,,,,,,,
LRa02_grain_63,0.6934537980793578,0.00045456019601505896,0.10203893666361544,0.00015390645102897793,,,37.1867862153403,0.0012722292286985466,,,,,,,,,59.89266403320024,0.0013538428034340604,,,,,1.5026590169709053,0.00043183975399707696,,,0.5689281985055319,0.0002576787830251014,0.05346980124004882,0.00012129944410924762,,,,,,,,,,
LRa02_grain_64,0.49120710073297813,0.00045645109738559056,1.0338206966198593,0.00015543446990646983,,,36.995960441556356,0.0013433934959582953,0.04346655869102085,0.00015600400679041708,,,,,,,59.087379288448496,0.0014732824743231814,0.5926446267801874,0.000196039711776993,,,0.9676392933014891,0.00043959587200967447,,,0.7878819938696177,0.00025202392227416425,,,,,,,,,,,,
LRa02_grain_65,1.2344197136582997,0.00047062290951544405,0.07959181404030473,0.00016093968823366022,,,37.84429019534495,0.0013640037783354297,0.0453163996519719,0.00016515115045689924,1.2835706205152155,0.0005374661469961641,,,,,57.01978354238949,0.001503314552018082,,,,,2.120969393032192,0.00045759237389874795,,,0.28876998649172614,0.00013454306572434983,0.08328833487584326,0.00012762943773586845,,,,,,,,,,
LRa02_grain_66,1.2347648605907091,0.00047338720165740266,0.07956696509279276,0.0001620817115691263,,,37.84716697112902,0.001315660867997679,0.04574339122668397,0.0001653556339901605,1.2844229963174012,0.0005219503358076421,,,,,57.015109551222444,0.0014590974437089712,,,,,2.120561536794984,0.00044713655799101526,,,0.2890374092816929,0.00013670669512266665,0.08362631834427642,0.00012634703774860433,,,,,,,,,,
LRa02_grain_67,,,,,,,41.110070612531125,0.001363445709504565,,,,,,,,,58.429951119676296,0.0013737203429948503,,,,,0.4599782677925745,0.0002299736370054732,,,,,,,,,,,,,,,,
LRa02_grain_68,1.6314925844919608,0.00045250847187432695,0.05920448013997402,0.00015424579739778415,,,34.84585988288003,0.0011885911088431033,0.04338912325763833,0.00015868657266016265,1.8809024488474997,0.0004956920319470852,,,,,58.26038532193289,0.0013522700104133673,,,,,2.627912829441767,0.00043180768198879945,,,0.6508533290082567,0.0002551661675689028,,,,,,,,,,,,
LRa02_grain_69,,,,,,,41.12534757463887,0.0013267580404473167,,,,,,,,,58.53922789157707,0.0013306090433013616,,,,,0.33542453378404946,0.00022653323105794698,,,,,,,,,,,,,,,,
LRa02_grain_70,,,,,,,41.12724243575903,0.001334194441991127,,,,,,,,,58.537450744862554,0.0013338320325509162,,,,,0.3353068193784171,0.00022490216555088097,,,,,,,,,,,,,,,,
LRa02_grain_71,0.589892044632483,0.00035747134384763444,0.03356351237905725,0.00015695140682849413,,,36.34355664975886,0.0012562589869652284,,,,,0.10268680573995181,0.00020081473862559873,,,61.82632898274469,0.0013204924457236667,,,,,1.0456319220673094,0.0003271019755277259,,,0.05834008267764329,0.00015631983151502375,,,,,,,,,,,,
LRa02_grain_72,0.35162847551755416,0.000345799130974564,0.06578645044423342,0.00016381905947109347,,,35.97466415781688,0.0012775664827886003,,,,,0.09556463742611611,0.0002108055642053625,,,62.09403169665882,0.0013456828191083744,,,,,1.1310986033865622,0.0003270149426078311,,,0.21726192090074178,0.00017310672129620255,0.06996405784908832,0.00016507761714564255,,,,,,,,,,
LRa02_grain_73,,,,,,,39.98363751519805,0.0013585573743044818,,,,,,,,,59.82508237150797,0.0013649364191283663,,,,,,,,,,,0.19128011329398004,0.00017711927094529322,,,,,,,,,,
LRa02_grain_74,0.07489135522423976,0.0003404488791971923,0.033467398038964556,0.00016272368781643066,,,38.1012086363021,0.0013104042571351272,,,,,,,,,61.004240574177295,0.001332620654521504,,,,,0.7394931839459974,0.00032334213550646104,,,0.04669885231139638,0.00016068565971777505,,,,,,,,,,,,
LRa02_grain_75,0.08788119133208608,0.00029913104268530365,,,,,27.65312117016426,0.0014206537192365575,,,,,0.5266629400641583,0.0002377171171361338,,,62.37899598802576,0.0018288978287900831,,,,,0.08799483523776823,0.0002508242679746596,,,8.886846276033543,0.0005699568450962247,0.3784975991424384,0.00025281700127546,,,,,,,,,,
LRa02_grain_76,0.3163139388910083,0.0003603020403882716,0.03028862942384371,0.00016953097599858478,0.3568938526956945,0.0002083589458258345,38.76812952154343,0.0014356197000783572,,,,,,,,,59.45479011126241,0.001492383080339136,,,,,0.07314524901683142,0.00028090428675045076,,,0.3638299863082389,0.00019080501195758236,0.6366087108585378,0.000207772007899999,,,,,,,,,,
LRa02_grain_77,0.1152865102115127,0.00033249030342483507,,,,,37.97279961502612,0.0012792965702674258,,,,,,,,,60.95424404070832,0.0013352650907641679,,,,,0.7935588496774136,0.0003199917781971593,,,0.12675766513300046,0.00017020716290114897,0.03735331924363726,0.00016354998814434454,,,,,,,,,,
LRa02_grain_78,0.5265509172920193,0.0003485636261699703,0.05636489786596648,0.00015307785216503068,,,32.970623686563435,0.0011698003897453132,,,,,0.09816344022380787,0.0001884358781259435,,,65.0328711750004,0.0012476419732283914,,,,,0.9853287314001604,0.0003174380554555926,,,0.26167778054593577,0.00016375466386771363,0.06841937110827985,0.00015119166047883553,,,,,,,,,,
LRa02_grain_79,0.5070361845689817,0.0003564314403074821,0.0657770488920643,0.0001657618440492525,,,35.52869532655004,0.0013066631883665815,,,,,0.11027626006191511,0.00020828239314720455,,,62.015568673536926,0.0014079210765759044,,,,,1.0152024972763938,0.00032132044770111483,,,0.7258171042184958,0.00020082318178921022,0.031626904895184216,0.00016892653604045973,,,,,,,,,,
LRa02_grain_80,0.09087187984887043,0.00032585715767483644,,,,,37.99569837148519,0.001277836815957388,,,,,,,,,61.369840208273686,0.0013091595987900582,,,,,0.5435895403922546,0.000303470820681984,,,,,,,,,,,,,,,,
LRa02_grain_81,,,0.02770684177785876,0.00012516922729283576,,,10.420648380866854,0.0008103471624589131,,,,,0.5492963189944813,0.00021118881269459853,,,68.84642319332389,0.0019918730030545027,,,,,0.07820973054751006,0.00019825541379592997,,,20.0777155344894,0.0013253386773915785,,,,,,,,,,,,
LRa02_grain_82,0.03853723118424286,0.0002289878129067895,0.029760088321056373,0.00012781831877345837,,,12.764702823437771,0.0009390394492933095,,,,,,,,,67.4510987177919,0.002046197231825618,,,,,0.10233989163294666,0.0002023434784119729,,,19.613561247632084,0.0012670504016058276,,,,,,,,,,,,
LRa02_grain_83,0.05348517499187831,0.00023214960457607352,,,,,11.995112334916044,0.0008559572377104704,,,,,1.4950324260337235,0.00027145692719188035,,,66.97649776964893,0.001939905792943716,,,,,0.13011783460839743,0.0002046534010630498,,,19.349754459801026,0.0011865045311170047,,,,,,,,,,,,
LRa02_grain_84,,,,,,,11.64930684206618,0.0008333020973980722,,,,,0.30389200954851414,0.00018964432254219457,,,67.93658066573141,0.0018634400122464337,,,,,3.258688512043099,0.0003963792604885314,,,16.851531970610804,0.0010302193087738558,,,,,,,,,,,,
LRa02_grain_85,,,,,,,13.188126908570407,0.0009119626414465016,,,,,,,,,68.12900460761414,0.001858479582162108,,,,,0.20175131591341197,0.00021042930301330936,,,18.48111716790204,0.0011184608879546865,,,,,,,,,,,,
LRa02_grain_86,0.0549268011664575,0.00022724499989273863,0.022541043263271495,0.00012528748612016254,,,10.765270706498773,0.0008060898348136122,,,,,0.49196706706709353,0.00020898917586170343,,,68.5109819933001,0.0019477133140351635,,,,,0.19022370983491807,0.00020749642449794655,,,19.96408867886937,0.0012710219370133168,,,,,,,,,,,,
LRa02_grain_87,0.05861300504021378,0.00023016502931436875,0.25756392836980735,0.00014280455241375703,,,12.624605145014991,0.0009075701746903177,,,,,,,,,67.8215544767934,0.001966244641783608,,,,,0.2949629036118428,0.00021138153867073653,,,18.942700541169753,0.0011947148495218007,,,,,,,,,,,,
LRa02_grain_88,0.15301805640720492,0.00022358835553164288,0.6237798145499298,0.00016174494618403324,,,9.81149455745487,0.0007837694559776194,,,,,0.15118123124959937,0.00017648017310317653,,,68.50387154442106,0.002013132089900947,,,,,0.7166822000446198,0.0002358480948559459,,,20.039972595872733,0.0013085909820980623,,,,,,,,,,,,
LRa02_grain_89,0.3223115651069597,0.00033814856335920355,0.0915420510273367,0.00015965576988014542,,,34.550244593199785,0.0012775448305907076,,,,,0.16045146107924846,0.00020444920448411851,,,63.50486425049059,0.0013531929868561595,0.036981049382174086,0.00022117650352136188,0.043862582240065874,0.0001890786791579034,1.1002626985336765,0.0003292086294140844,,,0.07636325717243965,0.00015968376050510644,0.11311649176772075,0.00016447749978200577,,,,,,,,,,
LRa02_grain_90,0.931921770498062,0.0003890888419912269,0.09687456678412576,0.00016880373030456346,,,34.984564383778434,0.001276235734115059,,,,,0.11633914434673572,0.00020708106305195728,,,61.466766438659306,0.0013920323863089122,,,,,1.7192993124964504,0.0003673583383397742,,,0.6368572402385122,0.0001960893527313406,0.047377143198377956,0.00016973551012617092,,,,,,,,,,
LRa02_grain_91,0.16942043208795227,0.00033547098278169775,,,,,37.13415883143264,0.0012609724917044013,,,,,,,,,62.06702366092111,0.0012976965842705292,,,,,0.3867557778483302,0.00029225544380808214,,,0.24264129770997195,0.00017397300613625482,,,,,,,,,,,,
LRa02_grain_92,1.4944953811119905,0.00043173592177966094,0.06665449315320136,0.00017080703508177714,,,33.847750569789746,0.0012872211522108848,0.13301944990305492,0.00017551061655573315,1.3228574677757854,0.0005397962319081395,0.1390241172504051,0.00021289597250811242,,,59.94658664791638,0.0015214168503539848,,,,,2.189388861868902,0.00040890483052303373,,,0.8015949779843311,0.00021776234169889643,0.05862803324620029,0.00017526984802222287,,,,,,,,,,
LRa02_grain_93,0.5709160686645317,0.00035153067828062764,0.08055959563648803,0.00015415278191769212,,,33.43094569560617,0.0011389647906878866,,,,,0.10902008564309176,0.0001986989675655571,,,64.03736879242116,0.001221000467416306,,,,,1.7711897620285577,0.0003464161736792063,,,,,,,,,,,,,,,,
LRa02_grain_94,0.11518325590072274,0.0003417734080838109,,,,,39.51108735474582,0.0013603686327163926,,,,,,,,,59.71171483714438,0.001392905301044473,,,,,0.4416935575313959,0.00031153357690562187,,,0.22032099467768437,0.000177802488086543,,,,,,,,,,,,
LRa02_grain_95,1.0046464211931423,0.00037730345108195575,0.036190070854796676,0.00015623177105913188,,,33.47553882755434,0.0012369292272920642,,,1.0950169423544396,0.0005008705970341206,0.10656100854732592,0.00020013266142742913,,,62.164610642601026,0.0014094364930640729,,,,,1.576667724069689,0.0003589787783991356,,,0.5054139632871202,0.00018190612376971078,0.03535439953811603,0.00015922785586294254,,,,,,,,,,
LRa02_grain_96,0.15016104424070603,0.0003260251353851851,0.0796916906161085,0.00016545776176950193,,,35.867431916278555,0.0012995047072334347,,,,,,,,,62.301021702250914,0.0013718396052742516,,,0.15238765627246995,0.00021228620279221662,1.0744847777187172,0.00033619143848658543,,,0.37482121262252827,0.00018468138368279448,,,,,,,,,,,,
LRa02_grain_97,0.8756711412034976,0.0003898586445247106,0.06130667638511737,0.0001696445695935982,,,36.721357161653714,0.0013232525839465465,,,,,0.09973466152153904,0.00021451486609506382,,,60.2619998103095,0.0014296483880973246,,,,,1.2982306639158887,0.0003587805975624879,,,0.6216879712744882,0.00021096530872907453,0.06001191373625202,0.00017781209470668402,,,,,,,,,,
LRa02_grain_98,,,0.06529241870930609,0.00012723591041891364,0.06100882954487464,0.00013800100244875692,11.650526501726118,0.0008373865084505159,,,,,0.8766943698842752,0.00022965486355608814,,,68.74411542326087,0.001856502351362292,,,,,0.08803479313108313,0.00019571485317152883,,,18.51432766374346,0.0011451372236462338,,,,,,,,,,,,
LRa02_grain_99,0.8808572228212744,0.0003895462890572309,0.05988016636918977,0.00017186082912425924,,,37.90737497762953,0.0013962454415226185,0.07352260363447893,0.00017739020941621444,,,0.09009105271737008,0.0002169701772586444,,,58.86705882137808,0.0015002239670927338,,,,,1.5089886835018285,0.00036564107270973536,,,0.5457859201019424,0.00020501452827103943,0.0664405518463052,0.00017693999933457162,,,,,,,,,,
Mag_395,0.17759030701871645,0.0004395591100243948,,,,,41.96462398722275,0.0013049152013011973,,,,,,,,,57.77833072300489,0.001328726114247093,,,,,0.07945498275364518,0.00020949558753601257,,,,,,,,,,,,,,,,
Magnetite_01,0.15221491985799288,0.00036270720614776084,,,,,43.17404098548145,0.0013427409211304044,,,,,,,,,56.58287904273259,0.001348003098375348,,,,,0.09086505192795039,0.0002955209940900713,,,,,,,,,,,,,,,,
Magnetite_01,0.2764517535358985,0.00046025938943200555,,,,,43.263444184076555,0.0013618483125651865,,,,,,,,,56.387459885274595,0.001380156630954949,,,,,0.07264417711294552,0.000219948222268314,,,,,,,,,,,,,,,,
Magnetite_02,0.3113270832986688,0.0003596411984657933,,,,,42.98712455467662,0.0013421489510898456,,,,,,,,,56.620166823001924,0.0013539331965534394,,,,,0.08138153902277875,0.0002890011042467533,,,,,,,,,,,,,,,,
Magnetite_03,0.20121269304636696,0.00035957184949832405,,,,,42.917250975190605,0.0013057811279368402,,,,,,,,,56.88153633176303,0.0013191788748527337,,,,,,,,,,,,,,,,,,,,,,
Magnetite_04,0.15106610439691875,0.0003499216568938574,,,,,43.214197697989384,0.0013029339676507014,,,,,,,,,56.568666654737534,0.0013097042973771998,,,,,0.06606954287616613,0.00028360140245715834,,,,,,,,,,,,,,,,
Magnetite_05,0.210945276136433,0.00036089789260535904,,,,,43.35374401723057,0.001334685100280547,,,,,,,,,56.435310706633004,0.0013206208115143264,,,,,,,,,,,,,,,,,,,,,,
Magnetite_06,0.17005583061518365,0.000363960642766806,,,,,43.40330945969374,0.0013230121327250067,,,,,,,,,56.34994984788224,0.0013324950493131807,,,,,0.07668486180883492,0.0002898494463047149,,,,,,,,,,,,,,,,
Magnetite_07,0.22569830046763623,0.0003573240827523355,,,,,43.17027831075173,0.001337713222499302,,,,,,,,,56.532279977314616,0.0013594294317371618,,,,,0.07174341146601894,0.00030015163141562553,,,,,,,,,,,,,,,,
Magnetite_08,0.15804583594174618,0.0003532618558566598,,,,,43.20507102866189,0.0013169716670660483,,,,,,,,,56.553299286616706,0.0013299639518877318,,,,,0.08358384877964235,0.00029235123268217273,,,,,,,,,,,,,,,,
Magnetite_09,0.20368156986667083,0.00035309662614922243,,,,,43.155813935120676,0.0013043251778761139,,,,,,,,,56.5622973916309,0.0013284355180333252,,,,,0.07820710338175753,0.00029348270271785083,,,,,,,,,,,,,,,,
Magnetite_oxpuck_0,0.24234864327178962,0.00035468529636277735,,,,,42.59434650512466,0.00129763750966271,,,,,,,,,57.062395893161046,0.0013186625581027036,,,,,0.06551598160182773,0.00028926346755428066,,,0.03539297684068487,0.0001694306237275133,,,,,,,,,,,,
Magnetite_oxpuck_01,0.24715695571261145,0.00042689276249575903,,,,,42.14403717739812,0.0012602536949532705,,,,,,,,,57.541296467529335,0.0012683994868107828,,,,,0.06750939935992298,0.00021103775984737655,,,,,,,,,,,,,,,,
Magnetite_oxpuck_01,0.2439022285829478,0.0004693718634403725,,,,,43.985108579754225,0.0013444639380774705,,,,,,,,,55.66605577665632,0.0013847082835446696,,,,,0.06139770735439309,0.00022528841358680445,,,0.04353570765210474,0.00013233503105665941,,,,,,,,,,,,
Magnetite_oxpuck_01,0.25185781341416963,0.0003668928418965596,,,,,43.3628701664126,0.0013127299307673472,,,,,,,,,56.3106087535314,0.0013382135998015194,,,,,0.07466326664182074,0.0002894231297962757,,,,,,,,,,,,,,,,
Magnetite_oxpuck_01,0.2212064307256193,0.00042855543239981924,,,,,41.99913338503858,0.0012726941913461136,,,,,,,,,57.712468311137386,0.00127141058270951,,,,,0.06719187309840431,0.0002044294212526572,,,,,,,,,,,,,,,,
Magnetite_oxpuck_01,0.23233466351821247,0.000477937760792744,,,,,43.135753020824815,0.0013919950419111538,,,,,,,,,56.4936312939456,0.0014145971977333814,,,,,0.08733491926578424,0.00022052615721822124,,,0.05094610244558232,0.0001365058482902,,,,,,,,,,,,
Magnetite_oxpuck_02,0.2467626493043254,0.00042721622292026516,,,,,42.151511848554065,0.001288808117076625,,,,,,,,,57.487661716848,0.0013052994657035534,,,,,0.06774357939355308,0.00020237478744342366,,,0.0463202059000604,0.00012215314422963535,,,,,,,,,,,,
Magnetite_oxpuck_02,0.2479572406259167,0.00035511018979368446,,,,,43.54677034848618,0.0013984104989055674,,,,,,,,,56.0813991701558,0.0014015077680411398,,,,,0.08069149922782956,0.0002894698308428277,,,0.04318174150427659,0.00017017505346118467,,,,,,,,,,,,
Magnetite_oxpuck_02,0.23353560171886695,0.00047718372640861376,,,,,42.994351719399845,0.0013688933585102325,,,,,,,,,56.65564229034432,0.0014055261940749118,,,,,0.0870605224977413,0.00023267049008372984,,,0.02940986603922869,0.00013412102383913746,,,,,,,,,,,,
Magnetite_oxpuck_02,0.24368381508072598,0.00046405520405577575,,,,,43.77662060442073,0.0014140618398333347,,,,,,,,,55.88238132205478,0.0014399503931070796,,,,,0.061338830313705274,0.00022733075410544913,,,0.03597542813005186,0.00013164137630413244,,,,,,,,,,,,
Magnetite_oxpuck_02,0.20912445833671467,0.00042652515104463456,,,,,42.03270075541553,0.0012393985583757814,,,,,,,,,57.66278186268108,0.001265354580852484,,,,,0.05606141264244226,0.0002029567621023518,,,0.03933151092423488,0.00011931276694799625,,,,,,,,,,,,
Magnetite_oxpuck_03,0.2348723032593778,0.000366991697824055,,,,,43.55789306794456,0.0013418170139681575,,,,,,,,,56.165533320806226,0.0013583522169723686,,,,,,,,,0.041701307989832716,0.00017112686024943236,,,,,,,,,,,,
Magnetite_oxpuck_03,0.22082872526242356,0.00042324796099988814,,,,,42.055373985917406,0.0012374801057877826,,,,,,,,,57.631012056735806,0.001258370677268262,,,,,0.06689658511780076,0.00020399053102436107,,,0.025888646966568608,0.00011994477021809113,,,,,,,,,,,,
Magnetite_oxpuck_03,0.23077186938228245,0.000461691682464847,,,,,43.72316032978521,0.0013779892441961362,,,,,,,,,55.92176015325007,0.0013773228320454467,,,,,0.07373392692495663,0.00022426717602993217,,,0.05057372065748071,0.00013054287212724204,,,,,,,,,,,,
Magnetite_oxpuck_03,0.21787175868146622,0.0004577295682311562,,,,,42.905288333466025,0.0013673936101029557,,,,,,,,,56.74212168176731,0.0013888081070003618,,,,,0.09839684576635252,0.00023337270606003067,,,0.036321380318847706,0.00013535938939641717,,,,,,,,,,,,
Magnetite_oxpuck_03,0.22271103757709618,0.00042026362695698723,,,,,42.12575916090168,0.0012701048212617964,,,,,,,,,57.55077037572808,0.0012687243518132985,,,,,0.06772373039664356,0.00020829646293281614,,,0.0330356953965032,0.00012085401286418559,,,,,,,,,,,,
Magnetite_oxpuck_04,0.2583549513969479,0.00042939153642943814,,,,,42.22984090234074,0.0012526126456284385,,,,,,,,,57.40439394044209,0.0012719924824677099,,,,,0.06771354525304886,0.00020709595924995222,,,0.03969666056717404,0.00011867287317345865,,,,,,,,,,,,
Magnetite_oxpuck_04,0.24403740732215584,0.0004664158904408094,,,,,42.70608916750137,0.0013576512479275959,,,,,,,,,56.93237636198961,0.0013909214429055014,,,,,0.07398549991661857,0.00023059194853812667,,,0.043511563270241006,0.00013046404796859595,,,,,,,,,,,,
Magnetite_oxpuck_04,0.23251098777082557,0.00042332760642022516,,,,,42.09239684799274,0.0012602263924838388,,,,,,,,,57.67509216423643,0.0012835851406146873,,,,,,,,,,,,,,,,,,,,,,
Magnetite_oxpuck_05,0.22178211942878676,0.0004317800267086646,,,,,42.02231848381016,0.0012972251259880702,,,,,,,,,57.66101418955634,0.0013288138599602864,,,,,0.05553851951330834,0.00020682061580146494,,,0.039346687691414375,0.00011955626408942377,,,,,,,,,,,,
Magnetite_oxpuck_06,0.2453017802104807,0.000428484759530806,,,,,42.113150843636355,0.0012718214215290866,,,,,,,,,57.608781135190625,0.0012895123786372583,,,,,,,,,0.03276624096255111,0.00011825374760051583,,,,,,,,,,,,
Magnetite_ph_01,0.15720600845025293,0.00035078838369251254,,,,,41.79655496147702,0.001389404849630596,,,,,,,,,57.97526322855491,0.0013895961838419118,,,,,0.0709758015178194,0.0002705821390395076,,,,,,,,,,,,,,,,
Magnetite_ph_02,0.15319967879920135,0.0003429744529164432,,,,,41.927151024220876,0.0013831970507395398,,,,,,,,,57.91964929697993,0.0013989801981579768,,,,,,,,,,,,,,,,,,,,,,
Magnetite_ph_03,0.18443333666358216,0.0003504339969403007,,,,,42.02528441495994,0.0013423405814290826,,,,,,,,,57.79028224837648,0.0013476904337004192,,,,,,,,,,,,,,,,,,,,,,
Magnetite_ph_04,0.15967400642422042,0.00034875989122908757,,,,,41.77935222253248,0.0013920612780211445,,,,,,,,,57.99464057135327,0.0014093955115826024,,,,,0.06633319969002546,0.0002816574625029322,,,,,,,,,,,,,,,,
Magnetite_ph_05,0.2682273719637794,0.00035884338867242277,,,,,41.356916509058266,0.0013880631717353771,,,,,,,,,58.32210471266676,0.0014220792982843776,,,,,0.05275140631121015,0.0002810828493759003,,,,,,,,,,,,,,,,
Magnetite_ph_06,0.4258644182597964,0.00037904470399160013,,,,,41.139423801193715,0.0013876660102601418,,,,,,,,,58.36707950128517,0.0014158476072573276,,,,,0.0676322792613286,0.0002842451565502198,,,,,,,,,,,,,,,,
mag_mg,0.6504202053689764,0.0004625258704777387,,,,,44.437482843083245,0.0020307491970740577,,,,,,,,,54.633909734912024,0.0020498756335269675,,,,,0.07326229070221454,0.0004461805913435778,,,0.07913628522248099,0.00026295424781763244,,,,,,,,,0.1257886407110631,0.00023957183626832724,,
