Hematite_Elba_01,,,,,,,,,,,,,
Element,Signal Type,Line,Apparent Concentration,k Ratio,Wt%,Wt% Sigma,Atomic %,Oxide %,Oxide % Sigma,Number of Ions,Standard Name,Factory Standard,Standardization Date
O,EDS,K series,29.37,0.16689,31.78,0.08,60.4,,,,Hematite,No,12/18/24 23:25
Fe,EDS,K series,72.68,0.67914,72.73,0.11,39.6,,,,Hematite,No,12/18/24 23:25
Total,,,,,104.51,,100,,,,,,
,,,,,,,,,,,,,
Hematite_Elba_02,,,,,,,,,,,,,
Element,Signal Type,Line,Apparent Concentration,k Ratio,Wt%,Wt% Sigma,Atomic %,Oxide %,Oxide % Sigma,Number of Ions,Standard Name,Factory Standard,Standardization Date
O,EDS,K series,29.3,0.16654,31.72,0.08,60.37,,,,Hematite,No,12/18/24 23:25
Fe,EDS,K series,72.64,0.67874,72.68,0.11,39.63,,,,Hematite,No,12/18/24 23:25
Total,,,,,104.4,,100,,,,,,
,,,,,,,,,,,,,
,,,,,,,,,,,,,
Illmenite_01,,,,,,,,,,,,,
Element,Signal Type,Line,Apparent Concentration,k Ratio,Wt%,Wt% Sigma,Atomic %,Oxide %,Oxide % Sigma,Number of Ions,Standard Name,Factory Standard,Standardization Date
O,EDS,K series,11.15,0.06335,36.23,0.17,62.63,,,,Hematite,No,12/18/24 23:25
Ti,EDS,K series,29.94,0.2754,28.92,0.05,16.7,,,,TiO2,No,12/9/24 20:22
V,EDS,K series,0.22,0.0022,0.23,0.03,0.12,,,,V,Yes,
Mn,EDS,K series,3.37,0.03191,3.73,0.03,1.88,,,,MnO,No,12/9/24 20:20
Fe,EDS,K series,35.62,0.33282,37.7,0.08,18.67,,,,Hematite,No,12/18/24 23:25
Total,,,,,106.82,,100,,,,,,
,,,,,,,,,,,,,
Illmenite_02,,,,,,,,,,,,,
Element,Signal Type,Line,Apparent Concentration,k Ratio,Wt%,Wt% Sigma,Atomic %,Oxide %,Oxide % Sigma,Number of Ions,Standard Name,Factory Standard,Standardization Date
O,EDS,K series,11.29,0.06417,36.67,0.15,62.82,,,,Hematite,No,12/18/24 23:25
Ti,EDS,K series,29.98,0.27574,29.02,0.05,16.6,,,,TiO2,No,12/9/24 20:22
Mn,EDS,K series,3.31,0.03136,3.67,0.03,1.83,,,,MnO,No,12/9/24 20:20
Fe,EDS,K series,35.71,0.33366,37.79,0.08,18.54,,,,Hematite,No,12/18/24 23:25
Nb,EDS,L series,0.51,0.00507,0.67,0.04,0.2,,,,Nb,Yes,
Total,,,,,107.82,,100,,,,,,
,,,,,,,,,,,,,
Magnetite_oxpuck_01,,,,,,,,,,,,,
Element,Signal Type,Line,Apparent Concentration,k Ratio,Wt%,Wt% Sigma,Atomic %,Oxide %,Oxide % Sigma,Number of Ions,Standard Name,Factory Standard,Standardization Date
O,EDS,K series,26.69,0.1517,29.36,0.07,57.72,,,,Hematite,No,12/18/24 23:25
Al,EDS,K series,0.11,0.00065,0.19,0.02,0.22,,,,Nepheline,No,12/9/24 21:18
Si,EDS,K series,0.05,0.00028,0.06,0.01,0.06,,,,Forsterite,No,12/9/24 20:00
Fe,EDS,K series,74.87,0.69961,74.58,0.11,42,,,,Hematite,No,12/18/24 23:25
Total,,,,,104.19,,100,,,,,,
,,,,,,,,,,,,,
,,,,,,,,,,,,,
Magnetite_oxpuck_02,,,,,,,,,,,,,
Element,Signal Type,Line,Apparent Concentration,k Ratio,Wt%,Wt% Sigma,Atomic %,Oxide %,Oxide % Sigma,Number of Ions,Standard Name,Factory Standard,Standardization Date
O,EDS,K series,26.62,0.15127,29.38,0.07,57.66,,,,Hematite,No,12/18/24 23:25
Al,EDS,K series,0.11,0.00062,0.18,0.02,0.21,,,,Nepheline,No,12/9/24 21:18
Si,EDS,K series,0.05,0.00026,0.05,0.01,0.06,,,,Forsterite,No,12/9/24 20:00
Ti,EDS,K series,0.06,0.00058,0.06,0.01,0.04,,,,TiO2,No,12/9/24 20:22
Fe,EDS,K series,75.06,0.70137,74.76,0.11,42.03,,,,Hematite,No,12/18/24 23:25
Total,,,,,104.44,,100,,,,,,
,,,,,,,,,,,,,
,,,,,,,,,,,,,
Goethite_01,,,,,,,,,,,,,
Element,Signal Type,Line,Apparent Concentration,k Ratio,Wt%,Wt% Sigma,Atomic %,Oxide %,Oxide % Sigma,Number of Ions,Standard Name,Factory Standard,Standardization Date
O,EDS,K series,37.19,0.21134,39.88,0.08,68.79,,,,Hematite,No,12/18/24 23:25
Al,EDS,K series,0.22,0.00122,0.33,0.02,0.34,,,,Nepheline,No,12/9/24 21:18
Si,EDS,K series,0.37,0.00193,0.38,0.01,0.38,,,,Forsterite,No,12/9/24 20:00
P,EDS,K series,1.17,0.00929,1.53,0.02,1.36,,,,Chlorapatite,No,12/9/24 20:13
Ca,EDS,K series,0.13,0.00112,0.12,0.01,0.08,,,,Diopside,No,12/9/24 20:18
Mn,EDS,K series,0.13,0.00118,0.13,0.02,0.07,,,,MnO,No,12/9/24 20:20
Fe,EDS,K series,57.25,0.53496,58.65,0.1,28.98,,,,Hematite,No,12/18/24 23:25
Total,,,,,101.02,,100,,,,,,
,,,,,,,,,,,,,
,,,,,,,,,,,,,
Goethite_02,,,,,,,,,,,,,
Element,Signal Type,Line,Apparent Concentration,k Ratio,Wt%,Wt% Sigma,Atomic %,Oxide %,Oxide % Sigma,Number of Ions,Standard Name,Factory Standard,Standardization Date
O,EDS,K series,37.19,0.21134,39.88,0.08,68.79,,,,Hematite,No,12/18/24 23:25
Al,EDS,K series,0.22,0.00122,0.33,0.02,0.34,,,,Nepheline,No,12/9/24 21:18
Si,EDS,K series,0.37,0.00193,0.38,0.01,0.38,,,,Forsterite,No,12/9/24 20:00
P,EDS,K series,1.17,0.00929,1.53,0.02,1.36,,,,Chlorapatite,No,12/9/24 20:13
Ca,EDS,K series,0.13,0.00112,0.12,0.01,0.08,,,,Diopside,No,12/9/24 20:18
Mn,EDS,K series,0.13,0.00118,0.13,0.02,0.07,,,,MnO,No,12/9/24 20:20
Fe,EDS,K series,57.25,0.53496,58.65,0.1,28.98,,,,Hematite,No,12/18/24 23:25
Total,,,,,101.02,,100,,,,,,
,,,,,,,,,,,,,
,,,,,,,,,,,,,
BRc02_grain_38,,,,,,,,,,,,,
Element,Signal Type,Line,Apparent Concentration,k Ratio,Wt%,Wt% Sigma,Atomic %,Oxide %,Oxide % Sigma,Number of Ions,Standard Name,Factory Standard,Standardization Date
O,EDS,K series,19.59,0.11133,34.5,0.11,62.32,,,,Hematite,No,12/18/24 23:25
Al,EDS,K series,1.12,0.00636,1.71,0.02,1.83,,,,Nepheline,No,12/9/24 21:18
Si,EDS,K series,0.17,0.00088,0.18,0.01,0.18,,,,Forsterite,No,12/9/24 20:00
Ca,EDS,K series,0.1,0.00085,0.09,0.01,0.06,,,,Diopside,No,12/9/24 20:18
Ti,EDS,K series,9.4,0.08647,8.94,0.03,5.4,,,,TiO2,No,12/9/24 20:22
V,EDS,K series,0.71,0.00707,0.71,0.02,0.4,,,,V,Yes,
Mn,EDS,K series,0.26,0.00249,0.28,0.02,0.15,,,,MnO,No,12/9/24 20:20
Fe,EDS,K series,55.8,0.52141,57.3,0.1,29.66,,,,Hematite,No,12/18/24 23:25
Total,,,,,103.71,,100,,,,,,
,,,,,,,,,,,,,
,,,,,,,,,,,,,
BRc02_grain_39,,,,,,,,,,,,,
Element,Signal Type,Line,Apparent Concentration,k Ratio,Wt%,Wt% Sigma,Atomic %,Oxide %,Oxide % Sigma,Number of Ions,Standard Name,Factory Standard,Standardization Date
O,EDS,K series,10.26,0.05832,41.14,0.21,66.51,,,,Hematite,No,12/18/24 23:25
Mg,EDS,K series,0.25,0.00145,0.48,0.02,0.51,,,,Forsterite,No,12/9/24 20:00
Al,EDS,K series,0.05,0.00027,0.06,0.01,0.06,,,,Nepheline,No,12/9/24 21:18
Si,EDS,K series,0.14,0.00072,0.13,0.01,0.12,,,,Forsterite,No,12/9/24 20:00
Ca,EDS,K series,0.06,0.00049,0.05,0.01,0.03,,,,Diopside,No,12/9/24 20:18
Ti,EDS,K series,37.33,0.34332,36.8,0.06,19.87,,,,TiO2,No,12/9/24 20:22
V,EDS,K series,0.39,0.0039,0.42,0.03,0.21,,,,V,Yes,
Mn,EDS,K series,0.78,0.00736,0.89,0.02,0.42,,,,MnO,No,12/9/24 20:20
Fe,EDS,K series,24.41,0.22806,26.51,0.07,12.28,,,,Hematite,No,12/18/24 23:25
Total,,,,,106.48,,100,,,,,,
,,,,,,,,,,,,,
BRc02_grain_40,,,,,,,,,,,,,
Element,Signal Type,Line,Apparent Concentration,k Ratio,Wt%,Wt% Sigma,Atomic %,Oxide %,Oxide % Sigma,Number of Ions,Standard Name,Factory Standard,Standardization Date
O,EDS,K series,11.7,0.06647,41.68,0.17,66.75,,,,Hematite,No,12/18/24 23:25
Si,EDS,K series,0.07,0.00038,0.07,0.01,0.06,,,,Forsterite,No,12/9/24 20:00
Ti,EDS,K series,33.87,0.31149,33.22,0.06,17.77,,,,TiO2,No,12/9/24 20:22
Fe,EDS,K series,31.22,0.29173,33.6,0.08,15.42,,,,Hematite,No,12/18/24 23:25
Total,,,,,108.57,,100,,,,,,
,,,,,,,,,,,,,
BRc02_grain_41,,,,,,,,,,,,,
Element,Signal Type,Line,Apparent Concentration,k Ratio,Wt%,Wt% Sigma,Atomic %,Oxide %,Oxide % Sigma,Number of Ions,Standard Name,Factory Standard,Standardization Date
O,EDS,K series,19.75,0.11223,37.63,0.12,64.21,,,,Hematite,No,12/18/24 23:25
Al,EDS,K series,0.36,0.00202,0.54,0.02,0.54,,,,Nepheline,No,12/9/24 21:18
Si,EDS,K series,0.84,0.00436,0.84,0.02,0.82,,,,Forsterite,No,12/9/24 20:00
P,EDS,K series,0.06,0.00047,0.08,0.01,0.07,,,,Chlorapatite,No,12/9/24 20:13
Ca,EDS,K series,0.77,0.00661,0.67,0.01,0.45,,,,Diopside,No,12/9/24 20:18
Ti,EDS,K series,11.3,0.10392,10.85,0.04,6.18,,,,TiO2,No,12/9/24 20:22
V,EDS,K series,0.69,0.00688,0.7,0.02,0.38,,,,V,Yes,
Mn,EDS,K series,0.53,0.00502,0.57,0.02,0.28,,,,MnO,No,12/9/24 20:20
Fe,EDS,K series,53.52,0.50004,55.36,0.09,27.06,,,,Hematite,No,12/18/24 23:25
Total,,,,,107.24,,100,,,,,,
,,,,,,,,,,,,,
,,,,,,,,,,,,,
BRc02_grain_42,,,,,,,,,,,,,
Element,Signal Type,Line,Apparent Concentration,k Ratio,Wt%,Wt% Sigma,Atomic %,Oxide %,Oxide % Sigma,Number of Ions,Standard Name,Factory Standard,Standardization Date
O,EDS,K series,24.74,0.14061,28.79,0.08,58.23,,,,Hematite,No,12/18/24 23:25
Al,EDS,K series,0.19,0.00107,0.3,0.02,0.37,,,,Nepheline,No,12/9/24 21:18
Si,EDS,K series,0.63,0.00324,0.66,0.02,0.77,,,,Forsterite,No,12/9/24 20:00
Ca,EDS,K series,0.07,0.00059,0.06,0.01,0.05,,,,Diopside,No,12/9/24 20:18
Ti,EDS,K series,0.65,0.00601,0.6,0.02,0.41,,,,TiO2,No,12/9/24 20:22
V,EDS,K series,0.17,0.00173,0.17,0.02,0.11,,,,V,Yes,
Fe,EDS,K series,69.14,0.64604,69.17,0.1,40.08,,,,Hematite,No,12/18/24 23:25
Total,,,,,99.76,,100,,,,,,
,,,,,,,,,,,,,
BRc02_grain_43,,,,,,,,,,,,,
Element,Signal Type,Line,Apparent Concentration,k Ratio,Wt%,Wt% Sigma,Atomic %,Oxide %,Oxide % Sigma,Number of Ions,Standard Name,Factory Standard,Standardization Date
O,EDS,K series,21.72,0.12344,32.15,0.09,60.57,,,,Hematite,No,12/18/24 23:25
Al,EDS,K series,0.49,0.00279,0.77,0.02,0.86,,,,Nepheline,No,12/9/24 21:18
Si,EDS,K series,0.59,0.00304,0.61,0.01,0.65,,,,Forsterite,No,12/9/24 20:00
K,EDS,K series,0.05,0.00038,0.04,0.01,0.03,,,,Orthoclase,No,12/9/24 20:17
Ca,EDS,K series,0.1,0.00085,0.09,0.01,0.06,,,,Diopside,No,12/9/24 20:18
Ti,EDS,K series,5.1,0.04695,4.8,0.03,3.02,,,,TiO2,No,12/9/24 20:22
V,EDS,K series,0.76,0.00764,0.76,0.02,0.45,,,,V,Yes,
Mn,EDS,K series,0.31,0.00289,0.32,0.02,0.18,,,,MnO,No,12/9/24 20:20
Fe,EDS,K series,62.38,0.5829,63.3,0.1,34.17,,,,Hematite,No,12/18/24 23:25
Total,,,,,102.83,,100,,,,,,
,,,,,,,,,,,,,
BRc02_grain_44,,,,,,,,,,,,,
Element,Signal Type,Line,Apparent Concentration,k Ratio,Wt%,Wt% Sigma,Atomic %,Oxide %,Oxide % Sigma,Number of Ions,Standard Name,Factory Standard,Standardization Date
O,EDS,K series,24.9,0.14149,28.22,0.08,57.89,,,,Hematite,No,12/18/24 23:25
Al,EDS,K series,0.2,0.00114,0.33,0.02,0.4,,,,Nepheline,No,12/9/24 21:18
Si,EDS,K series,0.82,0.00427,0.88,0.02,1.02,,,,Forsterite,No,12/9/24 20:00
Ca,EDS,K series,0.07,0.00061,0.06,0.01,0.05,,,,Diopside,No,12/9/24 20:18
Ti,EDS,K series,0.14,0.00125,0.13,0.01,0.09,,,,TiO2,No,12/9/24 20:22
V,EDS,K series,0.1,0.00102,0.1,0.01,0.06,,,,V,Yes,
Fe,EDS,K series,68.94,0.64416,68.89,0.1,40.49,,,,Hematite,No,12/18/24 23:25
Total,,,,,98.6,,100,,,,,,
,,,,,,,,,,,,,
,,,,,,,,,,,,,
BRc02_grain_45,,,,,,,,,,,,,
Element,Signal Type,Line,Apparent Concentration,k Ratio,Wt%,Wt% Sigma,Atomic %,Oxide %,Oxide % Sigma,Number of Ions,Standard Name,Factory Standard,Standardization Date
O,EDS,K series,18.34,0.10423,34.3,0.11,62.07,,,,Hematite,No,12/18/24 23:25
Al,EDS,K series,1.07,0.00604,1.62,0.02,1.74,,,,Nepheline,No,12/9/24 21:18
Si,EDS,K series,0.08,0.00039,0.08,0.01,0.08,,,,Forsterite,No,12/9/24 20:00
Ca,EDS,K series,0.04,0.00034,0.03,0.01,0.02,,,,Diopside,No,12/9/24 20:18
Ti,EDS,K series,10.76,0.09895,10.24,0.03,6.19,,,,TiO2,No,12/9/24 20:22
V,EDS,K series,0.93,0.00929,0.94,0.02,0.53,,,,V,Yes,
Mn,EDS,K series,0.28,0.00265,0.3,0.02,0.16,,,,MnO,No,12/9/24 20:20
Fe,EDS,K series,54.79,0.51191,56.35,0.09,29.21,,,,Hematite,No,12/18/24 23:25
Total,,,,,103.86,,100,,,,,,
,,,,,,,,,,,,,
BRc02_grain_46,,,,,,,,,,,,,
Element,Signal Type,Line,Apparent Concentration,k Ratio,Wt%,Wt% Sigma,Atomic %,Oxide %,Oxide % Sigma,Number of Ions,Standard Name,Factory Standard,Standardization Date
Element,Signal Type,Line,Apparent Concentration,k Ratio,Wt%,Wt% Sigma,Atomic %,Oxide %,Oxide % Sigma,Number of Ions,Standard Name,Factory Standard,Standardization Date
O,EDS,K series,28.05,0.15941,30.89,0.08,60.11,,,,Hematite,No,12/18/24 23:25
Al,EDS,K series,0.08,0.00045,0.13,0.02,0.15,,,,Nepheline,No,12/9/24 21:18
Si,EDS,K series,0.65,0.00339,0.69,0.02,0.77,,,,Forsterite,No,12/9/24 20:00
Ti,EDS,K series,0.08,0.00076,0.08,0.01,0.05,,,,TiO2,No,12/9/24 20:22
Fe,EDS,K series,69.66,0.65093,69.81,0.1,38.92,,,,Hematite,No,12/18/24 23:25
Total,,,,,101.6,,100,,,,,,
,,,,,,,,,,,,,
,,,,,,,,,,,,,
BRc02_grain_47,,,,,,,,,,,,,
Element,Signal Type,Line,Apparent Concentration,k Ratio,Wt%,Wt% Sigma,Atomic %,Oxide %,Oxide % Sigma,Number of Ions,Standard Name,Factory Standard,Standardization Date
O,EDS,K series,27.71,0.15747,30.37,0.07,59.6,,,,Hematite,No,12/18/24 23:25
Al,EDS,K series,0.06,0.00032,0.09,0.01,0.11,,,,Nepheline,No,12/9/24 21:18
Si,EDS,K series,0.28,0.00144,0.3,0.01,0.33,,,,Forsterite,No,12/9/24 20:00
Ti,EDS,K series,0.06,0.00055,0.06,0.01,0.04,,,,TiO2,No,12/9/24 20:22
Fe,EDS,K series,71.01,0.66352,71.02,0.1,39.93,,,,Hematite,No,12/18/24 23:25
Total,,,,,101.83,,100,,,,,,
,,,,,,,,,,,,,
,,,,,,,,,,,,,
BRc02_grain_48,,,,,,,,,,,,,
Element,Signal Type,Line,Apparent Concentration,k Ratio,Wt%,Wt% Sigma,Atomic %,Oxide %,Oxide % Sigma,Number of Ions,Standard Name,Factory Standard,Standardization Date
O,EDS,K series,27.72,0.15755,32.47,0.08,60.74,,,,Hematite,No,12/18/24 23:25
Al,EDS,K series,0.77,0.00436,1.21,0.02,1.34,,,,Nepheline,No,12/9/24 21:18
Si,EDS,K series,1.89,0.0098,1.98,0.02,2.11,,,,Forsterite,No,12/9/24 20:00
K,EDS,K series,0.15,0.00122,0.13,0.01,0.1,,,,Orthoclase,No,12/9/24 20:17
Ca,EDS,K series,0.07,0.0006,0.06,0.01,0.05,,,,Diopside,No,12/9/24 20:18
Ti,EDS,K series,0.54,0.005,0.51,0.02,0.32,,,,TiO2,No,12/9/24 20:22
V,EDS,K series,0.07,0.00068,0.07,0.01,0.04,,,,V,Yes,
Mn,EDS,K series,0.17,0.00158,0.17,0.02,0.09,,,,MnO,No,12/9/24 20:20
Fe,EDS,K series,65.02,0.60757,65.68,0.1,35.2,,,,Hematite,No,12/18/24 23:25
Total,,,,,102.29,,100,,,,,,
,,,,,,,,,,,,,
,,,,,,,,,,,,,
BRc02_grain_49,,,,,,,,,,,,,
Element,Signal Type,Line,Apparent Concentration,k Ratio,Wt%,Wt% Sigma,Atomic %,Oxide %,Oxide % Sigma,Number of Ions,Standard Name,Factory Standard,Standardization Date
O,EDS,K series,27,0.15346,31.83,0.08,60.47,,,,Hematite,No,12/18/24 23:25
Al,EDS,K series,0.41,0.00232,0.65,0.02,0.73,,,,Nepheline,No,12/9/24 21:18
Si,EDS,K series,1.29,0.00668,1.35,0.02,1.47,,,,Forsterite,No,12/9/24 20:00
K,EDS,K series,0.07,0.00056,0.06,0.01,0.05,,,,Orthoclase,No,12/9/24 20:17
Ca,EDS,K series,0.15,0.0013,0.13,0.01,0.1,,,,Diopside,No,12/9/24 20:18
Ti,EDS,K series,0.98,0.00898,0.91,0.02,0.58,,,,TiO2,No,12/9/24 20:22
Mn,EDS,K series,0.41,0.00385,0.42,0.02,0.23,,,,MnO,No,12/9/24 20:20
Fe,EDS,K series,66.33,0.61979,66.83,0.1,36.37,,,,Hematite,No,12/18/24 23:25
Total,,,,,102.2,,100,,,,,,
,,,,,,,,,,,,,
BRc02_grain_50,,,,,,,,,,,,,
Element,Signal Type,Line,Apparent Concentration,k Ratio,Wt%,Wt% Sigma,Atomic %,Oxide %,Oxide % Sigma,Number of Ions,Standard Name,Factory Standard,Standardization Date
O,EDS,K series,26.99,0.15341,31.74,0.08,60.43,,,,Hematite,No,12/18/24 23:25
Al,EDS,K series,0.41,0.00232,0.65,0.02,0.73,,,,Nepheline,No,12/9/24 21:18
Si,EDS,K series,1.29,0.00668,1.36,0.02,1.47,,,,Forsterite,No,12/9/24 20:00
Ca,EDS,K series,0.15,0.00126,0.13,0.01,0.1,,,,Diopside,No,12/9/24 20:18
Ti,EDS,K series,0.98,0.00898,0.91,0.02,0.58,,,,TiO2,No,12/9/24 20:22
Mn,EDS,K series,0.41,0.00385,0.42,0.02,0.23,,,,MnO,No,12/9/24 20:20
Fe,EDS,K series,66.33,0.61979,66.82,0.1,36.45,,,,Hematite,No,12/18/24 23:25
Total,,,,,102.02,,100,,,,,,
,,,,,,,,,,,,,
,,,,,,,,,,,,,
BRc02_grain_51,,,,,,,,,,,,,
Element,Signal Type,Line,Apparent Concentration,k Ratio,Wt%,Wt% Sigma,Atomic %,Oxide %,Oxide % Sigma,Number of Ions,Standard Name,Factory Standard,Standardization Date
O,EDS,K series,17.73,0.10074,37.02,0.13,63.85,,,,Hematite,No,12/18/24 23:25
Al,EDS,K series,0.34,0.00193,0.51,0.02,0.52,,,,Nepheline,No,12/9/24 21:18
Si,EDS,K series,0.26,0.00137,0.26,0.01,0.26,,,,Forsterite,No,12/9/24 20:00
Ca,EDS,K series,0.05,0.00047,0.05,0.01,0.03,,,,Diopside,No,12/9/24 20:18
Ti,EDS,K series,14.77,0.13589,14.14,0.04,8.15,,,,TiO2,No,12/9/24 20:22
V,EDS,K series,0.56,0.00562,0.57,0.02,0.31,,,,V,Yes,
Mn,EDS,K series,0.68,0.00645,0.73,0.02,0.37,,,,MnO,No,12/9/24 20:20
Fe,EDS,K series,51.57,0.48181,53.43,0.09,26.41,,,,Hematite,No,12/18/24 23:25
Zn,EDS,K series,0.19,0.00192,0.23,0.04,0.1,,,,Zn,Yes,
Total,,,,,106.95,,100,,,,,,
,,,,,,,,,,,,,
,,,,,,,,,,,,,
BRc02_grain_52,,,,,,,,,,,,,
Element,Signal Type,Line,Apparent Concentration,k Ratio,Wt%,Wt% Sigma,Atomic %,Oxide %,Oxide % Sigma,Number of Ions,Standard Name,Factory Standard,Standardization Date
O,EDS,K series,22.84,0.12982,30.54,0.09,59.48,,,,Hematite,No,12/18/24 23:25
Al,EDS,K series,0.87,0.0049,1.37,0.02,1.58,,,,Nepheline,No,12/9/24 21:18
Si,EDS,K series,0.07,0.00037,0.08,0.01,0.08,,,,Forsterite,No,12/9/24 20:00
Ca,EDS,K series,0.07,0.0006,0.06,0.01,0.05,,,,Diopside,No,12/9/24 20:18
Ti,EDS,K series,2.58,0.02377,2.41,0.02,1.57,,,,TiO2,No,12/9/24 20:22
V,EDS,K series,1,0.01,0.98,0.02,0.6,,,,V,Yes,
Fe,EDS,K series,65.12,0.60843,65.67,0.1,36.63,,,,Hematite,No,12/18/24 23:25
Total,,,,,101.11,,100,,,,,,
,,,,,,,,,,,,,
,,,,,,,,,,,,,
BRc02_grain_53,,,,,,,,,,,,,
Element,Signal Type,Line,Apparent Concentration,k Ratio,Wt%,Wt% Sigma,Atomic %,Oxide %,Oxide % Sigma,Number of Ions,Standard Name,Factory Standard,Standardization Date
O,EDS,K series,27.73,0.15762,31.47,0.08,60.31,,,,Hematite,No,12/18/24 23:25
Al,EDS,K series,0.09,0.0005,0.14,0.02,0.16,,,,Nepheline,No,12/9/24 21:18
Si,EDS,K series,0.41,0.00212,0.43,0.01,0.47,,,,Forsterite,No,12/9/24 20:00
Ti,EDS,K series,0.76,0.00696,0.7,0.02,0.45,,,,TiO2,No,12/9/24 20:22
Fe,EDS,K series,70.1,0.655,70.32,0.1,38.6,,,,Hematite,No,12/18/24 23:25
Total,,,,,103.07,,100,,,,,,
,,,,,,,,,,,,,
,,,,,,,,,,,,,
,,,,,,,,,,,,,
BRc02_grain_54,,,,,,,,,,,,,
Element,Signal Type,Line,Apparent Concentration,k Ratio,Wt%,Wt% Sigma,Atomic %,Oxide %,Oxide % Sigma,Number of Ions,Standard Name,Factory Standard,Standardization Date
O,EDS,K series,22.74,0.12926,32.03,0.09,60.48,,,,Hematite,No,12/18/24 23:25
Al,EDS,K series,0.57,0.00323,0.89,0.02,1,,,,Nepheline,No,12/9/24 21:18
Si,EDS,K series,0.66,0.00341,0.69,0.02,0.74,,,,Forsterite,No,12/9/24 20:00
K,EDS,K series,0.05,0.00037,0.04,0.01,0.03,,,,Orthoclase,No,12/9/24 20:17
Ca,EDS,K series,0.08,0.00066,0.07,0.01,0.05,,,,Diopside,No,12/9/24 20:18
Ti,EDS,K series,4.22,0.03883,3.96,0.02,2.5,,,,TiO2,No,12/9/24 20:22
V,EDS,K series,0.56,0.00558,0.55,0.02,0.33,,,,V,Yes,
Mn,EDS,K series,0.29,0.00277,0.31,0.02,0.17,,,,MnO,No,12/9/24 20:20
Fe,EDS,K series,63.34,0.59187,64.16,0.1,34.7,,,,Hematite,No,12/18/24 23:25
Total,,,,,102.71,,100,,,,,,
,,,,,,,,,,,,,
BRc02_grain_55,,,,,,,,,,,,,
Element,Signal Type,Line,Apparent Concentration,k Ratio,Wt%,Wt% Sigma,Atomic %,Oxide %,Oxide % Sigma,Number of Ions,Standard Name,Factory Standard,Standardization Date
O,EDS,K series,28.21,0.16035,32.15,0.08,60.79,,,,Hematite,No,12/18/24 23:25
Al,EDS,K series,0.19,0.00109,0.31,0.02,0.35,,,,Nepheline,No,12/9/24 21:18
Si,EDS,K series,0.61,0.00316,0.64,0.02,0.69,,,,Forsterite,No,12/9/24 20:00
K,EDS,K series,0.05,0.00043,0.05,0.01,0.04,,,,Orthoclase,No,12/9/24 20:17
Ca,EDS,K series,0.05,0.00045,0.05,0.01,0.03,,,,Diopside,No,12/9/24 20:18
Ti,EDS,K series,0.6,0.00551,0.56,0.02,0.35,,,,TiO2,No,12/9/24 20:22
V,EDS,K series,0.09,0.00095,0.09,0.01,0.05,,,,V,Yes,
Fe,EDS,K series,69.22,0.64676,69.56,0.1,37.69,,,,Hematite,No,12/18/24 23:25
Total,,,,,103.4,,100,,,,,,
,,,,,,,,,,,,,
,,,,,,,,,,,,,
BRc02_grain_56,,,,,,,,,,,,,
Element,Signal Type,Line,Apparent Concentration,k Ratio,Wt%,Wt% Sigma,Atomic %,Oxide %,Oxide % Sigma,Number of Ions,Standard Name,Factory Standard,Standardization Date
O,EDS,K series,18.66,0.10604,38.51,0.13,64.85,,,,Hematite,No,12/18/24 23:25
Al,EDS,K series,0.25,0.00142,0.38,0.02,0.37,,,,Nepheline,No,12/9/24 21:18
Si,EDS,K series,0.38,0.00198,0.38,0.01,0.37,,,,Forsterite,No,12/9/24 20:00
K,EDS,K series,0.04,0.00034,0.04,0.01,0.03,,,,Orthoclase,No,12/9/24 20:17
Ca,EDS,K series,0.14,0.00121,0.12,0.01,0.08,,,,Diopside,No,12/9/24 20:18
Ti,EDS,K series,14.45,0.13288,13.86,0.04,7.8,,,,TiO2,No,12/9/24 20:22
V,EDS,K series,0.66,0.00659,0.68,0.02,0.36,,,,V,Yes,
Mn,EDS,K series,0.53,0.00504,0.58,0.02,0.28,,,,MnO,No,12/9/24 20:20
Fe,EDS,K series,51.65,0.48262,53.63,0.09,25.87,,,,Hematite,No,12/18/24 23:25
Total,,,,,108.18,,100,,,,,,
,,,,,,,,,,,,,
,,,,,,,,,,,,,
BRc02_grain_57,,,,,,,,,,,,,
Element,Signal Type,Line,Apparent Concentration,k Ratio,Wt%,Wt% Sigma,Atomic %,Oxide %,Oxide % Sigma,Number of Ions,Standard Name,Factory Standard,Standardization Date
O,EDS,K series,23.62,0.13421,27.47,0.08,57.98,,,,Hematite,No,12/18/24 23:25
Al,EDS,K series,0.26,0.00145,0.41,0.02,0.52,,,,Nepheline,No,12/9/24 21:18
Si,EDS,K series,0.67,0.00345,0.71,0.02,0.85,,,,Forsterite,No,12/9/24 20:00
Cl,EDS,K series,0.12,0.00103,0.13,0.01,0.13,,,,NaCl,Yes,
Ca,EDS,K series,0.1,0.00087,0.09,0.01,0.07,,,,Diopside,No,12/9/24 20:18
Ti,EDS,K series,0.35,0.00325,0.33,0.01,0.23,,,,TiO2,No,12/9/24 20:22
V,EDS,K series,0.24,0.00244,0.24,0.02,0.16,,,,V,Yes,
Fe,EDS,K series,66.22,0.61873,66.24,0.1,40.06,,,,Hematite,No,12/18/24 23:25
Total,,,,,95.61,,100,,,,,,
,,,,,,,,,,,,,
BRc02_grain_58,,,,,,,,,,,,,
Element,Signal Type,Line,Apparent Concentration,k Ratio,Wt%,Wt% Sigma,Atomic %,Oxide %,Oxide % Sigma,Number of Ions,Standard Name,Factory Standard,Standardization Date
O,EDS,K series,28.75,0.16339,32.81,0.08,61.25,,,,Hematite,No,12/18/24 23:25
Al,EDS,K series,0.34,0.00194,0.55,0.02,0.6,,,,Nepheline,No,12/9/24 21:18
Si,EDS,K series,1.03,0.00534,1.08,0.02,1.15,,,,Forsterite,No,12/9/24 20:00
K,EDS,K series,0.09,0.00074,0.08,0.01,0.06,,,,Orthoclase,No,12/9/24 20:17
Ca,EDS,K series,0.14,0.00119,0.12,0.01,0.09,,,,Diopside,No,12/9/24 20:18
Ti,EDS,K series,0.41,0.00373,0.38,0.01,0.24,,,,TiO2,No,12/9/24 20:22
V,EDS,K series,0.1,0.00105,0.1,0.01,0.06,,,,V,Yes,
Mn,EDS,K series,0.3,0.00283,0.31,0.02,0.17,,,,MnO,No,12/9/24 20:20
Fe,EDS,K series,67.54,0.63107,68.04,0.1,36.38,,,,Hematite,No,12/18/24 23:25
Total,,,,,103.47,,100,,,,,,
,,,,,,,,,,,,,
,,,,,,,,,,,,,
BRc02_grain_59,,,,,,,,,,,,,
Element,Signal Type,Line,Apparent Concentration,k Ratio,Wt%,Wt% Sigma,Atomic %,Oxide %,Oxide % Sigma,Number of Ions,Standard Name,Factory Standard,Standardization Date
O,EDS,K series,10.56,0.06004,38.82,0.17,64.84,,,,Hematite,No,12/18/24 23:25
Ti,EDS,K series,34.71,0.31924,33.89,0.06,18.9,,,,TiO2,No,12/9/24 20:22
Mn,EDS,K series,1.2,0.01135,1.35,0.02,0.66,,,,MnO,No,12/9/24 20:20
Fe,EDS,K series,30.38,0.28382,32.6,0.08,15.6,,,,Hematite,No,12/18/24 23:25
Total,,,,,106.66,,100,,,,,,
,,,,,,,,,,,,,
,,,,,,,,,,,,,
BRc02_grain_60,,,,,,,,,,,,,
Element,Signal Type,Line,Apparent Concentration,k Ratio,Wt%,Wt% Sigma,Atomic %,Oxide %,Oxide % Sigma,Number of Ions,Standard Name,Factory Standard,Standardization Date
O,EDS,K series,28.59,0.16246,32.7,0.08,61.29,,,,Hematite,No,12/18/24 23:25
Al,EDS,K series,0.26,0.00148,0.42,0.02,0.46,,,,Nepheline,No,12/9/24 21:18
Si,EDS,K series,0.97,0.00505,1.03,0.02,1.09,,,,Forsterite,No,12/9/24 20:00
Ca,EDS,K series,0.09,0.00077,0.08,0.01,0.06,,,,Diopside,No,12/9/24 20:18
Ti,EDS,K series,0.66,0.00607,0.62,0.02,0.39,,,,TiO2,No,12/9/24 20:22
V,EDS,K series,0.05,0.00053,0.05,0.01,0.03,,,,V,Yes,
Mn,EDS,K series,0.26,0.00246,0.27,0.02,0.15,,,,MnO,No,12/9/24 20:20
Fe,EDS,K series,67.55,0.6312,68.03,0.1,36.53,,,,Hematite,No,12/18/24 23:25
Total,,,,,103.19,,100,,,,,,
,,,,,,,,,,,,,
,,,,,,,,,,,,,
BRc02_grain_61,,,,,,,,,,,,,
Element,Signal Type,Line,Apparent Concentration,k Ratio,Wt%,Wt% Sigma,Atomic %,Oxide %,Oxide % Sigma,Number of Ions,Standard Name,Factory Standard,Standardization Date
O,EDS,K series,28.9,0.16425,32.28,0.08,60.81,,,,Hematite,No,12/18/24 23:25
Al,EDS,K series,0.09,0.00052,0.15,0.02,0.16,,,,Nepheline,No,12/9/24 21:18
Si,EDS,K series,0.47,0.00243,0.5,0.02,0.53,,,,Forsterite,No,12/9/24 20:00
Ca,EDS,K series,0.11,0.00097,0.1,0.01,0.07,,,,Diopside,No,12/9/24 20:18
Ti,EDS,K series,0.18,0.00164,0.16,0.01,0.1,,,,TiO2,No,12/9/24 20:22
V,EDS,K series,0.18,0.00176,0.17,0.01,0.1,,,,V,Yes,
Fe,EDS,K series,70.55,0.65918,70.81,0.1,38.22,,,,Hematite,No,12/18/24 23:25
Total,,,,,104.17,,100,,,,,,
,,,,,,,,,,,,,
,,,,,,,,,,,,,
BRc02_grain_62,,,,,,,,,,,,,
Element,Signal Type,Line,Apparent Concentration,k Ratio,Wt%,Wt% Sigma,Atomic %,Oxide %,Oxide % Sigma,Number of Ions,Standard Name,Factory Standard,Standardization Date
O,EDS,K series,28.06,0.15949,31.81,0.08,60.4,,,,Hematite,No,12/18/24 23:25
Al,EDS,K series,0.09,0.00049,0.14,0.02,0.16,,,,Nepheline,No,12/9/24 21:18
Si,EDS,K series,1.24,0.00644,1.31,0.02,1.41,,,,Forsterite,No,12/9/24 20:00
Cl,EDS,K series,0.03,0.00029,0.04,0.01,0.03,,,,NaCl,Yes,
Ca,EDS,K series,0.1,0.00082,0.08,0.01,0.06,,,,Diopside,No,12/9/24 20:18
Ti,EDS,K series,0.39,0.00362,0.37,0.01,0.23,,,,TiO2,No,12/9/24 20:22
Mn,EDS,K series,0.19,0.00179,0.2,0.02,0.11,,,,MnO,No,12/9/24 20:20
Fe,EDS,K series,68.78,0.64264,69.12,0.1,37.6,,,,Hematite,No,12/18/24 23:25
Total,,,,,103.06,,100,,,,,,
,,,,,,,,,,,,,
,,,,,,,,,,,,,
BRc02_grain_63,,,,,,,,,,,,,
Element,Signal Type,Line,Apparent Concentration,k Ratio,Wt%,Wt% Sigma,Atomic %,Oxide %,Oxide % Sigma,Number of Ions,Standard Name,Factory Standard,Standardization Date
O,EDS,K series,10.02,0.05693,23.77,0.11,53.77,,,,Hematite,No,12/18/24 23:25
Al,EDS,K series,0.16,0.00093,0.25,0.01,0.34,,,,Nepheline,No,12/9/24 21:18
Si,EDS,K series,0.25,0.00129,0.25,0.01,0.33,,,,Forsterite,No,12/9/24 20:00
Ca,EDS,K series,0.15,0.00126,0.12,0.01,0.11,,,,Diopside,No,12/9/24 20:18
Ti,EDS,K series,15.78,0.14518,14.86,0.04,11.23,,,,TiO2,No,12/9/24 20:22
V,EDS,K series,0.44,0.00443,0.44,0.02,0.32,,,,V,Yes,
Mn,EDS,K series,0.6,0.00567,0.64,0.02,0.42,,,,MnO,No,12/9/24 20:20
Fe,EDS,K series,50.57,0.47247,51.67,0.09,33.49,,,,Hematite,No,12/18/24 23:25
Total,,,,,92,,100,,,,,,
,,,,,,,,,,,,,
,,,,,,,,,,,,,
BRc02_grain_64,,,,,,,,,,,,,
Element,Signal Type,Line,Apparent Concentration,k Ratio,Wt%,Wt% Sigma,Atomic %,Oxide %,Oxide % Sigma,Number of Ions,Standard Name,Factory Standard,Standardization Date
O,EDS,K series,19.68,0.11187,36.12,0.11,63.11,,,,Hematite,No,12/18/24 23:25
Al,EDS,K series,0.69,0.00393,1.06,0.02,1.1,,,,Nepheline,No,12/9/24 21:18
Si,EDS,K series,0.14,0.00072,0.14,0.01,0.14,,,,Forsterite,No,12/9/24 20:00
Ti,EDS,K series,11.42,0.10506,10.87,0.04,6.35,,,,TiO2,No,12/9/24 20:22
V,EDS,K series,0.36,0.00362,0.37,0.02,0.2,,,,V,Yes,
Mn,EDS,K series,0.32,0.00299,0.34,0.02,0.17,,,,MnO,No,12/9/24 20:20
Fe,EDS,K series,55.92,0.52253,57.54,0.1,28.8,,,,Hematite,No,12/18/24 23:25
Zn,EDS,K series,0.25,0.00249,0.3,0.04,0.13,,,,Zn,Yes,
Total,,,,,106.73,,100,,,,,,
,,,,,,,,,,,,,
,,,,,,,,,,,,,
BRc02_grain_65,,,,,,,,,,,,,
Element,Signal Type,Line,Apparent Concentration,k Ratio,Wt%,Wt% Sigma,Atomic %,Oxide %,Oxide % Sigma,Number of Ions,Standard Name,Factory Standard,Standardization Date
O,EDS,K series,28.72,0.16322,33.48,0.08,61.59,,,,Hematite,No,12/18/24 23:25
Mg,EDS,K series,0.62,0.00357,1.35,0.02,1.64,,,,Forsterite,No,12/9/24 20:00
Al,EDS,K series,1.3,0.00738,2.01,0.02,2.19,,,,Nepheline,No,12/9/24 21:18
Si,EDS,K series,2.95,0.01531,3.09,0.02,3.24,,,,Forsterite,No,12/9/24 20:00
Ti,EDS,K series,0.26,0.00242,0.25,0.01,0.15,,,,TiO2,No,12/9/24 20:22
Mn,EDS,K series,0.2,0.00189,0.21,0.02,0.11,,,,MnO,No,12/9/24 20:20
Fe,EDS,K series,57.87,0.54071,58.98,0.1,31.08,,,,Hematite,No,12/18/24 23:25
Total,,,,,99.37,,100,,,,,,
,,,,,,,,,,,,,
,,,,,,,,,,,,,
BRc02_grain_66,,,,,,,,,,,,,
Element,Signal Type,Line,Apparent Concentration,k Ratio,Wt%,Wt% Sigma,Atomic %,Oxide %,Oxide % Sigma,Number of Ions,Standard Name,Factory Standard,Standardization Date
O,EDS,K series,27.62,0.15698,36.49,0.09,63.38,,,,Hematite,No,12/18/24 23:25
Al,EDS,K series,0.65,0.0037,1.02,0.02,1.05,,,,Nepheline,No,12/9/24 21:18
Si,EDS,K series,0.28,0.00145,0.29,0.01,0.29,,,,Forsterite,No,12/9/24 20:00
Ca,EDS,K series,0.05,0.00046,0.05,0.01,0.03,,,,Diopside,No,12/9/24 20:18
Ti,EDS,K series,3.75,0.03454,3.53,0.02,2.05,,,,TiO2,No,12/9/24 20:22
V,EDS,K series,0.33,0.00331,0.33,0.02,0.18,,,,V,Yes,
Mn,EDS,K series,0.26,0.00248,0.28,0.02,0.14,,,,MnO,No,12/9/24 20:20
Fe,EDS,K series,65,0.60738,66.07,0.1,32.88,,,,Hematite,No,12/18/24 23:25
Total,,,,,108.06,,100,,,,,,
,,,,,,,,,,,,,
,,,,,,,,,,,,,
BRc02_grain_67,,,,,,,,,,,,,
Element,Signal Type,Line,Apparent Concentration,k Ratio,Wt%,Wt% Sigma,Atomic %,Oxide %,Oxide % Sigma,Number of Ions,Standard Name,Factory Standard,Standardization Date
O,EDS,K series,28.47,0.16182,31.6,0.08,60.41,,,,Hematite,No,12/18/24 23:25
Al,EDS,K series,0.07,0.00042,0.12,0.02,0.13,,,,Nepheline,No,12/9/24 21:18
Si,EDS,K series,0.36,0.00189,0.39,0.01,0.42,,,,Forsterite,No,12/9/24 20:00
Ti,EDS,K series,0.3,0.00275,0.28,0.01,0.18,,,,TiO2,No,12/9/24 20:22
V,EDS,K series,0.05,0.00049,0.05,0.01,0.03,,,,V,Yes,
Fe,EDS,K series,70.75,0.66104,70.91,0.1,38.83,,,,Hematite,No,12/18/24 23:25
Total,,,,,103.35,,100,,,,,,
,,,,,,,,,,,,,
,,,,,,,,,,,,,
BRc02_grain_68,,,,,,,,,,,,,
Element,Signal Type,Line,Apparent Concentration,k Ratio,Wt%,Wt% Sigma,Atomic %,Oxide %,Oxide % Sigma,Number of Ions,Standard Name,Factory Standard,Standardization Date
O,EDS,K series,22.01,0.1251,34.09,0.1,61.96,,,,Hematite,No,12/18/24 23:25
Al,EDS,K series,0.59,0.00332,0.91,0.02,0.98,,,,Nepheline,No,12/9/24 21:18
Si,EDS,K series,0.07,0.00035,0.07,0.01,0.07,,,,Forsterite,No,12/9/24 20:00
Cl,EDS,K series,0.08,0.00067,0.09,0.01,0.07,,,,NaCl,Yes,
Ti,EDS,K series,6.95,0.06393,6.55,0.03,3.98,,,,TiO2,No,12/9/24 20:22
V,EDS,K series,0.48,0.00475,0.47,0.02,0.27,,,,V,Yes,
Mn,EDS,K series,0.67,0.00637,0.71,0.02,0.38,,,,MnO,No,12/9/24 20:20
Fe,EDS,K series,60.87,0.56876,62.02,0.1,32.29,,,,Hematite,No,12/18/24 23:25
Total,,,,,104.91,,100,,,,,,
,,,,,,,,,,,,,
,,,,,,,,,,,,,
BRc02_grain_69,,,,,,,,,,,,,
Element,Signal Type,Line,Apparent Concentration,k Ratio,Wt%,Wt% Sigma,Atomic %,Oxide %,Oxide % Sigma,Number of Ions,Standard Name,Factory Standard,Standardization Date
O,EDS,K series,22.83,0.12976,31.98,0.09,60.58,,,,Hematite,No,12/18/24 23:25
Al,EDS,K series,0.66,0.00376,1.04,0.02,1.17,,,,Nepheline,No,12/9/24 21:18
Si,EDS,K series,0.35,0.0018,0.36,0.01,0.39,,,,Forsterite,No,12/9/24 20:00
Ca,EDS,K series,0.07,0.00064,0.06,0.01,0.05,,,,Diopside,No,12/9/24 20:18
Ti,EDS,K series,4.04,0.03717,3.79,0.02,2.4,,,,TiO2,No,12/9/24 20:22
V,EDS,K series,0.7,0.00696,0.69,0.02,0.41,,,,V,Yes,
Mn,EDS,K series,0.34,0.00323,0.36,0.02,0.2,,,,MnO,No,12/9/24 20:20
Fe,EDS,K series,63.33,0.59171,64.12,0.1,34.8,,,,Hematite,No,12/18/24 23:25
Total,,,,,102.4,,100,,,,,,
,,,,,,,,,,,,,
BRc02_grain_70,,,,,,,,,,,,,
Element,Signal Type,Line,Apparent Concentration,k Ratio,Wt%,Wt% Sigma,Atomic %,Oxide %,Oxide % Sigma,Number of Ions,Standard Name,Factory Standard,Standardization Date
O,EDS,K series,10.72,0.0609,39.26,0.19,64.74,,,,Hematite,No,12/18/24 23:25
Si,EDS,K series,0.07,0.00037,0.07,0.01,0.06,,,,Forsterite,No,12/9/24 20:00
Ti,EDS,K series,34.81,0.32018,33.99,0.06,18.72,,,,TiO2,No,12/9/24 20:22
V,EDS,K series,0.19,0.00187,0.2,0.03,0.1,,,,V,Yes,
Mn,EDS,K series,0.63,0.006,0.71,0.02,0.34,,,,MnO,No,12/9/24 20:20
Fe,EDS,K series,31.62,0.29547,33.93,0.08,16.03,,,,Hematite,No,12/18/24 23:25
Total,,,,,108.16,,100,,,,,,
,,,,,,,,,,,,,
,,,,,,,,,,,,,
BRc02_grain_71,,,,,,,,,,,,,
Element,Signal Type,Line,Apparent Concentration,k Ratio,Wt%,Wt% Sigma,Atomic %,Oxide %,Oxide % Sigma,Number of Ions,Standard Name,Factory Standard,Standardization Date
O,EDS,K series,30.38,0.17264,33.65,0.08,62.02,,,,Hematite,No,12/18/24 23:25
Al,EDS,K series,0.12,0.00069,0.19,0.02,0.21,,,,Nepheline,No,12/9/24 21:18
Si,EDS,K series,0.59,0.00308,0.63,0.02,0.66,,,,Forsterite,No,12/9/24 20:00
K,EDS,K series,0.09,0.00073,0.08,0.01,0.06,,,,Orthoclase,No,12/9/24 20:17
Ti,EDS,K series,0.21,0.00193,0.19,0.01,0.12,,,,TiO2,No,12/9/24 20:22
V,EDS,K series,0.12,0.00118,0.11,0.01,0.07,,,,V,Yes,
Fe,EDS,K series,69.37,0.64819,69.82,0.1,36.86,,,,Hematite,No,12/18/24 23:25
Total,,,,,104.68,,100,,,,,,
,,,,,,,,,,,,,
BRc02_grain_72,,,,,,,,,,,,,
Element,Signal Type,Line,Apparent Concentration,k Ratio,Wt%,Wt% Sigma,Atomic %,Oxide %,Oxide % Sigma,Number of Ions,Standard Name,Factory Standard,Standardization Date
O,EDS,K series,24.74,0.1406,28.21,0.08,58.07,,,,Hematite,No,12/18/24 23:25
Al,EDS,K series,0.18,0.001,0.28,0.02,0.35,,,,Nepheline,No,12/9/24 21:18
Si,EDS,K series,0.84,0.00438,0.9,0.02,1.05,,,,Forsterite,No,12/9/24 20:00
K,EDS,K series,0.05,0.00039,0.04,0.01,0.04,,,,Orthoclase,No,12/9/24 20:17
Ca,EDS,K series,0.1,0.00084,0.09,0.01,0.07,,,,Diopside,No,12/9/24 20:18
Ti,EDS,K series,0.19,0.00176,0.18,0.01,0.12,,,,TiO2,No,12/9/24 20:22
V,EDS,K series,0.1,0.00105,0.1,0.01,0.07,,,,V,Yes,
Fe,EDS,K series,68.24,0.63761,68.23,0.1,40.24,,,,Hematite,No,12/18/24 23:25
Total,,,,,98.03,,100,,,,,,
,,,,,,,,,,,,,
,,,,,,,,,,,,,
BRc02_grain_73,,,,,,,,,,,,,
Element,Signal Type,Line,Apparent Concentration,k Ratio,Wt%,Wt% Sigma,Atomic %,Oxide %,Oxide % Sigma,Number of Ions,Standard Name,Factory Standard,Standardization Date
O,EDS,K series,25.44,0.14457,30.56,0.08,59.8,,,,Hematite,No,12/18/24 23:25
Al,EDS,K series,0.3,0.00168,0.47,0.02,0.55,,,,Nepheline,No,12/9/24 21:18
Si,EDS,K series,1.12,0.00579,1.17,0.02,1.31,,,,Forsterite,No,12/9/24 20:00
K,EDS,K series,0.08,0.00063,0.07,0.01,0.06,,,,Orthoclase,No,12/9/24 20:17
Ca,EDS,K series,0.15,0.00131,0.13,0.01,0.1,,,,Diopside,No,12/9/24 20:18
Ti,EDS,K series,1.32,0.01216,1.23,0.02,0.8,,,,TiO2,No,12/9/24 20:22
Mn,EDS,K series,0.51,0.00481,0.53,0.02,0.3,,,,MnO,No,12/9/24 20:20
Fe,EDS,K series,65.72,0.6141,66.12,0.1,37.07,,,,Hematite,No,12/18/24 23:25
Total,,,,,100.29,,100,,,,,,
,,,,,,,,,,,,,
BRc02_grain_74,,,,,,,,,,,,,
Element,Signal Type,Line,Apparent Concentration,k Ratio,Wt%,Wt% Sigma,Atomic %,Oxide %,Oxide % Sigma,Number of Ions,Standard Name,Factory Standard,Standardization Date
O,EDS,K series,32.64,0.18552,36.28,0.08,63.44,,,,Hematite,No,12/18/24 23:25
Al,EDS,K series,0.26,0.0015,0.42,0.02,0.43,,,,Nepheline,No,12/9/24 21:18
Si,EDS,K series,0.99,0.00512,1.03,0.02,1.03,,,,Forsterite,No,12/9/24 20:00
K,EDS,K series,0.04,0.00032,0.04,0.01,0.03,,,,Orthoclase,No,12/9/24 20:17
Ca,EDS,K series,0.09,0.00074,0.08,0.01,0.05,,,,Diopside,No,12/9/24 20:18
Ti,EDS,K series,0.28,0.00256,0.26,0.01,0.15,,,,TiO2,No,12/9/24 20:22
V,EDS,K series,0.1,0.00101,0.1,0.01,0.05,,,,V,Yes,
Fe,EDS,K series,68.74,0.64233,69.5,0.1,34.81,,,,Hematite,No,12/18/24 23:25
Total,,,,,107.7,,100,,,,,,
,,,,,,,,,,,,,
,,,,,,,,,,,,,
BRc02_grain_75,,,,,,,,,,,,,
Element,Signal Type,Line,Apparent Concentration,k Ratio,Wt%,Wt% Sigma,Atomic %,Oxide %,Oxide % Sigma,Number of Ions,Standard Name,Factory Standard,Standardization Date
O,EDS,K series,20.26,0.11516,31.12,0.09,59.97,,,,Hematite,No,12/18/24 23:25
Al,EDS,K series,0.44,0.00247,0.69,0.02,0.79,,,,Nepheline,No,12/9/24 21:18
Si,EDS,K series,0.14,0.00074,0.15,0.01,0.16,,,,Forsterite,No,12/9/24 20:00
Ti,EDS,K series,5.75,0.05293,5.39,0.03,3.47,,,,TiO2,No,12/9/24 20:22
V,EDS,K series,1.04,0.01044,1.03,0.02,0.62,,,,V,Yes,
Mn,EDS,K series,0.32,0.00305,0.34,0.02,0.19,,,,MnO,No,12/9/24 20:20
Fe,EDS,K series,62.03,0.57962,62.87,0.1,34.71,,,,Hematite,No,12/18/24 23:25
Zn,EDS,K series,0.14,0.00139,0.17,0.04,0.08,,,,Zn,Yes,
Total,,,,,101.75,,100,,,,,,
,,,,,,,,,,,,,
,,,,,,,,,,,,,
BRc02_grain_76,,,,,,,,,,,,,
Element,Signal Type,Line,Apparent Concentration,k Ratio,Wt%,Wt% Sigma,Atomic %,Oxide %,Oxide % Sigma,Number of Ions,Standard Name,Factory Standard,Standardization Date
O,EDS,K series,23.4,0.13296,31.86,0.09,60.45,,,,Hematite,No,12/18/24 23:25
Al,EDS,K series,0.55,0.00312,0.87,0.02,0.98,,,,Nepheline,No,12/9/24 21:18
Si,EDS,K series,0.4,0.00207,0.42,0.01,0.45,,,,Forsterite,No,12/9/24 20:00
Ca,EDS,K series,0.08,0.00065,0.07,0.01,0.05,,,,Diopside,No,12/9/24 20:18
Ti,EDS,K series,3.29,0.03027,3.08,0.02,1.95,,,,TiO2,No,12/9/24 20:22
V,EDS,K series,0.83,0.00828,0.81,0.02,0.49,,,,V,Yes,
Fe,EDS,K series,64.82,0.60569,65.53,0.1,35.63,,,,Hematite,No,12/18/24 23:25
Total,,,,,102.64,,100,,,,,,
,,,,,,,,,,,,,
,,,,,,,,,,,,,
BRc02_grain_77,,,,,,,,,,,,,
Element,Signal Type,Line,Apparent Concentration,k Ratio,Wt%,Wt% Sigma,Atomic %,Oxide %,Oxide % Sigma,Number of Ions,Standard Name,Factory Standard,Standardization Date
O,EDS,K series,19.13,0.10869,32.44,0.1,60.61,,,,Hematite,No,12/18/24 23:25
Al,EDS,K series,0.23,0.00131,0.36,0.02,0.4,,,,Nepheline,No,12/9/24 21:18
Si,EDS,K series,0.09,0.00046,0.09,0.01,0.1,,,,Forsterite,No,12/9/24 20:00
Ti,EDS,K series,8.59,0.07904,8.08,0.03,5.05,,,,TiO2,No,12/9/24 20:22
V,EDS,K series,0.91,0.0091,0.91,0.02,0.53,,,,V,Yes,
Mn,EDS,K series,0.54,0.0051,0.57,0.02,0.31,,,,MnO,No,12/9/24 20:20
Fe,EDS,K series,60.52,0.56548,61.64,0.1,33,,,,Hematite,No,12/18/24 23:25
Total,,,,,104.1,,100,,,,,,
,,,,,,,,,,,,,
,,,,,,,,,,,,,
BRc02_grain_78,,,,,,,,,,,,,
Element,Signal Type,Line,Apparent Concentration,k Ratio,Wt%,Wt% Sigma,Atomic %,Oxide %,Oxide % Sigma,Number of Ions,Standard Name,Factory Standard,Standardization Date
O,EDS,K series,27.3,0.15515,31.44,0.08,60.27,,,,Hematite,No,12/18/24 23:25
Al,EDS,K series,0.09,0.00052,0.15,0.02,0.17,,,,Nepheline,No,12/9/24 21:18
Si,EDS,K series,0.26,0.00135,0.28,0.01,0.3,,,,Forsterite,No,12/9/24 20:00
Ca,EDS,K series,0.05,0.00045,0.05,0.01,0.03,,,,Diopside,No,12/9/24 20:18
Ti,EDS,K series,0.96,0.00884,0.89,0.02,0.57,,,,TiO2,No,12/9/24 20:22
V,EDS,K series,0.09,0.00085,0.08,0.02,0.05,,,,V,Yes,
Fe,EDS,K series,70.08,0.65485,70.31,0.1,38.61,,,,Hematite,No,12/18/24 23:25
Total,,,,,103.19,,100,,,,,,
,,,,,,,,,,,,,
,,,,,,,,,,,,,
BRc02_grain_79,,,,,,,,,,,,,
Element,Signal Type,Line,Apparent Concentration,k Ratio,Wt%,Wt% Sigma,Atomic %,Oxide %,Oxide % Sigma,Number of Ions,Standard Name,Factory Standard,Standardization Date
O,EDS,K series,28.68,0.16298,31.73,0.08,60.42,,,,Hematite,No,12/18/24 23:25
Al,EDS,K series,0.11,0.00061,0.17,0.02,0.2,,,,Nepheline,No,12/9/24 21:18
Si,EDS,K series,0.56,0.00288,0.59,0.02,0.64,,,,Forsterite,No,12/9/24 20:00
Ca,EDS,K series,0.05,0.0004,0.04,0.01,0.03,,,,Diopside,No,12/9/24 20:18
Ti,EDS,K series,0.13,0.00118,0.12,0.01,0.08,,,,TiO2,No,12/9/24 20:22
V,EDS,K series,0.05,0.00055,0.05,0.01,0.03,,,,V,Yes,
Fe,EDS,K series,70.56,0.65934,70.76,0.1,38.6,,,,Hematite,No,12/18/24 23:25
Total,,,,,103.47,,100,,,,,,
,,,,,,,,,,,,,
,,,,,,,,,,,,,
BRc02_grain_80,,,,,,,,,,,,,
Element,Signal Type,Line,Apparent Concentration,k Ratio,Wt%,Wt% Sigma,Atomic %,Oxide %,Oxide % Sigma,Number of Ions,Standard Name,Factory Standard,Standardization Date
O,EDS,K series,27.97,0.15898,31.61,0.08,60.22,,,,Hematite,No,12/18/24 23:25
Al,EDS,K series,0.28,0.00156,0.44,0.02,0.5,,,,Nepheline,No,12/9/24 21:18
Si,EDS,K series,0.99,0.00515,1.05,0.02,1.14,,,,Forsterite,No,12/9/24 20:00
K,EDS,K series,0.05,0.00042,0.05,0.01,0.04,,,,Orthoclase,No,12/9/24 20:17
Ca,EDS,K series,0.11,0.00091,0.09,0.01,0.07,,,,Diopside,No,12/9/24 20:18
Ti,EDS,K series,0.05,0.00047,0.05,0.01,0.03,,,,TiO2,No,12/9/24 20:22
V,EDS,K series,0.22,0.00219,0.21,0.01,0.13,,,,V,Yes,
Fe,EDS,K series,69.09,0.64558,69.4,0.1,37.88,,,,Hematite,No,12/18/24 23:25
Total,,,,,102.9,,100,,,,,,
,,,,,,,,,,,,,
,,,,,,,,,,,,,
BRc02_grain_81,,,,,,,,,,,,,
Element,Signal Type,Line,Apparent Concentration,k Ratio,Wt%,Wt% Sigma,Atomic %,Oxide %,Oxide % Sigma,Number of Ions,Standard Name,Factory Standard,Standardization Date
O,EDS,K series,16.88,0.09593,35.77,0.12,62.99,,,,Hematite,No,12/18/24 23:25
Al,EDS,K series,0.95,0.0054,1.42,0.02,1.49,,,,Nepheline,No,12/9/24 21:18
Si,EDS,K series,0.06,0.00033,0.07,0.01,0.07,,,,Forsterite,No,12/9/24 20:00
Ca,EDS,K series,0.09,0.00074,0.07,0.01,0.05,,,,Diopside,No,12/9/24 20:18
Ti,EDS,K series,14.18,0.13042,13.58,0.04,7.99,,,,TiO2,No,12/9/24 20:22
V,EDS,K series,1.02,0.01019,1.04,0.02,0.58,,,,V,Yes,
Mn,EDS,K series,0.11,0.00103,0.12,0.02,0.06,,,,MnO,No,12/9/24 20:20
Fe,EDS,K series,51.22,0.47861,53.09,0.09,26.78,,,,Hematite,No,12/18/24 23:25
Total,,,,,105.17,,100,,,,,,
,,,,,,,,,,,,,
,,,,,,,,,,,,,
BRc02_grain_82,,,,,,,,,,,,,
Element,Signal Type,Line,Apparent Concentration,k Ratio,Wt%,Wt% Sigma,Atomic %,Oxide %,Oxide % Sigma,Number of Ions,Standard Name,Factory Standard,Standardization Date
O,EDS,K series,26.88,0.15273,30.39,0.08,59.6,,,,Hematite,No,12/18/24 23:25
Al,EDS,K series,0.28,0.00158,0.45,0.02,0.52,,,,Nepheline,No,12/9/24 21:18
Si,EDS,K series,0.62,0.00324,0.66,0.02,0.74,,,,Forsterite,No,12/9/24 20:00
Ti,EDS,K series,0.34,0.00311,0.31,0.01,0.2,,,,TiO2,No,12/9/24 20:22
V,EDS,K series,0.13,0.00128,0.12,0.01,0.08,,,,V,Yes,
Fe,EDS,K series,68.98,0.64457,69.15,0.1,38.86,,,,Hematite,No,12/18/24 23:25
Total,,,,,101.09,,100,,,,,,
,,,,,,,,,,,,,
,,,,,,,,,,,,,
BRc02_grain_83,,,,,,,,,,,,,
Element,Signal Type,Line,Apparent Concentration,k Ratio,Wt%,Wt% Sigma,Atomic %,Oxide %,Oxide % Sigma,Number of Ions,Standard Name,Factory Standard,Standardization Date
O,EDS,K series,27.89,0.15849,32.19,0.08,60.94,,,,Hematite,No,12/18/24 23:25
Al,EDS,K series,0.15,0.00083,0.23,0.02,0.26,,,,Nepheline,No,12/9/24 21:18
Si,EDS,K series,0.78,0.00407,0.83,0.02,0.89,,,,Forsterite,No,12/9/24 20:00
K,EDS,K series,0.05,0.00039,0.04,0.01,0.03,,,,Orthoclase,No,12/9/24 20:17
Ca,EDS,K series,0.13,0.00115,0.12,0.01,0.09,,,,Diopside,No,12/9/24 20:18
Ti,EDS,K series,0.86,0.00794,0.8,0.02,0.51,,,,TiO2,No,12/9/24 20:22
Mn,EDS,K series,0.19,0.00181,0.2,0.02,0.11,,,,MnO,No,12/9/24 20:20
Fe,EDS,K series,68.12,0.63654,68.53,0.1,37.17,,,,Hematite,No,12/18/24 23:25
Total,,,,,102.94,,100,,,,,,
,,,,,,,,,,,,,
BRc02_grain_84,,,,,,,,,,,,,
Element,Signal Type,Line,Apparent Concentration,k Ratio,Wt%,Wt% Sigma,Atomic %,Oxide %,Oxide % Sigma,Number of Ions,Standard Name,Factory Standard,Standardization Date
O,EDS,K series,28.27,0.16068,33.33,0.08,61.45,,,,Hematite,No,12/18/24 23:25
Al,EDS,K series,0.48,0.00275,0.77,0.02,0.84,,,,Nepheline,No,12/9/24 21:18
Si,EDS,K series,1.3,0.00674,1.36,0.02,1.43,,,,Forsterite,No,12/9/24 20:00
K,EDS,K series,0.16,0.00124,0.14,0.01,0.1,,,,Orthoclase,No,12/9/24 20:17
Ca,EDS,K series,0.11,0.00093,0.09,0.01,0.07,,,,Diopside,No,12/9/24 20:18
Ti,EDS,K series,0.87,0.00796,0.81,0.02,0.5,,,,TiO2,No,12/9/24 20:22
V,EDS,K series,0.16,0.00155,0.15,0.02,0.09,,,,V,Yes,
Fe,EDS,K series,66.6,0.62229,67.26,0.1,35.52,,,,Hematite,No,12/18/24 23:25
Total,,,,,103.91,,100,,,,,,
,,,,,,,,,,,,,
BRc02_grain_85,,,,,,,,,,,,,
Element,Signal Type,Line,Apparent Concentration,k Ratio,Wt%,Wt% Sigma,Atomic %,Oxide %,Oxide % Sigma,Number of Ions,Standard Name,Factory Standard,Standardization Date
O,EDS,K series,30.78,0.17491,33.61,0.08,61.93,,,,Hematite,No,12/18/24 23:25
Si,EDS,K series,0.86,0.00446,0.91,0.02,0.95,,,,Forsterite,No,12/9/24 20:00
Ti,EDS,K series,0.09,0.00079,0.08,0.01,0.05,,,,TiO2,No,12/9/24 20:22
Fe,EDS,K series,69.81,0.65226,70.22,0.1,37.07,,,,Hematite,No,12/18/24 23:25
Total,,,,,104.82,,100,,,,,,
,,,,,,,,,,,,,
,,,,,,,,,,,,,
BRc02_grain_86,,,,,,,,,,,,,
Element,Signal Type,Line,Apparent Concentration,k Ratio,Wt%,Wt% Sigma,Atomic %,Oxide %,Oxide % Sigma,Number of Ions,Standard Name,Factory Standard,Standardization Date
O,EDS,K series,16.47,0.09359,31.43,0.11,60.31,,,,Hematite,No,12/18/24 23:25
Ti,EDS,K series,12.21,0.11234,11.52,0.04,7.38,,,,TiO2,No,12/9/24 20:22
V,EDS,K series,0.21,0.00205,0.21,0.02,0.12,,,,V,Yes,
Mn,EDS,K series,0.29,0.00271,0.3,0.02,0.17,,,,MnO,No,12/9/24 20:20
Fe,EDS,K series,56.94,0.53202,58.23,0.1,32.01,,,,Hematite,No,12/18/24 23:25
Total,,,,,101.7,,100,,,,,,
,,,,,,,,,,,,,
,,,,,,,,,,,,,
BRc02_grain_87,,,,,,,,,,,,,
Element,Signal Type,Line,Apparent Concentration,k Ratio,Wt%,Wt% Sigma,Atomic %,Oxide %,Oxide % Sigma,Number of Ions,Standard Name,Factory Standard,Standardization Date
O,EDS,K series,32.26,0.18333,34.69,0.08,62.57,,,,Hematite,No,12/18/24 23:25
Si,EDS,K series,0.39,0.00201,0.41,0.02,0.42,,,,Forsterite,No,12/9/24 20:00
Fe,EDS,K series,71.2,0.66531,71.62,0.1,37.01,,,,Hematite,No,12/18/24 23:25
Total,,,,,106.72,,100,,,,,,
,,,,,,,,,,,,,
,,,,,,,,,,,,,
BRc02_grain_88,,,,,,,,,,,,,
Element,Signal Type,Line,Apparent Concentration,k Ratio,Wt%,Wt% Sigma,Atomic %,Oxide %,Oxide % Sigma,Number of Ions,Standard Name,Factory Standard,Standardization Date
O,EDS,K series,25.55,0.14522,30.5,0.08,59.85,,,,Hematite,No,12/18/24 23:25
Al,EDS,K series,0.51,0.00289,0.81,0.02,0.94,,,,Nepheline,No,12/9/24 21:18
Si,EDS,K series,1.41,0.00733,1.49,0.02,1.66,,,,Forsterite,No,12/9/24 20:00
K,EDS,K series,0.2,0.00161,0.18,0.01,0.14,,,,Orthoclase,No,12/9/24 20:17
Ca,EDS,K series,0.08,0.00068,0.07,0.01,0.05,,,,Diopside,No,12/9/24 20:18
Ti,EDS,K series,0.86,0.00795,0.81,0.02,0.53,,,,TiO2,No,12/9/24 20:22
V,EDS,K series,0.12,0.00124,0.12,0.01,0.07,,,,V,Yes,
Mn,EDS,K series,0.19,0.00175,0.19,0.02,0.11,,,,MnO,No,12/9/24 20:20
Fe,EDS,K series,64.72,0.60471,65.19,0.1,36.64,,,,Hematite,No,12/18/24 23:25
Total,,,,,99.36,,100,,,,,,
,,,,,,,,,,,,,
,,,,,,,,,,,,,
BRc02_grain_89,,,,,,,,,,,,,
Element,Signal Type,Line,Apparent Concentration,k Ratio,Wt%,Wt% Sigma,Atomic %,Oxide %,Oxide % Sigma,Number of Ions,Standard Name,Factory Standard,Standardization Date
O,EDS,K series,26.61,0.15123,34.21,0.09,61.97,,,,Hematite,No,12/18/24 23:25
Al,EDS,K series,0.28,0.00157,0.44,0.02,0.47,,,,Nepheline,No,12/9/24 21:18
Si,EDS,K series,0.79,0.00412,0.83,0.02,0.85,,,,Forsterite,No,12/9/24 20:00
P,EDS,K series,0.27,0.00217,0.36,0.01,0.34,,,,Chlorapatite,No,12/9/24 20:13
Ca,EDS,K series,1.47,0.01264,1.29,0.02,0.93,,,,Diopside,No,12/9/24 20:18
Ti,EDS,K series,1.73,0.01593,1.64,0.02,0.99,,,,TiO2,No,12/9/24 20:22
V,EDS,K series,0.13,0.0013,0.13,0.02,0.07,,,,V,Yes,
Mn,EDS,K series,0.14,0.0013,0.14,0.02,0.08,,,,MnO,No,12/9/24 20:20
Fe,EDS,K series,65.19,0.60914,66.1,0.1,34.3,,,,Hematite,No,12/18/24 23:25
Total,,,,,105.13,,100,,,,,,
,,,,,,,,,,,,,
,,,,,,,,,,,,,
BRc02_grain_90,,,,,,,,,,,,,
Element,Signal Type,Line,Apparent Concentration,k Ratio,Wt%,Wt% Sigma,Atomic %,Oxide %,Oxide % Sigma,Number of Ions,Standard Name,Factory Standard,Standardization Date
O,EDS,K series,28.23,0.16042,32.04,0.08,60.69,,,,Hematite,No,12/18/24 23:25
Al,EDS,K series,0.06,0.00037,0.1,0.02,0.12,,,,Nepheline,No,12/9/24 21:18
Si,EDS,K series,0.16,0.0008,0.16,0.01,0.18,,,,Forsterite,No,12/9/24 20:00
Ca,EDS,K series,0.04,0.00038,0.04,0.01,0.03,,,,Diopside,No,12/9/24 20:18
Ti,EDS,K series,0.76,0.00699,0.7,0.02,0.44,,,,TiO2,No,12/9/24 20:22
V,EDS,K series,0.09,0.00093,0.09,0.01,0.05,,,,V,Yes,
Fe,EDS,K series,70.71,0.66067,70.94,0.1,38.49,,,,Hematite,No,12/18/24 23:25
Total,,,,,104.09,,100,,,,,,
,,,,,,,,,,,,,
BRc02_grain_91,,,,,,,,,,,,,
Element,Signal Type,Line,Apparent Concentration,k Ratio,Wt%,Wt% Sigma,Atomic %,Oxide %,Oxide % Sigma,Number of Ions,Standard Name,Factory Standard,Standardization Date
O,EDS,K series,29.48,0.16755,33.46,0.08,61.49,,,,Hematite,No,12/18/24 23:25
Al,EDS,K series,0.19,0.00106,0.3,0.02,0.32,,,,Nepheline,No,12/9/24 21:18
Si,EDS,K series,1.32,0.00684,1.39,0.02,1.45,,,,Forsterite,No,12/9/24 20:00
K,EDS,K series,0.04,0.00032,0.04,0.01,0.03,,,,Orthoclase,No,12/9/24 20:17
Ca,EDS,K series,0.12,0.00103,0.1,0.01,0.08,,,,Diopside,No,12/9/24 20:18
Ti,EDS,K series,0.34,0.00312,0.32,0.01,0.19,,,,TiO2,No,12/9/24 20:22
V,EDS,K series,0.11,0.00108,0.1,0.01,0.06,,,,V,Yes,
Fe,EDS,K series,68.58,0.64083,69.12,0.1,36.38,,,,Hematite,No,12/18/24 23:25
Total,,,,,104.83,,100,,,,,,
,,,,,,,,,,,,,
BRc02_grain_92,,,,,,,,,,,,,
Element,Signal Type,Line,Apparent Concentration,k Ratio,Wt%,Wt% Sigma,Atomic %,Oxide %,Oxide % Sigma,Number of Ions,Standard Name,Factory Standard,Standardization Date
O,EDS,K series,28.11,0.15976,31.55,0.08,60.29,,,,Hematite,No,12/18/24 23:25
Al,EDS,K series,0.1,0.00057,0.16,0.02,0.18,,,,Nepheline,No,12/9/24 21:18
Si,EDS,K series,0.29,0.00151,0.31,0.01,0.34,,,,Forsterite,No,12/9/24 20:00
Ca,EDS,K series,0.13,0.00113,0.11,0.01,0.09,,,,Diopside,No,12/9/24 20:18
Ti,EDS,K series,0.45,0.00417,0.42,0.01,0.27,,,,TiO2,No,12/9/24 20:22
Fe,EDS,K series,70.76,0.66114,70.94,0.1,38.83,,,,Hematite,No,12/18/24 23:25
Total,,,,,103.49,,100,,,,,,
,,,,,,,,,,,,,
BRc02_grain_93,,,,,,,,,,,,,
Element,Signal Type,Line,Apparent Concentration,k Ratio,Wt%,Wt% Sigma,Atomic %,Oxide %,Oxide % Sigma,Number of Ions,Standard Name,Factory Standard,Standardization Date
O,EDS,K series,27.56,0.15664,30.57,0.08,59.7,,,,Hematite,No,12/18/24 23:25
Al,EDS,K series,0.09,0.0005,0.14,0.02,0.17,,,,Nepheline,No,12/9/24 21:18
Si,EDS,K series,0.2,0.00103,0.21,0.01,0.23,,,,Forsterite,No,12/9/24 20:00
Ti,EDS,K series,0.18,0.00165,0.17,0.01,0.11,,,,TiO2,No,12/9/24 20:22
V,EDS,K series,0.11,0.00112,0.11,0.01,0.07,,,,V,Yes,
Fe,EDS,K series,70.96,0.66301,71,0.1,39.72,,,,Hematite,No,12/18/24 23:25
Total,,,,,102.19,,100,,,,,,
,,,,,,,,,,,,,
,,,,,,,,,,,,,
Goethite_03,,,,,,,,,,,,,
Element,Signal Type,Line,Apparent Concentration,k Ratio,Wt%,Wt% Sigma,Atomic %,Oxide %,Oxide % Sigma,Number of Ions,Standard Name,Factory Standard,Standardization Date
O,EDS,K series,37.8,0.21482,40.46,0.08,69.01,,,,Hematite,No,12/18/24 23:25
Al,EDS,K series,0.15,0.00083,0.23,0.02,0.23,,,,Nepheline,No,12/9/24 21:18
Si,EDS,K series,0.4,0.00206,0.41,0.01,0.39,,,,Forsterite,No,12/9/24 20:00
P,EDS,K series,1.21,0.00959,1.58,0.02,1.39,,,,Chlorapatite,No,12/9/24 20:13
Ca,EDS,K series,0.12,0.00107,0.11,0.01,0.07,,,,Diopside,No,12/9/24 20:18
Mn,EDS,K series,0.16,0.00148,0.17,0.02,0.08,,,,MnO,No,12/9/24 20:20
Fe,EDS,K series,57.55,0.53776,58.98,0.1,28.82,,,,Hematite,No,12/18/24 23:25
Total,,,,,101.92,,100,,,,,,
,,,,,,,,,,,,,
,,,,,,,,,,,,,
Goethite_04,,,,,,,,,,,,,
Element,Signal Type,Line,Apparent Concentration,k Ratio,Wt%,Wt% Sigma,Atomic %,Oxide %,Oxide % Sigma,Number of Ions,Standard Name,Factory Standard,Standardization Date
O,EDS,K series,37.89,0.21534,40.54,0.08,69.07,,,,Hematite,No,12/18/24 23:25
Al,EDS,K series,0.14,0.00079,0.21,0.01,0.22,,,,Nepheline,No,12/9/24 21:18
Si,EDS,K series,0.42,0.00216,0.43,0.01,0.41,,,,Forsterite,No,12/9/24 20:00
P,EDS,K series,1.19,0.00946,1.56,0.02,1.37,,,,Chlorapatite,No,12/9/24 20:13
Ca,EDS,K series,0.13,0.00107,0.11,0.01,0.08,,,,Diopside,No,12/9/24 20:18
Fe,EDS,K series,57.66,0.53881,59.11,0.1,28.85,,,,Hematite,No,12/18/24 23:25
Total,,,,,101.95,,100,,,,,,
,,,,,,,,,,,,,
,,,,,,,,,,,,,
Illmenite_03,,,,,,,,,,,,,
Element,Signal Type,Line,Apparent Concentration,k Ratio,Wt%,Wt% Sigma,Atomic %,Oxide %,Oxide % Sigma,Number of Ions,Standard Name,Factory Standard,Standardization Date
O,EDS,K series,11.58,0.06579,37.57,0.17,63.31,,,,Hematite,No,12/18/24 23:25
Ti,EDS,K series,30.03,0.27618,29.1,0.05,16.38,,,,TiO2,No,12/9/24 20:22
V,EDS,K series,0.18,0.00183,0.19,0.03,0.1,,,,V,Yes,
Mn,EDS,K series,3.34,0.03157,3.69,0.03,1.81,,,,MnO,No,12/9/24 20:20
Fe,EDS,K series,35.61,0.33271,37.72,0.08,18.21,,,,Hematite,No,12/18/24 23:25
Nb,EDS,L series,0.5,0.00502,0.67,0.04,0.19,,,,Nb,Yes,
Total,,,,,108.94,,100,,,,,,
,,,,,,,,,,,,,
,,,,,,,,,,,,,
,,,,,,,,,,,,,
,,,,,,,,,,,,,
Illmenite_04,,,,,,,,,,,,,
Element,Signal Type,Line,Apparent Concentration,k Ratio,Wt%,Wt% Sigma,Atomic %,Oxide %,Oxide % Sigma,Number of Ions,Standard Name,Factory Standard,Standardization Date
O,EDS,K series,11.86,0.0674,38.16,0.15,63.66,,,,Hematite,No,12/18/24 23:25
Ti,EDS,K series,30.08,0.27664,29.16,0.05,16.25,,,,TiO2,No,12/9/24 20:22
Mn,EDS,K series,3.31,0.03131,3.66,0.03,1.78,,,,MnO,No,12/9/24 20:20
Fe,EDS,K series,35.79,0.33437,37.91,0.08,18.12,,,,Hematite,No,12/18/24 23:25
Nb,EDS,L series,0.51,0.00509,0.68,0.04,0.19,,,,Nb,Yes,
Total,,,,,109.58,,100,,,,,,
,,,,,,,,,,,,,
,,,,,,,,,,,,,
Hematite_Elba_03,,,,,,,,,,,,,
Element,Signal Type,Line,Apparent Concentration,k Ratio,Wt%,Wt% Sigma,Atomic %,Oxide %,Oxide % Sigma,Number of Ions,Standard Name,Factory Standard,Standardization Date
O,EDS,K series,29.34,0.16673,31.75,0.08,60.44,,,,Hematite,No,12/18/24 23:25
Fe,EDS,K series,72.47,0.67713,72.52,0.11,39.56,,,,Hematite,No,12/18/24 23:25
Total,,,,,104.26,,100,,,,,,
,,,,,,,,,,,,,
,,,,,,,,,,,,,
Hematite_Elba_04,,,,,,,,,,,,,
Element,Signal Type,Line,Apparent Concentration,k Ratio,Wt%,Wt% Sigma,Atomic %,Oxide %,Oxide % Sigma,Number of Ions,Standard Name,Factory Standard,Standardization Date
O,EDS,K series,29.31,0.1666,31.72,0.08,60.44,,,,Hematite,No,12/18/24 23:25
Fe,EDS,K series,72.42,0.67668,72.47,0.11,39.56,,,,Hematite,No,12/18/24 23:25
Total,,,,,104.19,,100,,,,,,
,,,,,,,,,,,,,
,,,,,,,,,,,,,
Magnetite_oxpuck_03,,,,,,,,,,,,,
Element,Signal Type,Line,Apparent Concentration,k Ratio,Wt%,Wt% Sigma,Atomic %,Oxide %,Oxide % Sigma,Number of Ions,Standard Name,Factory Standard,Standardization Date
O,EDS,K series,26.37,0.14985,29.11,0.07,57.55,,,,Hematite,No,12/18/24 23:25
Al,EDS,K series,0.12,0.00067,0.19,0.02,0.23,,,,Nepheline,No,12/9/24 21:18
Si,EDS,K series,0.06,0.00029,0.06,0.01,0.07,,,,Forsterite,No,12/9/24 20:00
Ti,EDS,K series,0.05,0.00049,0.05,0.01,0.03,,,,TiO2,No,12/9/24 20:22
Fe,EDS,K series,74.69,0.69789,74.38,0.11,42.12,,,,Hematite,No,12/18/24 23:25
Total,,,,,103.8,,100,,,,,,
,,,,,,,,,,,,,
,,,,,,,,,,,,,
Magnetite_oxpuck_04,,,,,,,,,,,,,
Element,Signal Type,Line,Apparent Concentration,k Ratio,Wt%,Wt% Sigma,Atomic %,Oxide %,Oxide % Sigma,Number of Ions,Standard Name,Factory Standard,Standardization Date
O,EDS,K series,26.25,0.14916,29.02,0.07,57.41,,,,Hematite,No,12/18/24 23:25
Al,EDS,K series,0.13,0.00076,0.22,0.02,0.26,,,,Nepheline,No,12/9/24 21:18
Si,EDS,K series,0.06,0.0003,0.06,0.01,0.07,,,,Forsterite,No,12/9/24 20:00
Ti,EDS,K series,0.06,0.0006,0.06,0.01,0.04,,,,TiO2,No,12/9/24 20:22
Fe,EDS,K series,74.84,0.69933,74.52,0.11,42.23,,,,Hematite,No,12/18/24 23:25
Total,,,,,103.88,,100,,,,,,
,,,,,,,,,,,,,
,,,,,,,,,,,,,
LRa01_grain_01,,,,,,,,,,,,,
Element,Signal Type,Line,Apparent Concentration,k Ratio,Wt%,Wt% Sigma,Atomic %,Oxide %,Oxide % Sigma,Number of Ions,Standard Name,Factory Standard,Standardization Date
O,EDS,K series,26.25,0.14916,29.02,0.07,57.41,,,,Hematite,No,12/18/24 23:25
Al,EDS,K series,0.13,0.00076,0.22,0.02,0.26,,,,Nepheline,No,12/9/24 21:18
Si,EDS,K series,0.06,0.0003,0.06,0.01,0.07,,,,Forsterite,No,12/9/24 20:00
Ti,EDS,K series,0.06,0.0006,0.06,0.01,0.04,,,,TiO2,No,12/9/24 20:22
Fe,EDS,K series,74.84,0.69933,74.52,0.11,42.23,,,,Hematite,No,12/18/24 23:25
Total,,,,,103.88,,100,,,,,,
,,,,,,,,,,,,,
,,,,,,,,,,,,,
LRa01_grain_02,,,,,,,,,,,,,
Element,Signal Type,Line,Apparent Concentration,k Ratio,Wt%,Wt% Sigma,Atomic %,Oxide %,Oxide % Sigma,Number of Ions,Standard Name,Factory Standard,Standardization Date
O,EDS,K series,27.21,0.15466,32.71,0.08,61.04,,,,Hematite,No,12/18/24 23:25
Al,EDS,K series,0.63,0.00355,0.98,0.02,1.09,,,,Nepheline,No,12/9/24 21:18
Si,EDS,K series,2.01,0.0104,2.09,0.02,2.23,,,,Forsterite,No,12/9/24 20:00
K,EDS,K series,0.46,0.00362,0.4,0.01,0.3,,,,Orthoclase,No,12/9/24 20:17
Ca,EDS,K series,0.16,0.00137,0.14,0.01,0.1,,,,Diopside,No,12/9/24 20:18
Ti,EDS,K series,0.69,0.00631,0.65,0.02,0.4,,,,TiO2,No,12/9/24 20:22
V,EDS,K series,0.13,0.00126,0.12,0.02,0.07,,,,V,Yes,
Fe,EDS,K series,64.28,0.60058,65.03,0.1,34.77,,,,Hematite,No,12/18/24 23:25
Total,,,,,102.12,,100,,,,,,
,,,,,,,,,,,,,
LRa01_grain_03,,,,,,,,,,,,,
Element,Signal Type,Line,Apparent Concentration,k Ratio,Wt%,Wt% Sigma,Atomic %,Oxide %,Oxide % Sigma,Number of Ions,Standard Name,Factory Standard,Standardization Date
O,EDS,K series,22.59,0.12839,31.87,0.09,60.36,,,,Hematite,No,12/18/24 23:25
Al,EDS,K series,0.04,0.00023,0.06,0.01,0.07,,,,Nepheline,No,12/9/24 21:18
Ti,EDS,K series,5.16,0.04747,4.81,0.03,3.04,,,,TiO2,No,12/9/24 20:22
V,EDS,K series,0.23,0.00231,0.23,0.02,0.13,,,,V,Yes,
Fe,EDS,K series,66.4,0.62039,67.06,0.1,36.39,,,,Hematite,No,12/18/24 23:25
Total,,,,,104.03,,100,,,,,,
,,,,,,,,,,,,,
,,,,,,,,,,,,,
LRa01_grain_04,,,,,,,,,,,,,
Element,Signal Type,Line,Apparent Concentration,k Ratio,Wt%,Wt% Sigma,Atomic %,Oxide %,Oxide % Sigma,Number of Ions,Standard Name,Factory Standard,Standardization Date
O,EDS,K series,27.15,0.15431,30.73,0.08,59.71,,,,Hematite,No,12/18/24 23:25
Al,EDS,K series,0.11,0.00064,0.18,0.02,0.21,,,,Nepheline,No,12/9/24 21:18
Si,EDS,K series,0.4,0.00208,0.43,0.01,0.47,,,,Forsterite,No,12/9/24 20:00
Ti,EDS,K series,0.49,0.00451,0.45,0.02,0.29,,,,TiO2,No,12/9/24 20:22
V,EDS,K series,0.12,0.00124,0.12,0.01,0.07,,,,V,Yes,
Fe,EDS,K series,70.37,0.65754,70.49,0.1,39.24,,,,Hematite,No,12/18/24 23:25
Total,,,,,102.4,,100,,,,,,
,,,,,,,,,,,,,
,,,,,,,,,,,,,
LRa01_grain_05,,,,,,,,,,,,,
Element,Signal Type,Line,Apparent Concentration,k Ratio,Wt%,Wt% Sigma,Atomic %,Oxide %,Oxide % Sigma,Number of Ions,Standard Name,Factory Standard,Standardization Date
O,EDS,K series,27.99,0.15909,33.16,0.08,61.53,,,,Hematite,No,12/18/24 23:25
Mg,EDS,K series,0.29,0.00167,0.65,0.02,0.8,,,,Forsterite,No,12/9/24 20:00
Al,EDS,K series,0.57,0.00325,0.9,0.02,0.99,,,,Nepheline,No,12/9/24 21:18
Si,EDS,K series,1.55,0.00803,1.62,0.02,1.72,,,,Forsterite,No,12/9/24 20:00
K,EDS,K series,0.06,0.00044,0.05,0.01,0.04,,,,Orthoclase,No,12/9/24 20:17
Ca,EDS,K series,0.09,0.00076,0.08,0.01,0.06,,,,Diopside,No,12/9/24 20:18
Ti,EDS,K series,1.01,0.0093,0.95,0.02,0.59,,,,TiO2,No,12/9/24 20:22
V,EDS,K series,0.06,0.00064,0.06,0.02,0.04,,,,V,Yes,
Mn,EDS,K series,0.2,0.00193,0.21,0.02,0.12,,,,MnO,No,12/9/24 20:20
Fe,EDS,K series,63.41,0.59244,64.2,0.1,34.13,,,,Hematite,No,12/18/24 23:25
Total,,,,,101.9,,100,,,,,,
,,,,,,,,,,,,,
LRa01_grain_06,,,,,,,,,,,,,
Element,Signal Type,Line,Apparent Concentration,k Ratio,Wt%,Wt% Sigma,Atomic %,Oxide %,Oxide % Sigma,Number of Ions,Standard Name,Factory Standard,Standardization Date
O,EDS,K series,28.57,0.16238,31.17,0.07,60.1,,,,Hematite,No,12/18/24 23:25
Si,EDS,K series,0.41,0.00214,0.44,0.01,0.48,,,,Forsterite,No,12/9/24 20:00
Fe,EDS,K series,71.29,0.6661,71.36,0.1,39.42,,,,Hematite,No,12/18/24 23:25
Total,,,,,102.98,,100,,,,,,
,,,,,,,,,,,,,
,,,,,,,,,,,,,
LRa01_grain_07,,,,,,,,,,,,,
Element,Signal Type,Line,Apparent Concentration,k Ratio,Wt%,Wt% Sigma,Atomic %,Oxide %,Oxide % Sigma,Number of Ions,Standard Name,Factory Standard,Standardization Date
O,EDS,K series,23.47,0.13337,33.31,0.09,61.4,,,,Hematite,No,12/18/24 23:25
Al,EDS,K series,0.14,0.00077,0.21,0.02,0.23,,,,Nepheline,No,12/9/24 21:18
Si,EDS,K series,0.32,0.00164,0.33,0.01,0.35,,,,Forsterite,No,12/9/24 20:00
Ca,EDS,K series,0.09,0.00078,0.08,0.01,0.06,,,,Diopside,No,12/9/24 20:18
Ti,EDS,K series,4.57,0.04201,4.28,0.02,2.63,,,,TiO2,No,12/9/24 20:22
V,EDS,K series,0.8,0.00798,0.79,0.02,0.46,,,,V,Yes,
Mn,EDS,K series,0.4,0.00374,0.42,0.02,0.22,,,,MnO,No,12/9/24 20:20
Fe,EDS,K series,64.75,0.60503,65.61,0.1,34.65,,,,Hematite,No,12/18/24 23:25
Total,,,,,105.02,,100,,,,,,
,,,,,,,,,,,,,
LRa01_grain_08,,,,,,,,,,,,,
Element,Signal Type,Line,Apparent Concentration,k Ratio,Wt%,Wt% Sigma,Atomic %,Oxide %,Oxide % Sigma,Number of Ions,Standard Name,Factory Standard,Standardization Date
O,EDS,K series,28.71,0.16314,33.1,0.08,61.52,,,,Hematite,No,12/18/24 23:25
Al,EDS,K series,0.49,0.00278,0.78,0.02,0.86,,,,Nepheline,No,12/9/24 21:18
Si,EDS,K series,1.15,0.00598,1.21,0.02,1.28,,,,Forsterite,No,12/9/24 20:00
K,EDS,K series,0.1,0.00076,0.08,0.01,0.06,,,,Orthoclase,No,12/9/24 20:17
Ca,EDS,K series,0.08,0.00067,0.07,0.01,0.05,,,,Diopside,No,12/9/24 20:18
Ti,EDS,K series,0.37,0.00341,0.35,0.01,0.22,,,,TiO2,No,12/9/24 20:22
V,EDS,K series,0.3,0.00301,0.29,0.02,0.17,,,,V,Yes,
Fe,EDS,K series,66.71,0.62336,67.31,0.1,35.84,,,,Hematite,No,12/18/24 23:25
Total,,,,,103.19,,100,,,,,,
,,,,,,,,,,,,,
LRa01_grain_09,,,,,,,,,,,,,
Element,Signal Type,Line,Apparent Concentration,k Ratio,Wt%,Wt% Sigma,Atomic %,Oxide %,Oxide % Sigma,Number of Ions,Standard Name,Factory Standard,Standardization Date
O,EDS,K series,27.85,0.1583,31.71,0.08,60.36,,,,Hematite,No,12/18/24 23:25
Al,EDS,K series,0.31,0.00178,0.5,0.02,0.57,,,,Nepheline,No,12/9/24 21:18
Si,EDS,K series,0.82,0.00426,0.87,0.02,0.94,,,,Forsterite,No,12/9/24 20:00
K,EDS,K series,0.08,0.00065,0.07,0.01,0.06,,,,Orthoclase,No,12/9/24 20:17
Ca,EDS,K series,0.09,0.00078,0.08,0.01,0.06,,,,Diopside,No,12/9/24 20:18
Ti,EDS,K series,0.41,0.00373,0.38,0.01,0.24,,,,TiO2,No,12/9/24 20:22
V,EDS,K series,0.08,0.00075,0.07,0.01,0.04,,,,V,Yes,
Fe,EDS,K series,68.83,0.64316,69.17,0.1,37.72,,,,Hematite,No,12/18/24 23:25
Total,,,,,102.85,,100,,,,,,
,,,,,,,,,,,,,
,,,,,,,,,,,,,
LRa01_grain_10,,,,,,,,,,,,,
Element,Signal Type,Line,Apparent Concentration,k Ratio,Wt%,Wt% Sigma,Atomic %,Oxide %,Oxide % Sigma,Number of Ions,Standard Name,Factory Standard,Standardization Date
O,EDS,K series,28,0.15911,30.57,0.07,59.59,,,,Hematite,No,12/18/24 23:25
Al,EDS,K series,0.04,0.00022,0.06,0.01,0.07,,,,Nepheline,No,12/9/24 21:18
Si,EDS,K series,0.26,0.00137,0.28,0.01,0.31,,,,Forsterite,No,12/9/24 20:00
Fe,EDS,K series,71.69,0.66989,71.68,0.1,40.02,,,,Hematite,No,12/18/24 23:25
Total,,,,,102.6,,100,,,,,,
,,,,,,,,,,,,,
,,,,,,,,,,,,,
LRa01_grain_11,,,,,,,,,,,,,
Element,Signal Type,Line,Apparent Concentration,k Ratio,Wt%,Wt% Sigma,Atomic %,Oxide %,Oxide % Sigma,Number of Ions,Standard Name,Factory Standard,Standardization Date
O,EDS,K series,29.02,0.16491,33.21,0.08,61.5,,,,Hematite,No,12/18/24 23:25
Al,EDS,K series,0.58,0.00327,0.91,0.02,1,,,,Nepheline,No,12/9/24 21:18
Si,EDS,K series,1.4,0.00726,1.47,0.02,1.55,,,,Forsterite,No,12/9/24 20:00
K,EDS,K series,0.07,0.00058,0.06,0.01,0.05,,,,Orthoclase,No,12/9/24 20:17
Ca,EDS,K series,0.07,0.0006,0.06,0.01,0.05,,,,Diopside,No,12/9/24 20:18
Ti,EDS,K series,0.29,0.0027,0.27,0.01,0.17,,,,TiO2,No,12/9/24 20:22
V,EDS,K series,0.19,0.00187,0.18,0.01,0.11,,,,V,Yes,
Fe,EDS,K series,66.45,0.62091,67.08,0.1,35.58,,,,Hematite,No,12/18/24 23:25
Total,,,,,103.26,,100,,,,,,
,,,,,,,,,,,,,
LRa01_grain_12,,,,,,,,,,,,,
Element,Signal Type,Line,Apparent Concentration,k Ratio,Wt%,Wt% Sigma,Atomic %,Oxide %,Oxide % Sigma,Number of Ions,Standard Name,Factory Standard,Standardization Date
O,EDS,K series,27.85,0.15829,32.03,0.08,60.5,,,,Hematite,No,12/18/24 23:25
Al,EDS,K series,0.44,0.00248,0.7,0.02,0.78,,,,Nepheline,No,12/9/24 21:18
Si,EDS,K series,1.14,0.0059,1.2,0.02,1.29,,,,Forsterite,No,12/9/24 20:00
P,EDS,K series,0.03,0.00024,0.04,0.01,0.04,,,,Chlorapatite,No,12/9/24 20:13
K,EDS,K series,0.06,0.00046,0.05,0.01,0.04,,,,Orthoclase,No,12/9/24 20:17
Ca,EDS,K series,0.07,0.0006,0.06,0.01,0.05,,,,Diopside,No,12/9/24 20:18
Ti,EDS,K series,0.31,0.00288,0.29,0.01,0.18,,,,TiO2,No,12/9/24 20:22
V,EDS,K series,0.25,0.00253,0.25,0.02,0.15,,,,V,Yes,
Fe,EDS,K series,67.9,0.63444,68.34,0.1,36.98,,,,Hematite,No,12/18/24 23:25
Total,,,,,102.96,,100,,,,,,
,,,,,,,,,,,,,
,,,,,,,,,,,,,
LRa01_grain_13,,,,,,,,,,,,,
Element,Signal Type,Line,Apparent Concentration,k Ratio,Wt%,Wt% Sigma,Atomic %,Oxide %,Oxide % Sigma,Number of Ions,Standard Name,Factory Standard,Standardization Date
O,EDS,K series,28.04,0.15934,30.53,0.07,59.49,,,,Hematite,No,12/18/24 23:25
Si,EDS,K series,0.07,0.00037,0.08,0.01,0.09,,,,Forsterite,No,12/9/24 20:00
Fe,EDS,K series,72.48,0.67722,72.41,0.11,40.42,,,,Hematite,No,12/18/24 23:25
Total,,,,,103.01,,100,,,,,,
,,,,,,,,,,,,,
,,,,,,,,,,,,,
LRa01_grain_14,,,,,,,,,,,,,
Element,Signal Type,Line,Apparent Concentration,k Ratio,Wt%,Wt% Sigma,Atomic %,Oxide %,Oxide % Sigma,Number of Ions,Standard Name,Factory Standard,Standardization Date
O,EDS,K series,27.52,0.15641,32.45,0.08,61.15,,,,Hematite,No,12/18/24 23:25
Al,EDS,K series,0.27,0.00151,0.42,0.02,0.47,,,,Nepheline,No,12/9/24 21:18
Si,EDS,K series,1.06,0.0055,1.11,0.02,1.19,,,,Forsterite,No,12/9/24 20:00
K,EDS,K series,0.07,0.00052,0.06,0.01,0.04,,,,Orthoclase,No,12/9/24 20:17
Ca,EDS,K series,0.16,0.00135,0.14,0.01,0.1,,,,Diopside,No,12/9/24 20:18
Ti,EDS,K series,1,0.00917,0.93,0.02,0.59,,,,TiO2,No,12/9/24 20:22
V,EDS,K series,0.14,0.00136,0.13,0.02,0.08,,,,V,Yes,
Mn,EDS,K series,0.28,0.00263,0.29,0.02,0.16,,,,MnO,No,12/9/24 20:20
Fe,EDS,K series,66.56,0.6219,67.1,0.1,36.21,,,,Hematite,No,12/18/24 23:25
Total,,,,,102.64,,100,,,,,,
,,,,,,,,,,,,,
,,,,,,,,,,,,,
LRa01_grain_15,,,,,,,,,,,,,
Element,Signal Type,Line,Apparent Concentration,k Ratio,Wt%,Wt% Sigma,Atomic %,Oxide %,Oxide % Sigma,Number of Ions,Standard Name,Factory Standard,Standardization Date
O,EDS,K series,25.3,0.14378,28.04,0.07,56.75,,,,Hematite,No,12/18/24 23:25
Al,EDS,K series,0.03,0.00016,0.05,0.01,0.05,,,,Nepheline,No,12/9/24 21:18
Si,EDS,K series,0.3,0.00157,0.32,0.01,0.37,,,,Forsterite,No,12/9/24 20:00
Fe,EDS,K series,74.25,0.69378,73.85,0.11,42.82,,,,Hematite,No,12/18/24 23:25
Total,,,,,102.26,,100,,,,,,
,,,,,,,,,,,,,
,,,,,,,,,,,,,
LRa01_grain_16,,,,,,,,,,,,,
Element,Signal Type,Line,Apparent Concentration,k Ratio,Wt%,Wt% Sigma,Atomic %,Oxide %,Oxide % Sigma,Number of Ions,Standard Name,Factory Standard,Standardization Date
O,EDS,K series,28.24,0.1605,30.65,0.07,60.03,,,,Hematite,No,12/18/24 23:25
Si,EDS,K series,0.05,0.00027,0.06,0.01,0.06,,,,Forsterite,No,12/9/24 20:00
Fe,EDS,K series,71.14,0.66467,71.14,0.1,39.91,,,,Hematite,No,12/18/24 23:25
Total,,,,,101.85,,100,,,,,,
,,,,,,,,,,,,,
,,,,,,,,,,,,,
LRa01_grain_17,,,,,,,,,,,,,
Element,Signal Type,Line,Apparent Concentration,k Ratio,Wt%,Wt% Sigma,Atomic %,Oxide %,Oxide % Sigma,Number of Ions,Standard Name,Factory Standard,Standardization Date
O,EDS,K series,27.85,0.15825,30.66,0.09,59.6,,,,Hematite,No,12/18/24 23:25
Al,EDS,K series,0.19,0.00108,0.31,0.02,0.36,,,,Nepheline,No,12/9/24 21:18
Si,EDS,K series,0.07,0.00035,0.07,0.02,0.08,,,,Forsterite,No,12/9/24 20:00
Ti,EDS,K series,0.18,0.00165,0.17,0.02,0.11,,,,TiO2,No,12/9/24 20:22
Fe,EDS,K series,71.58,0.66883,71.59,0.13,39.86,,,,Hematite,No,12/18/24 23:25
Total,,,,,102.8,,100,,,,,,
,,,,,,,,,,,,,
LRa01_grain_18,,,,,,,,,,,,,
Element,Signal Type,Line,Apparent Concentration,k Ratio,Wt%,Wt% Sigma,Atomic %,Oxide %,Oxide % Sigma,Number of Ions,Standard Name,Factory Standard,Standardization Date
O,EDS,K series,27.66,0.15719,30.86,0.08,59.76,,,,Hematite,No,12/18/24 23:25
Ti,EDS,K series,0.39,0.00359,0.36,0.01,0.23,,,,TiO2,No,12/9/24 20:22
V,EDS,K series,0.13,0.00128,0.12,0.01,0.07,,,,V,Yes,
Mn,EDS,K series,0.19,0.00177,0.19,0.02,0.11,,,,MnO,No,12/9/24 20:20
Fe,EDS,K series,71.78,0.67066,71.79,0.1,39.83,,,,Hematite,No,12/18/24 23:25
W,EDS,L series,-0.03,-0.0003,-0.04,0.09,-0.01,,,,W,Yes,
Total,,,,,103.29,,100,,,,,,
,,,,,,,,,,,,,
,,,,,,,,,,,,,
LRa01_grain_19,,,,,,,,,,,,,
Element,Signal Type,Line,Apparent Concentration,k Ratio,Wt%,Wt% Sigma,Atomic %,Oxide %,Oxide % Sigma,Number of Ions,Standard Name,Factory Standard,Standardization Date
O,EDS,K series,27.29,0.15511,31.16,0.08,60.09,,,,Hematite,No,12/18/24 23:25
Al,EDS,K series,0.22,0.00126,0.36,0.02,0.41,,,,Nepheline,No,12/9/24 21:18
Si,EDS,K series,0.96,0.00495,1.01,0.02,1.11,,,,Forsterite,No,12/9/24 20:00
Ca,EDS,K series,0.12,0.00107,0.11,0.01,0.08,,,,Diopside,No,12/9/24 20:18
Ti,EDS,K series,0.38,0.00347,0.35,0.01,0.23,,,,TiO2,No,12/9/24 20:22
V,EDS,K series,0.13,0.00133,0.13,0.01,0.08,,,,V,Yes,
Mn,EDS,K series,0.16,0.00147,0.16,0.02,0.09,,,,MnO,No,12/9/24 20:20
Fe,EDS,K series,68.32,0.63835,68.62,0.1,37.91,,,,Hematite,No,12/18/24 23:25
Total,,,,,101.89,,100,,,,,,
,,,,,,,,,,,,,
,,,,,,,,,,,,,
LRa01_grain_20,,,,,,,,,,,,,
Element,Signal Type,Line,Apparent Concentration,k Ratio,Wt%,Wt% Sigma,Atomic %,Oxide %,Oxide % Sigma,Number of Ions,Standard Name,Factory Standard,Standardization Date
O,EDS,K series,30.3,0.1722,34.59,0.08,62.14,,,,Hematite,No,12/18/24 23:25
Al,EDS,K series,0.47,0.00268,0.75,0.02,0.8,,,,Nepheline,No,12/9/24 21:18
Si,EDS,K series,1.33,0.0069,1.4,0.02,1.43,,,,Forsterite,No,12/9/24 20:00
K,EDS,K series,0.08,0.00065,0.07,0.01,0.05,,,,Orthoclase,No,12/9/24 20:17
Ca,EDS,K series,0.09,0.00076,0.08,0.01,0.06,,,,Diopside,No,12/9/24 20:18
Ti,EDS,K series,0.32,0.00298,0.3,0.01,0.18,,,,TiO2,No,12/9/24 20:22
V,EDS,K series,0.22,0.00217,0.21,0.02,0.12,,,,V,Yes,
Fe,EDS,K series,67.74,0.63294,68.43,0.1,35.22,,,,Hematite,No,12/18/24 23:25
Total,,,,,105.83,,100,,,,,,
,,,,,,,,,,,,,
,,,,,,,,,,,,,
LRa01_grain_21,,,,,,,,,,,,,
Element,Signal Type,Line,Apparent Concentration,k Ratio,Wt%,Wt% Sigma,Atomic %,Oxide %,Oxide % Sigma,Number of Ions,Standard Name,Factory Standard,Standardization Date
O,EDS,K series,26.77,0.15214,31.5,0.08,60.2,,,,Hematite,No,12/18/24 23:25
Al,EDS,K series,0.32,0.0018,0.51,0.02,0.58,,,,Nepheline,No,12/9/24 21:18
Si,EDS,K series,1,0.0052,1.06,0.02,1.15,,,,Forsterite,No,12/9/24 20:00
Ca,EDS,K series,0.11,0.00095,0.1,0.01,0.07,,,,Diopside,No,12/9/24 20:18
Ti,EDS,K series,0.78,0.00719,0.73,0.02,0.46,,,,TiO2,No,12/9/24 20:22
V,EDS,K series,0.28,0.00279,0.27,0.02,0.16,,,,V,Yes,
Fe,EDS,K series,67.85,0.63402,68.26,0.1,37.37,,,,Hematite,No,12/18/24 23:25
Total,,,,,102.42,,100,,,,,,
,,,,,,,,,,,,,
,,,,,,,,,,,,,
LRa01_grain_22,,,,,,,,,,,,,
Element,Signal Type,Line,Apparent Concentration,k Ratio,Wt%,Wt% Sigma,Atomic %,Oxide %,Oxide % Sigma,Number of Ions,Standard Name,Factory Standard,Standardization Date
O,EDS,K series,26.19,0.14884,31.72,0.08,60.9,,,,Hematite,No,12/18/24 23:25
Al,EDS,K series,0.47,0.00264,0.74,0.02,0.84,,,,Nepheline,No,12/9/24 21:18
Si,EDS,K series,1.37,0.0071,1.44,0.02,1.57,,,,Forsterite,No,12/9/24 20:00
K,EDS,K series,0.14,0.00113,0.12,0.01,0.1,,,,Orthoclase,No,12/9/24 20:17
Ca,EDS,K series,0.14,0.00117,0.12,0.01,0.09,,,,Diopside,No,12/9/24 20:18
Ti,EDS,K series,1.42,0.01309,1.33,0.02,0.85,,,,TiO2,No,12/9/24 20:22
Mn,EDS,K series,0.25,0.00236,0.26,0.02,0.15,,,,MnO,No,12/9/24 20:20
Fe,EDS,K series,63.92,0.59722,64.55,0.1,35.5,,,,Hematite,No,12/18/24 23:25
Total,,,,,100.27,,100,,,,,,
,,,,,,,,,,,,,
,,,,,,,,,,,,,
LRa01_grain_23,,,,,,,,,,,,,
Element,Signal Type,Line,Apparent Concentration,k Ratio,Wt%,Wt% Sigma,Atomic %,Oxide %,Oxide % Sigma,Number of Ions,Standard Name,Factory Standard,Standardization Date
O,EDS,K series,28.14,0.15991,31.44,0.08,60.2,,,,Hematite,No,12/18/24 23:25
Al,EDS,K series,0.11,0.0006,0.17,0.02,0.2,,,,Nepheline,No,12/9/24 21:18
Si,EDS,K series,0.56,0.00289,0.59,0.02,0.64,,,,Forsterite,No,12/9/24 20:00
Ca,EDS,K series,0.04,0.00038,0.04,0.01,0.03,,,,Diopside,No,12/9/24 20:18
Ti,EDS,K series,0.29,0.00263,0.26,0.01,0.17,,,,TiO2,No,12/9/24 20:22
V,EDS,K series,0.08,0.00077,0.07,0.01,0.04,,,,V,Yes,
Mn,EDS,K series,0.6,0.00571,0.63,0.02,0.35,,,,MnO,No,12/9/24 20:20
Fe,EDS,K series,69.78,0.65205,69.96,0.1,38.37,,,,Hematite,No,12/18/24 23:25
Total,,,,,103.17,,100,,,,,,
,,,,,,,,,,,,,
,,,,,,,,,,,,,
LRa01_grain_24,,,,,,,,,,,,,
Element,Signal Type,Line,Apparent Concentration,k Ratio,Wt%,Wt% Sigma,Atomic %,Oxide %,Oxide % Sigma,Number of Ions,Standard Name,Factory Standard,Standardization Date
O,EDS,K series,28.03,0.1593,30.56,0.07,59.53,,,,Hematite,No,12/18/24 23:25
Si,EDS,K series,0.18,0.00091,0.19,0.01,0.21,,,,Forsterite,No,12/9/24 20:00
Fe,EDS,K series,72.2,0.67465,72.16,0.11,40.26,,,,Hematite,No,12/18/24 23:25
Total,,,,,102.91,,100,,,,,,
,,,,,,,,,,,,,
,,,,,,,,,,,,,
LRa01_grain_25,,,,,,,,,,,,,
Element,Signal Type,Line,Apparent Concentration,k Ratio,Wt%,Wt% Sigma,Atomic %,Oxide %,Oxide % Sigma,Number of Ions,Standard Name,Factory Standard,Standardization Date
O,EDS,K series,24.68,0.14026,29.83,0.08,57.52,,,,Hematite,No,12/18/24 23:25
Mg,EDS,K series,0.66,0.00379,1.49,0.02,1.89,,,,Forsterite,No,12/9/24 20:00
Al,EDS,K series,0.66,0.00373,1.05,0.02,1.21,,,,Nepheline,No,12/9/24 21:18
Si,EDS,K series,1.4,0.00727,1.49,0.02,1.64,,,,Forsterite,No,12/9/24 20:00
K,EDS,K series,0.05,0.00041,0.05,0.01,0.04,,,,Orthoclase,No,12/9/24 20:17
Ca,EDS,K series,0.06,0.00049,0.05,0.01,0.04,,,,Diopside,No,12/9/24 20:18
Ti,EDS,K series,0.96,0.00881,0.9,0.02,0.58,,,,TiO2,No,12/9/24 20:22
V,EDS,K series,0.12,0.00124,0.12,0.02,0.07,,,,V,Yes,
Mn,EDS,K series,0.2,0.00185,0.2,0.02,0.11,,,,MnO,No,12/9/24 20:20
Fe,EDS,K series,66.38,0.62025,66.82,0.1,36.9,,,,Hematite,No,12/18/24 23:25
Total,,,,,102.01,,100,,,,,,
,,,,,,,,,,,,,
,,,,,,,,,,,,,
LRa01_grain_26,,,,,,,,,,,,,
Element,Signal Type,Line,Apparent Concentration,k Ratio,Wt%,Wt% Sigma,Atomic %,Oxide %,Oxide % Sigma,Number of Ions,Standard Name,Factory Standard,Standardization Date
O,EDS,K series,16.72,0.09504,33.72,0.12,61.54,,,,Hematite,No,12/18/24 23:25
Al,EDS,K series,0.07,0.0004,0.11,0.01,0.12,,,,Nepheline,No,12/9/24 21:18
Si,EDS,K series,0.14,0.0007,0.14,0.01,0.14,,,,Forsterite,No,12/9/24 20:00
Ca,EDS,K series,0.05,0.00042,0.04,0.01,0.03,,,,Diopside,No,12/9/24 20:18
Ti,EDS,K series,13.6,0.12507,12.89,0.04,7.86,,,,TiO2,No,12/9/24 20:22
V,EDS,K series,0.58,0.00584,0.59,0.02,0.34,,,,V,Yes,
Mn,EDS,K series,1.68,0.01591,1.8,0.03,0.95,,,,MnO,No,12/9/24 20:20
Fe,EDS,K series,53.97,0.50432,55.5,0.09,29.02,,,,Hematite,No,12/18/24 23:25
Total,,,,,104.79,,100,,,,,,
,,,,,,,,,,,,,
LRa01_grain_27,,,,,,,,,,,,,
Element,Signal Type,Line,Apparent Concentration,k Ratio,Wt%,Wt% Sigma,Atomic %,Oxide %,Oxide % Sigma,Number of Ions,Standard Name,Factory Standard,Standardization Date
O,EDS,K series,27.45,0.15597,32.51,0.08,60.88,,,,Hematite,No,12/18/24 23:25
Al,EDS,K series,0.4,0.00229,0.64,0.02,0.71,,,,Nepheline,No,12/9/24 21:18
Si,EDS,K series,1.35,0.00699,1.41,0.02,1.51,,,,Forsterite,No,12/9/24 20:00
K,EDS,K series,0.14,0.00115,0.13,0.01,0.1,,,,Orthoclase,No,12/9/24 20:17
Ca,EDS,K series,0.11,0.00093,0.1,0.01,0.07,,,,Diopside,No,12/9/24 20:18
Ti,EDS,K series,1.01,0.00928,0.94,0.02,0.59,,,,TiO2,No,12/9/24 20:22
V,EDS,K series,0.07,0.00065,0.06,0.02,0.04,,,,V,Yes,
Mn,EDS,K series,0.21,0.00197,0.22,0.02,0.12,,,,MnO,No,12/9/24 20:20
Fe,EDS,K series,66.51,0.62142,67.08,0.1,35.99,,,,Hematite,No,12/18/24 23:25
Total,,,,,103.09,,100,,,,,,
,,,,,,,,,,,,,
,,,,,,,,,,,,,
LRa01_grain_28,,,,,,,,,,,,,
Element,Signal Type,Line,Apparent Concentration,k Ratio,Wt%,Wt% Sigma,Atomic %,Oxide %,Oxide % Sigma,Number of Ions,Standard Name,Factory Standard,Standardization Date
O,EDS,K series,28.03,0.15931,31.2,0.08,59.94,,,,Hematite,No,12/18/24 23:25
Al,EDS,K series,0.14,0.00077,0.22,0.02,0.25,,,,Nepheline,No,12/9/24 21:18
Si,EDS,K series,0.74,0.00386,0.79,0.02,0.86,,,,Forsterite,No,12/9/24 20:00
Ca,EDS,K series,0.05,0.00046,0.05,0.01,0.04,,,,Diopside,No,12/9/24 20:18
Ti,EDS,K series,0.06,0.00058,0.06,0.01,0.04,,,,TiO2,No,12/9/24 20:22
V,EDS,K series,0.1,0.001,0.1,0.01,0.06,,,,V,Yes,
Fe,EDS,K series,70.36,0.65739,70.53,0.1,38.82,,,,Hematite,No,12/18/24 23:25
Total,,,,,102.94,,100,,,,,,
,,,,,,,,,,,,,
LRa01_grain_29,,,,,,,,,,,,,
Element,Signal Type,Line,Apparent Concentration,k Ratio,Wt%,Wt% Sigma,Atomic %,Oxide %,Oxide % Sigma,Number of Ions,Standard Name,Factory Standard,Standardization Date
O,EDS,K series,10.71,0.06088,42.76,0.18,67.12,,,,Hematite,No,12/18/24 23:25
Al,EDS,K series,0.26,0.00149,0.35,0.01,0.33,,,,Nepheline,No,12/9/24 21:18
Si,EDS,K series,0.77,0.00399,0.7,0.01,0.62,,,,Forsterite,No,12/9/24 20:00
K,EDS,K series,0.3,0.00235,0.25,0.01,0.16,,,,Orthoclase,No,12/9/24 20:17
Ti,EDS,K series,37.79,0.34759,37.42,0.06,19.62,,,,TiO2,No,12/9/24 20:22
Fe,EDS,K series,24.83,0.23197,27.02,0.07,12.15,,,,Hematite,No,12/18/24 23:25
Total,,,,,108.49,,100,,,,,,
,,,,,,,,,,,,,
,,,,,,,,,,,,,
LRa01_grain_30,,,,,,,,,,,,,
Element,Signal Type,Line,Apparent Concentration,k Ratio,Wt%,Wt% Sigma,Atomic %,Oxide %,Oxide % Sigma,Number of Ions,Standard Name,Factory Standard,Standardization Date
O,EDS,K series,26.68,0.15162,30.07,0.08,59.41,,,,Hematite,No,12/18/24 23:25
Al,EDS,K series,0.26,0.00148,0.42,0.02,0.49,,,,Nepheline,No,12/9/24 21:18
Si,EDS,K series,0.66,0.00341,0.7,0.02,0.79,,,,Forsterite,No,12/9/24 20:00
K,EDS,K series,0.04,0.00033,0.04,0.01,0.03,,,,Orthoclase,No,12/9/24 20:17
Ca,EDS,K series,0.06,0.00051,0.05,0.01,0.04,,,,Diopside,No,12/9/24 20:18
Ti,EDS,K series,0.18,0.0017,0.17,0.01,0.11,,,,TiO2,No,12/9/24 20:22
V,EDS,K series,0.11,0.00112,0.11,0.01,0.07,,,,V,Yes,
Mn,EDS,K series,0.12,0.00114,0.12,0.02,0.07,,,,MnO,No,12/9/24 20:20
Fe,EDS,K series,68.75,0.64239,68.89,0.1,38.99,,,,Hematite,No,12/18/24 23:25
Total,,,,,100.56,,100,,,,,,
,,,,,,,,,,,,,
,,,,,,,,,,,,,
LRa01_grain_31,,,,,,,,,,,,,
Element,Signal Type,Line,Apparent Concentration,k Ratio,Wt%,Wt% Sigma,Atomic %,Oxide %,Oxide % Sigma,Number of Ions,Standard Name,Factory Standard,Standardization Date
O,EDS,K series,29.76,0.16912,32.89,0.08,62.2,,,,Hematite,No,12/18/24 23:25
Al,EDS,K series,0.33,0.00185,0.52,0.02,0.58,,,,Nepheline,No,12/9/24 21:18
Si,EDS,K series,0.78,0.00404,0.82,0.02,0.88,,,,Forsterite,No,12/9/24 20:00
S,EDS,K series,0.37,0.00275,0.38,0.01,0.36,,,,Pentlandite,No,12/9/24 20:09
Ca,EDS,K series,0.09,0.00078,0.08,0.01,0.06,,,,Diopside,No,12/9/24 20:18
Fe,EDS,K series,65.68,0.61368,66.24,0.1,35.89,,,,Hematite,No,12/18/24 23:25
Ba,EDS,L series,0.13,0.00117,0.13,0.03,0.03,,,,BaF2,Yes,
Total,,,,,101.06,,100,,,,,,
,,,,,,,,,,,,,
,,,,,,,,,,,,,
LRa01_grain_32,,,,,,,,,,,,,
Element,Signal Type,Line,Apparent Concentration,k Ratio,Wt%,Wt% Sigma,Atomic %,Oxide %,Oxide % Sigma,Number of Ions,Standard Name,Factory Standard,Standardization Date
O,EDS,K series,25.83,0.14681,31,0.08,60,,,,Hematite,No,12/18/24 23:25
Al,EDS,K series,0.38,0.00217,0.61,0.02,0.7,,,,Nepheline,No,12/9/24 21:18
Si,EDS,K series,1.48,0.00766,1.55,0.02,1.71,,,,Forsterite,No,12/9/24 20:00
Cl,EDS,K series,0.05,0.0004,0.05,0.01,0.05,,,,NaCl,Yes,
K,EDS,K series,0.12,0.00092,0.1,0.01,0.08,,,,Orthoclase,No,12/9/24 20:17
Ca,EDS,K series,0.16,0.0014,0.14,0.01,0.11,,,,Diopside,No,12/9/24 20:18
Ti,EDS,K series,1.01,0.00929,0.94,0.02,0.61,,,,TiO2,No,12/9/24 20:22
V,EDS,K series,0.1,0.00096,0.09,0.02,0.06,,,,V,Yes,
Mn,EDS,K series,0.29,0.00274,0.3,0.02,0.17,,,,MnO,No,12/9/24 20:20
Fe,EDS,K series,65.38,0.61085,65.87,0.1,36.52,,,,Hematite,No,12/18/24 23:25
Total,,,,,100.66,,100,,,,,,
,,,,,,,,,,,,,
LRa01_grain_33,,,,,,,,,,,,,
Element,Signal Type,Line,Apparent Concentration,k Ratio,Wt%,Wt% Sigma,Atomic %,Oxide %,Oxide % Sigma,Number of Ions,Standard Name,Factory Standard,Standardization Date
O,EDS,K series,26.04,0.14801,31.68,0.08,60.02,,,,Hematite,No,12/18/24 23:25
Al,EDS,K series,0.52,0.00294,0.82,0.02,0.92,,,,Nepheline,No,12/9/24 21:18
Si,EDS,K series,1.67,0.00865,1.75,0.02,1.89,,,,Forsterite,No,12/9/24 20:00
K,EDS,K series,0.19,0.00148,0.16,0.01,0.13,,,,Orthoclase,No,12/9/24 20:17
Ca,EDS,K series,0.25,0.0021,0.21,0.01,0.16,,,,Diopside,No,12/9/24 20:18
Ti,EDS,K series,1.12,0.0103,1.05,0.02,0.66,,,,TiO2,No,12/9/24 20:22
V,EDS,K series,0.1,0.00096,0.09,0.02,0.06,,,,V,Yes,
Mn,EDS,K series,0.17,0.00162,0.18,0.02,0.1,,,,MnO,No,12/9/24 20:20
Fe,EDS,K series,65.86,0.61539,66.44,0.1,36.06,,,,Hematite,No,12/18/24 23:25
Total,,,,,102.39,,100,,,,,,
,,,,,,,,,,,,,
LRa01_grain_34,,,,,,,,,,,,,
Element,Signal Type,Line,Apparent Concentration,k Ratio,Wt%,Wt% Sigma,Atomic %,Oxide %,Oxide % Sigma,Number of Ions,Standard Name,Factory Standard,Standardization Date
O,EDS,K series,27.57,0.15671,31.01,0.08,59.93,,,,Hematite,No,12/18/24 23:25
Al,EDS,K series,0.19,0.0011,0.31,0.02,0.36,,,,Nepheline,No,12/9/24 21:18
Si,EDS,K series,1.1,0.00569,1.16,0.02,1.28,,,,Forsterite,No,12/9/24 20:00
Cl,EDS,K series,0.03,0.0003,0.04,0.01,0.03,,,,NaCl,Yes,
Ca,EDS,K series,0.09,0.0008,0.08,0.01,0.06,,,,Diopside,No,12/9/24 20:18
V,EDS,K series,0.18,0.00176,0.17,0.01,0.1,,,,V,Yes,
Mn,EDS,K series,0.27,0.00257,0.28,0.02,0.16,,,,MnO,No,12/9/24 20:20
Fe,EDS,K series,68.52,0.64023,68.77,0.1,38.08,,,,Hematite,No,12/18/24 23:25
Total,,,,,101.83,,100,,,,,,
,,,,,,,,,,,,,
,,,,,,,,,,,,,
LRa01_grain_35,,,,,,,,,,,,,
Element,Signal Type,Line,Apparent Concentration,k Ratio,Wt%,Wt% Sigma,Atomic %,Oxide %,Oxide % Sigma,Number of Ions,Standard Name,Factory Standard,Standardization Date
O,EDS,K series,28.18,0.16016,30.81,0.08,60,,,,Hematite,No,12/18/24 23:25
Si,EDS,K series,0.16,0.00083,0.17,0.01,0.19,,,,Forsterite,No,12/9/24 20:00
Ti,EDS,K series,0.1,0.00093,0.09,0.01,0.06,,,,TiO2,No,12/9/24 20:22
Fe,EDS,K series,71.22,0.66542,71.24,0.1,39.75,,,,Hematite,No,12/18/24 23:25
Total,,,,,102.32,,100,,,,,,
,,,,,,,,,,,,,
,,,,,,,,,,,,,
LRa01_grain_36,,,,,,,,,,,,,
Element,Signal Type,Line,Apparent Concentration,k Ratio,Wt%,Wt% Sigma,Atomic %,Oxide %,Oxide % Sigma,Number of Ions,Standard Name,Factory Standard,Standardization Date
O,EDS,K series,26.06,0.14809,31.39,0.08,60.23,,,,Hematite,No,12/18/24 23:25
Al,EDS,K series,0.5,0.00281,0.78,0.02,0.89,,,,Nepheline,No,12/9/24 21:18
Si,EDS,K series,2.03,0.01052,2.12,0.02,2.32,,,,Forsterite,No,12/9/24 20:00
P,EDS,K series,0.05,0.00037,0.06,0.01,0.06,,,,Chlorapatite,No,12/9/24 20:13
K,EDS,K series,0.06,0.00049,0.05,0.01,0.04,,,,Orthoclase,No,12/9/24 20:17
Ca,EDS,K series,0.2,0.00173,0.18,0.01,0.14,,,,Diopside,No,12/9/24 20:18
Ti,EDS,K series,0.86,0.00791,0.81,0.02,0.52,,,,TiO2,No,12/9/24 20:22
V,EDS,K series,0.15,0.00154,0.15,0.02,0.09,,,,V,Yes,
Mn,EDS,K series,0.29,0.00276,0.31,0.02,0.17,,,,MnO,No,12/9/24 20:20
Fe,EDS,K series,64.03,0.59827,64.65,0.1,35.54,,,,Hematite,No,12/18/24 23:25
Total,,,,,100.49,,100,,,,,,
,,,,,,,,,,,,,
,,,,,,,,,,,,,
LRa01_grain_37,,,,,,,,,,,,,
Element,Signal Type,Line,Apparent Concentration,k Ratio,Wt%,Wt% Sigma,Atomic %,Oxide %,Oxide % Sigma,Number of Ions,Standard Name,Factory Standard,Standardization Date
O,EDS,K series,24.78,0.14085,32.45,0.09,60.92,,,,Hematite,No,12/18/24 23:25
Al,EDS,K series,0.12,0.00065,0.18,0.02,0.2,,,,Nepheline,No,12/9/24 21:18
Si,EDS,K series,0.34,0.00176,0.36,0.01,0.38,,,,Forsterite,No,12/9/24 20:00
Ca,EDS,K series,0.07,0.00062,0.06,0.01,0.05,,,,Diopside,No,12/9/24 20:18
Ti,EDS,K series,3.56,0.03276,3.33,0.02,2.09,,,,TiO2,No,12/9/24 20:22
V,EDS,K series,0.12,0.00117,0.12,0.02,0.07,,,,V,Yes,
Cr,EDS,K series,0.91,0.00908,0.83,0.02,0.48,,,,Cr Metal,No,12/9/24 20:08
Fe,EDS,K series,65.85,0.61527,66.59,0.1,35.82,,,,Hematite,No,12/18/24 23:25
Total,,,,,103.91,,100,,,,,,
,,,,,,,,,,,,,
LRa01_grain_38,,,,,,,,,,,,,
Element,Signal Type,Line,Apparent Concentration,k Ratio,Wt%,Wt% Sigma,Atomic %,Oxide %,Oxide % Sigma,Number of Ions,Standard Name,Factory Standard,Standardization Date
O,EDS,K series,19.95,0.11339,36.46,0.11,63.4,,,,Hematite,No,12/18/24 23:25
Al,EDS,K series,0.4,0.00226,0.61,0.02,0.63,,,,Nepheline,No,12/9/24 21:18
Si,EDS,K series,0.11,0.00057,0.11,0.01,0.11,,,,Forsterite,No,12/9/24 20:00
Cl,EDS,K series,0.04,0.00031,0.04,0.01,0.03,,,,NaCl,Yes,
K,EDS,K series,0.04,0.00035,0.04,0.01,0.03,,,,Orthoclase,No,12/9/24 20:17
Ca,EDS,K series,0.05,0.00041,0.04,0.01,0.03,,,,Diopside,No,12/9/24 20:18
Ti,EDS,K series,11.51,0.1059,10.95,0.04,6.36,,,,TiO2,No,12/9/24 20:22
V,EDS,K series,0.3,0.00297,0.3,0.02,0.16,,,,V,Yes,
Mn,EDS,K series,0.34,0.00323,0.37,0.02,0.18,,,,MnO,No,12/9/24 20:20
Fe,EDS,K series,56.72,0.52994,58.36,0.1,29.07,,,,Hematite,No,12/18/24 23:25
Total,,,,,107.28,,100,,,,,,
,,,,,,,,,,,,,
,,,,,,,,,,,,,
LRa01_grain_39,,,,,,,,,,,,,
Element,Signal Type,Line,Apparent Concentration,k Ratio,Wt%,Wt% Sigma,Atomic %,Oxide %,Oxide % Sigma,Number of Ions,Standard Name,Factory Standard,Standardization Date
O,EDS,K series,28.73,0.1633,32.76,0.08,61.54,,,,Hematite,No,12/18/24 23:25
Al,EDS,K series,0.46,0.00258,0.72,0.02,0.81,,,,Nepheline,No,12/9/24 21:18
Si,EDS,K series,0.59,0.00308,0.63,0.02,0.67,,,,Forsterite,No,12/9/24 20:00
P,EDS,K series,0.08,0.00063,0.11,0.01,0.1,,,,Chlorapatite,No,12/9/24 20:13
S,EDS,K series,0.32,0.00237,0.33,0.01,0.31,,,,Pentlandite,No,12/9/24 20:09
K,EDS,K series,0.04,0.00032,0.04,0.01,0.03,,,,Orthoclase,No,12/9/24 20:17
Ca,EDS,K series,0.37,0.00313,0.32,0.01,0.24,,,,Diopside,No,12/9/24 20:18
Ti,EDS,K series,0.09,0.00087,0.09,0.01,0.06,,,,TiO2,No,12/9/24 20:22
V,EDS,K series,0.14,0.00137,0.13,0.01,0.08,,,,V,Yes,
Fe,EDS,K series,66.67,0.62291,67.22,0.1,36.17,,,,Hematite,No,12/18/24 23:25
Total,,,,,102.33,,100,,,,,,
,,,,,,,,,,,,,
LRa01_grain_40,,,,,,,,,,,,,
Element,Signal Type,Line,Apparent Concentration,k Ratio,Wt%,Wt% Sigma,Atomic %,Oxide %,Oxide % Sigma,Number of Ions,Standard Name,Factory Standard,Standardization Date
O,EDS,K series,29.78,0.16924,36.73,0.09,63.11,,,,Hematite,No,12/18/24 23:25
Mg,EDS,K series,0.6,0.0035,1.33,0.02,1.5,,,,Forsterite,No,12/9/24 20:00
Al,EDS,K series,1,0.00564,1.54,0.02,1.57,,,,Nepheline,No,12/9/24 21:18
Si,EDS,K series,2.39,0.01241,2.49,0.02,2.44,,,,Forsterite,No,12/9/24 20:00
K,EDS,K series,0.09,0.00071,0.08,0.01,0.06,,,,Orthoclase,No,12/9/24 20:17
Ca,EDS,K series,0.1,0.00082,0.08,0.01,0.06,,,,Diopside,No,12/9/24 20:18
Ti,EDS,K series,1.61,0.01484,1.54,0.02,0.88,,,,TiO2,No,12/9/24 20:22
V,EDS,K series,0.08,0.00082,0.08,0.02,0.04,,,,V,Yes,
Mn,EDS,K series,0.25,0.00235,0.26,0.02,0.13,,,,MnO,No,12/9/24 20:20
Fe,EDS,K series,60.08,0.56135,61.4,0.1,30.22,,,,Hematite,No,12/18/24 23:25
Total,,,,,105.53,,100,,,,,,
,,,,,,,,,,,,,
LRa01_grain_41,,,,,,,,,,,,,
Element,Signal Type,Line,Apparent Concentration,k Ratio,Wt%,Wt% Sigma,Atomic %,Oxide %,Oxide % Sigma,Number of Ions,Standard Name,Factory Standard,Standardization Date
O,EDS,K series,28.31,0.16088,32.43,0.08,61.11,,,,Hematite,No,12/18/24 23:25
Al,EDS,K series,0.47,0.00264,0.73,0.02,0.82,,,,Nepheline,No,12/9/24 21:18
Si,EDS,K series,1.67,0.00866,1.75,0.02,1.88,,,,Forsterite,No,12/9/24 20:00
P,EDS,K series,0.08,0.00067,0.11,0.01,0.11,,,,Chlorapatite,No,12/9/24 20:13
Ca,EDS,K series,0.24,0.00206,0.21,0.01,0.16,,,,Diopside,No,12/9/24 20:18
Ti,EDS,K series,0.12,0.00113,0.11,0.01,0.07,,,,TiO2,No,12/9/24 20:22
V,EDS,K series,0.16,0.00157,0.15,0.01,0.09,,,,V,Yes,
Mn,EDS,K series,0.81,0.00762,0.84,0.02,0.46,,,,MnO,No,12/9/24 20:20
Fe,EDS,K series,64.8,0.60546,65.38,0.1,35.3,,,,Hematite,No,12/18/24 23:25
Total,,,,,101.73,,100,,,,,,
,,,,,,,,,,,,,
LRa01_grain_42,,,,,,,,,,,,,
Element,Signal Type,Line,Apparent Concentration,k Ratio,Wt%,Wt% Sigma,Atomic %,Oxide %,Oxide % Sigma,Number of Ions,Standard Name,Factory Standard,Standardization Date
O,EDS,K series,27.41,0.15579,30.71,0.08,59.63,,,,Hematite,No,12/18/24 23:25
Al,EDS,K series,0.11,0.00063,0.18,0.02,0.21,,,,Nepheline,No,12/9/24 21:18
Si,EDS,K series,0.26,0.00137,0.28,0.01,0.31,,,,Forsterite,No,12/9/24 20:00
K,EDS,K series,0.08,0.00061,0.07,0.01,0.05,,,,Orthoclase,No,12/9/24 20:17
Ti,EDS,K series,0.42,0.00384,0.39,0.01,0.25,,,,TiO2,No,12/9/24 20:22
Fe,EDS,K series,71.04,0.6638,71.11,0.1,39.55,,,,Hematite,No,12/18/24 23:25
Total,,,,,102.74,,100,,,,,,
,,,,,,,,,,,,,
,,,,,,,,,,,,,
LRa01_grain_43,,,,,,,,,,,,,
Element,Signal Type,Line,Apparent Concentration,k Ratio,Wt%,Wt% Sigma,Atomic %,Oxide %,Oxide % Sigma,Number of Ions,Standard Name,Factory Standard,Standardization Date
O,EDS,K series,23.51,0.13359,28.24,0.08,57.53,,,,Hematite,No,12/18/24 23:25
Al,EDS,K series,0.44,0.00251,0.71,0.02,0.85,,,,Nepheline,No,12/9/24 21:18
Si,EDS,K series,1.46,0.00759,1.55,0.02,1.8,,,,Forsterite,No,12/9/24 20:00
K,EDS,K series,0.25,0.00197,0.22,0.01,0.18,,,,Orthoclase,No,12/9/24 20:17
Ca,EDS,K series,0.08,0.00066,0.07,0.01,0.05,,,,Diopside,No,12/9/24 20:18
Ti,EDS,K series,0.77,0.00713,0.72,0.02,0.49,,,,TiO2,No,12/9/24 20:22
V,EDS,K series,0.09,0.00086,0.08,0.01,0.05,,,,V,Yes,
Mn,EDS,K series,0.18,0.00169,0.19,0.02,0.11,,,,MnO,No,12/9/24 20:20
Fe,EDS,K series,66.53,0.62163,66.71,0.1,38.93,,,,Hematite,No,12/18/24 23:25
Total,,,,,98.48,,100,,,,,,
,,,,,,,,,,,,,
LRa01_grain_44,,,,,,,,,,,,,
Element,Signal Type,Line,Apparent Concentration,k Ratio,Wt%,Wt% Sigma,Atomic %,Oxide %,Oxide % Sigma,Number of Ions,Standard Name,Factory Standard,Standardization Date
O,EDS,K series,27.61,0.15689,30.2,0.07,59.32,,,,Hematite,No,12/18/24 23:25
Al,EDS,K series,0.04,0.00021,0.06,0.01,0.07,,,,Nepheline,No,12/9/24 21:18
Si,EDS,K series,0.17,0.0009,0.18,0.01,0.21,,,,Forsterite,No,12/9/24 20:00
K,EDS,K series,0.04,0.00033,0.04,0.01,0.03,,,,Orthoclase,No,12/9/24 20:17
Fe,EDS,K series,71.8,0.6709,71.74,0.1,40.37,,,,Hematite,No,12/18/24 23:25
Total,,,,,102.22,,100,,,,,,
,,,,,,,,,,,,,
,,,,,,,,,,,,,
LRa01_grain_45,,,,,,,,,,,,,
Element,Signal Type,Line,Apparent Concentration,k Ratio,Wt%,Wt% Sigma,Atomic %,Oxide %,Oxide % Sigma,Number of Ions,Standard Name,Factory Standard,Standardization Date
O,EDS,K series,27.37,0.15555,30.22,0.08,59.2,,,,Hematite,No,12/18/24 23:25
Al,EDS,K series,0.05,0.00027,0.08,0.02,0.09,,,,Nepheline,No,12/9/24 21:18
Si,EDS,K series,0.08,0.00044,0.09,0.01,0.1,,,,Forsterite,No,12/9/24 20:00
V,EDS,K series,0.19,0.0019,0.18,0.01,0.11,,,,V,Yes,
Fe,EDS,K series,72.23,0.67487,72.15,0.1,40.5,,,,Hematite,No,12/18/24 23:25
Total,,,,,102.72,,100,,,,,,
,,,,,,,,,,,,,
LRa01_grain_46,,,,,,,,,,,,,
Element,Signal Type,Line,Apparent Concentration,k Ratio,Wt%,Wt% Sigma,Atomic %,Oxide %,Oxide % Sigma,Number of Ions,Standard Name,Factory Standard,Standardization Date
O,EDS,K series,26.69,0.1517,31.2,0.08,60.19,,,,Hematite,No,12/18/24 23:25
Al,EDS,K series,0.25,0.0014,0.4,0.02,0.46,,,,Nepheline,No,12/9/24 21:18
Si,EDS,K series,0.05,0.00024,0.05,0.01,0.05,,,,Forsterite,No,12/9/24 20:00
Cl,EDS,K series,0.32,0.00276,0.35,0.01,0.31,,,,NaCl,Yes,
Ti,EDS,K series,1.02,0.00943,0.95,0.02,0.61,,,,TiO2,No,12/9/24 20:22
V,EDS,K series,0.13,0.00128,0.12,0.02,0.08,,,,V,Yes,
Fe,EDS,K series,69.03,0.64496,69.29,0.1,38.3,,,,Hematite,No,12/18/24 23:25
Total,,,,,102.36,,100,,,,,,
,,,,,,,,,,,,,
,,,,,,,,,,,,,
LRa01_grain_47,,,,,,,,,,,,,
Element,Signal Type,Line,Apparent Concentration,k Ratio,Wt%,Wt% Sigma,Atomic %,Oxide %,Oxide % Sigma,Number of Ions,Standard Name,Factory Standard,Standardization Date
O,EDS,K series,32.57,0.18513,37.44,0.09,64.19,,,,Hematite,No,12/18/24 23:25
Al,EDS,K series,0.65,0.00366,1.01,0.02,1.03,,,,Nepheline,No,12/9/24 21:18
Si,EDS,K series,1.58,0.00819,1.65,0.02,1.61,,,,Forsterite,No,12/9/24 20:00
K,EDS,K series,0.05,0.00041,0.05,0.01,0.03,,,,Orthoclase,No,12/9/24 20:17
Ca,EDS,K series,0.09,0.00075,0.08,0.01,0.05,,,,Diopside,No,12/9/24 20:18
Ti,EDS,K series,0.77,0.00709,0.73,0.02,0.42,,,,TiO2,No,12/9/24 20:22
V,EDS,K series,0.09,0.00091,0.09,0.02,0.05,,,,V,Yes,
Mn,EDS,K series,0.16,0.00147,0.16,0.02,0.08,,,,MnO,No,12/9/24 20:20
Fe,EDS,K series,65.2,0.60925,66.26,0.1,32.55,,,,Hematite,No,12/18/24 23:25
Total,,,,,107.45,,100,,,,,,
,,,,,,,,,,,,,
LRa01_grain_48,,,,,,,,,,,,,
Element,Signal Type,Line,Apparent Concentration,k Ratio,Wt%,Wt% Sigma,Atomic %,Oxide %,Oxide % Sigma,Number of Ions,Standard Name,Factory Standard,Standardization Date
O,EDS,K series,30.56,0.17365,33.37,0.08,61.94,,,,Hematite,No,12/18/24 23:25
Al,EDS,K series,0.06,0.00035,0.1,0.02,0.11,,,,Nepheline,No,12/9/24 21:18
Si,EDS,K series,0.54,0.00282,0.57,0.02,0.61,,,,Forsterite,No,12/9/24 20:00
S,EDS,K series,0.11,0.00078,0.11,0.01,0.1,,,,Pentlandite,No,12/9/24 20:09
V,EDS,K series,0.09,0.00094,0.09,0.01,0.05,,,,V,Yes,
Fe,EDS,K series,69.55,0.6499,69.95,0.1,37.19,,,,Hematite,No,12/18/24 23:25
Total,,,,,104.19,,100,,,,,,
,,,,,,,,,,,,,
,,,,,,,,,,,,,
LRa01_grain_49,,,,,,,,,,,,,
Element,Signal Type,Line,Apparent Concentration,k Ratio,Wt%,Wt% Sigma,Atomic %,Oxide %,Oxide % Sigma,Number of Ions,Standard Name,Factory Standard,Standardization Date
O,EDS,K series,23.83,0.13545,32.45,0.09,60.46,,,,Hematite,No,12/18/24 23:25
Mg,EDS,K series,0.37,0.00212,0.84,0.02,1.03,,,,Forsterite,No,12/9/24 20:00
Al,EDS,K series,0.13,0.00071,0.2,0.02,0.22,,,,Nepheline,No,12/9/24 21:18
Si,EDS,K series,0.06,0.00032,0.06,0.01,0.07,,,,Forsterite,No,12/9/24 20:00
Ti,EDS,K series,4.48,0.04119,4.19,0.02,2.61,,,,TiO2,No,12/9/24 20:22
V,EDS,K series,0.09,0.00093,0.09,0.02,0.05,,,,V,Yes,
Mn,EDS,K series,0.32,0.00307,0.34,0.02,0.18,,,,MnO,No,12/9/24 20:20
Fe,EDS,K series,65.53,0.6123,66.26,0.1,35.37,,,,Hematite,No,12/18/24 23:25
Total,,,,,104.44,,100,,,,,,
,,,,,,,,,,,,,
,,,,,,,,,,,,,
LRa01_grain_50,,,,,,,,,,,,,
Element,Signal Type,Line,Apparent Concentration,k Ratio,Wt%,Wt% Sigma,Atomic %,Oxide %,Oxide % Sigma,Number of Ions,Standard Name,Factory Standard,Standardization Date
O,EDS,K series,10.88,0.06181,41.07,0.17,66.53,,,,Hematite,No,12/18/24 23:25
Si,EDS,K series,0.06,0.00032,0.06,0.01,0.05,,,,Forsterite,No,12/9/24 20:00
Ti,EDS,K series,35.87,0.32996,35.2,0.06,19.05,,,,TiO2,No,12/9/24 20:22
Mn,EDS,K series,1.86,0.01763,2.11,0.03,0.99,,,,MnO,No,12/9/24 20:20
Fe,EDS,K series,26.71,0.24954,28.84,0.07,13.38,,,,Hematite,No,12/18/24 23:25
Total,,,,,107.28,,100,,,,,,
,,,,,,,,,,,,,
LRa01_grain_51,,,,,,,,,,,,,
Element,Signal Type,Line,Apparent Concentration,k Ratio,Wt%,Wt% Sigma,Atomic %,Oxide %,Oxide % Sigma,Number of Ions,Standard Name,Factory Standard,Standardization Date
O,EDS,K series,26.88,0.15275,31.05,0.08,59.83,,,,Hematite,No,12/18/24 23:25
Al,EDS,K series,0.09,0.0005,0.14,0.02,0.16,,,,Nepheline,No,12/9/24 21:18
Si,EDS,K series,0.43,0.00224,0.46,0.01,0.5,,,,Forsterite,No,12/9/24 20:00
Cl,EDS,K series,0.03,0.00027,0.03,0.01,0.03,,,,NaCl,Yes,
Ca,EDS,K series,0.06,0.0005,0.05,0.01,0.04,,,,Diopside,No,12/9/24 20:18
Ti,EDS,K series,0.86,0.00791,0.8,0.02,0.51,,,,TiO2,No,12/9/24 20:22
V,EDS,K series,0.1,0.00102,0.1,0.02,0.06,,,,V,Yes,
Fe,EDS,K series,70.21,0.65599,70.4,0.1,38.86,,,,Hematite,No,12/18/24 23:25
Total,,,,,103.03,,100,,,,,,
,,,,,,,,,,,,,
,,,,,,,,,,,,,
LRa01_grain_52,,,,,,,,,,,,,
Element,Signal Type,Line,Apparent Concentration,k Ratio,Wt%,Wt% Sigma,Atomic %,Oxide %,Oxide % Sigma,Number of Ions,Standard Name,Factory Standard,Standardization Date
O,EDS,K series,25.7,0.14605,29.88,0.08,59.07,,,,Hematite,No,12/18/24 23:25
Al,EDS,K series,0.5,0.00282,0.79,0.02,0.93,,,,Nepheline,No,12/9/24 21:18
Si,EDS,K series,1.62,0.00841,1.71,0.02,1.93,,,,Forsterite,No,12/9/24 20:00
K,EDS,K series,0.11,0.00088,0.1,0.01,0.08,,,,Orthoclase,No,12/9/24 20:17
Ca,EDS,K series,0.09,0.00076,0.08,0.01,0.06,,,,Diopside,No,12/9/24 20:18
Ti,EDS,K series,0.3,0.00277,0.28,0.01,0.19,,,,TiO2,No,12/9/24 20:22
V,EDS,K series,0.12,0.00118,0.12,0.01,0.07,,,,V,Yes,
Fe,EDS,K series,66.2,0.61853,66.54,0.1,37.68,,,,Hematite,No,12/18/24 23:25
Total,,,,,99.49,,100,,,,,,
,,,,,,,,,,,,,
,,,,,,,,,,,,,
LRa01_grain_53,,,,,,,,,,,,,
Element,Signal Type,Line,Apparent Concentration,k Ratio,Wt%,Wt% Sigma,Atomic %,Oxide %,Oxide % Sigma,Number of Ions,Standard Name,Factory Standard,Standardization Date
O,EDS,K series,27.84,0.15821,30.37,0.07,59.36,,,,Hematite,No,12/18/24 23:25
Si,EDS,K series,0.14,0.00075,0.15,0.01,0.17,,,,Forsterite,No,12/9/24 20:00
Fe,EDS,K series,72.36,0.67607,72.28,0.11,40.47,,,,Hematite,No,12/18/24 23:25
Total,,,,,102.8,,100,,,,,,
,,,,,,,,,,,,,
,,,,,,,,,,,,,
LRa01_grain_54,,,,,,,,,,,,,
Element,Signal Type,Line,Apparent Concentration,k Ratio,Wt%,Wt% Sigma,Atomic %,Oxide %,Oxide % Sigma,Number of Ions,Standard Name,Factory Standard,Standardization Date
O,EDS,K series,36.24,0.20597,42.58,0.09,66.17,,,,Hematite,No,12/18/24 23:25
Al,EDS,K series,0.91,0.00514,1.39,0.02,1.28,,,,Nepheline,No,12/9/24 21:18
Si,EDS,K series,2.41,0.01248,2.48,0.02,2.19,,,,Forsterite,No,12/9/24 20:00
K,EDS,K series,0.58,0.00463,0.51,0.01,0.33,,,,Orthoclase,No,12/9/24 20:17
Ca,EDS,K series,0.09,0.00075,0.08,0.01,0.05,,,,Diopside,No,12/9/24 20:18
Ti,EDS,K series,0.9,0.00826,0.86,0.02,0.44,,,,TiO2,No,12/9/24 20:22
V,EDS,K series,0.08,0.0008,0.08,0.02,0.04,,,,V,Yes,
Mn,EDS,K series,0.17,0.00157,0.18,0.02,0.08,,,,MnO,No,12/9/24 20:20
Fe,EDS,K series,64.54,0.60302,66.09,0.1,29.42,,,,Hematite,No,12/18/24 23:25
Total,,,,,114.24,,100,,,,,,
,,,,,,,,,,,,,
LRa01_grain_55,,,,,,,,,,,,,
Element,Signal Type,Line,Apparent Concentration,k Ratio,Wt%,Wt% Sigma,Atomic %,Oxide %,Oxide % Sigma,Number of Ions,Standard Name,Factory Standard,Standardization Date
O,EDS,K series,27.19,0.15453,31.67,0.08,60.25,,,,Hematite,No,12/18/24 23:25
Al,EDS,K series,0.37,0.0021,0.59,0.02,0.67,,,,Nepheline,No,12/9/24 21:18
Si,EDS,K series,0.97,0.00501,1.02,0.02,1.1,,,,Forsterite,No,12/9/24 20:00
Ca,EDS,K series,0.1,0.00085,0.09,0.01,0.07,,,,Diopside,No,12/9/24 20:18
Ti,EDS,K series,0.7,0.00645,0.65,0.02,0.41,,,,TiO2,No,12/9/24 20:22
V,EDS,K series,0.2,0.00196,0.19,0.02,0.11,,,,V,Yes,
Mn,EDS,K series,0.17,0.00157,0.17,0.02,0.1,,,,MnO,No,12/9/24 20:20
Fe,EDS,K series,68.05,0.63582,68.44,0.1,37.29,,,,Hematite,No,12/18/24 23:25
Total,,,,,102.82,,100,,,,,,
,,,,,,,,,,,,,
,,,,,,,,,,,,,
LRa01_grain_56,,,,,,,,,,,,,
Element,Signal Type,Line,Apparent Concentration,k Ratio,Wt%,Wt% Sigma,Atomic %,Oxide %,Oxide % Sigma,Number of Ions,Standard Name,Factory Standard,Standardization Date
O,EDS,K series,24.98,0.14197,31.9,0.08,61.16,,,,Hematite,No,12/18/24 23:25
Al,EDS,K series,0.35,0.00198,0.55,0.02,0.63,,,,Nepheline,No,12/9/24 21:18
Si,EDS,K series,1.3,0.00672,1.35,0.02,1.48,,,,Forsterite,No,12/9/24 20:00
Cl,EDS,K series,0.06,0.0005,0.06,0.01,0.06,,,,NaCl,Yes,
K,EDS,K series,0.09,0.00069,0.08,0.01,0.06,,,,Orthoclase,No,12/9/24 20:17
Ca,EDS,K series,0.21,0.00179,0.18,0.01,0.14,,,,Diopside,No,12/9/24 20:18
Ti,EDS,K series,2.53,0.0233,2.38,0.02,1.52,,,,TiO2,No,12/9/24 20:22
Mn,EDS,K series,0.37,0.00346,0.38,0.02,0.21,,,,MnO,No,12/9/24 20:20
Fe,EDS,K series,62.52,0.58419,63.27,0.1,34.75,,,,Hematite,No,12/18/24 23:25
Total,,,,,100.16,,100,,,,,,
,,,,,,,,,,,,,
LRa01_grain_57,,,,,,,,,,,,,
Element,Signal Type,Line,Apparent Concentration,k Ratio,Wt%,Wt% Sigma,Atomic %,Oxide %,Oxide % Sigma,Number of Ions,Standard Name,Factory Standard,Standardization Date
O,EDS,K series,19.96,0.11346,33.69,0.1,61.27,,,,Hematite,No,12/18/24 23:25
Mg,EDS,K series,0.4,0.00234,0.9,0.02,1.08,,,,Forsterite,No,12/9/24 20:00
Al,EDS,K series,0.37,0.00207,0.57,0.02,0.61,,,,Nepheline,No,12/9/24 21:18
Si,EDS,K series,0.23,0.0012,0.24,0.01,0.25,,,,Forsterite,No,12/9/24 20:00
Ca,EDS,K series,0.06,0.00048,0.05,0.01,0.03,,,,Diopside,No,12/9/24 20:18
Ti,EDS,K series,8.85,0.0814,8.38,0.03,5.09,,,,TiO2,No,12/9/24 20:22
V,EDS,K series,0.46,0.00464,0.47,0.02,0.27,,,,V,Yes,
Mn,EDS,K series,0.78,0.00737,0.83,0.02,0.44,,,,MnO,No,12/9/24 20:20
Fe,EDS,K series,58.13,0.54313,59.45,0.1,30.97,,,,Hematite,No,12/18/24 23:25
Total,,,,,104.56,,100,,,,,,
,,,,,,,,,,,,,
LRa01_grain_58,,,,,,,,,,,,,
Element,Signal Type,Line,Apparent Concentration,k Ratio,Wt%,Wt% Sigma,Atomic %,Oxide %,Oxide % Sigma,Number of Ions,Standard Name,Factory Standard,Standardization Date
O,EDS,K series,27.05,0.15375,32.31,0.08,60.81,,,,Hematite,No,12/18/24 23:25
Al,EDS,K series,0.32,0.00179,0.5,0.02,0.56,,,,Nepheline,No,12/9/24 21:18
Si,EDS,K series,1.24,0.00642,1.3,0.02,1.39,,,,Forsterite,No,12/9/24 20:00
K,EDS,K series,0.04,0.00033,0.04,0.01,0.03,,,,Orthoclase,No,12/9/24 20:17
Ca,EDS,K series,0.07,0.00062,0.06,0.01,0.05,,,,Diopside,No,12/9/24 20:18
Ti,EDS,K series,1.32,0.01217,1.23,0.02,0.78,,,,TiO2,No,12/9/24 20:22
V,EDS,K series,0.07,0.00074,0.07,0.02,0.04,,,,V,Yes,
Mn,EDS,K series,0.22,0.00209,0.23,0.02,0.13,,,,MnO,No,12/9/24 20:20
Fe,EDS,K series,66.61,0.62243,67.16,0.1,36.21,,,,Hematite,No,12/18/24 23:25
Total,,,,,102.91,,100,,,,,,
,,,,,,,,,,,,,
,,,,,,,,,,,,,
LRa01_grain_59,,,,,,,,,,,,,
Element,Signal Type,Line,Apparent Concentration,k Ratio,Wt%,Wt% Sigma,Atomic %,Oxide %,Oxide % Sigma,Number of Ions,Standard Name,Factory Standard,Standardization Date
O,EDS,K series,27.74,0.15764,31.4,0.08,60.07,,,,Hematite,No,12/18/24 23:25
Al,EDS,K series,0.17,0.00095,0.27,0.02,0.31,,,,Nepheline,No,12/9/24 21:18
Si,EDS,K series,0.55,0.00284,0.58,0.02,0.63,,,,Forsterite,No,12/9/24 20:00
Ca,EDS,K series,0.11,0.00091,0.09,0.01,0.07,,,,Diopside,No,12/9/24 20:18
Ti,EDS,K series,0.43,0.00398,0.4,0.02,0.26,,,,TiO2,No,12/9/24 20:22
V,EDS,K series,0.09,0.00088,0.09,0.01,0.05,,,,V,Yes,
Mn,EDS,K series,0.18,0.00174,0.19,0.02,0.11,,,,MnO,No,12/9/24 20:20
Fe,EDS,K series,70.07,0.65467,70.28,0.1,38.51,,,,Hematite,No,12/18/24 23:25
Total,,,,,103.3,,100,,,,,,
,,,,,,,,,,,,,
,,,,,,,,,,,,,
LRa01_grain_60,,,,,,,,,,,,,
Element,Signal Type,Line,Apparent Concentration,k Ratio,Wt%,Wt% Sigma,Atomic %,Oxide %,Oxide % Sigma,Number of Ions,Standard Name,Factory Standard,Standardization Date
O,EDS,K series,28.65,0.16282,31.29,0.08,60.06,,,,Hematite,No,12/18/24 23:25
Si,EDS,K series,0.23,0.00122,0.25,0.01,0.27,,,,Forsterite,No,12/9/24 20:00
Ti,EDS,K series,0.07,0.00063,0.06,0.01,0.04,,,,TiO2,No,12/9/24 20:22
Fe,EDS,K series,72,0.67273,72.04,0.1,39.62,,,,Hematite,No,12/18/24 23:25
Total,,,,,103.64,,100,,,,,,
,,,,,,,,,,,,,
LRa01_grain_61,,,,,,,,,,,,,
Element,Signal Type,Line,Apparent Concentration,k Ratio,Wt%,Wt% Sigma,Atomic %,Oxide %,Oxide % Sigma,Number of Ions,Standard Name,Factory Standard,Standardization Date
O,EDS,K series,27.66,0.1572,32.4,0.08,61.05,,,,Hematite,No,12/18/24 23:25
Al,EDS,K series,0.48,0.00272,0.76,0.02,0.85,,,,Nepheline,No,12/9/24 21:18
Si,EDS,K series,1.31,0.0068,1.38,0.02,1.48,,,,Forsterite,No,12/9/24 20:00
K,EDS,K series,0.06,0.00046,0.05,0.01,0.04,,,,Orthoclase,No,12/9/24 20:17
Ca,EDS,K series,0.06,0.00054,0.06,0.01,0.04,,,,Diopside,No,12/9/24 20:18
Ti,EDS,K series,0.89,0.00815,0.83,0.02,0.52,,,,TiO2,No,12/9/24 20:22
V,EDS,K series,0.07,0.00075,0.07,0.01,0.04,,,,V,Yes,
Mn,EDS,K series,0.21,0.00196,0.22,0.02,0.12,,,,MnO,No,12/9/24 20:20
Fe,EDS,K series,65.87,0.61547,66.45,0.1,35.86,,,,Hematite,No,12/18/24 23:25
Total,,,,,102.21,,100,,,,,,
,,,,,,,,,,,,,
,,,,,,,,,,,,,
LRa01_grain_62,,,,,,,,,,,,,
Element,Signal Type,Line,Apparent Concentration,k Ratio,Wt%,Wt% Sigma,Atomic %,Oxide %,Oxide % Sigma,Number of Ions,Standard Name,Factory Standard,Standardization Date
O,EDS,K series,28.52,0.16209,31.29,0.08,60.14,,,,Hematite,No,12/18/24 23:25
Al,EDS,K series,0.05,0.00028,0.08,0.02,0.09,,,,Nepheline,No,12/9/24 21:18
Si,EDS,K series,0.56,0.00288,0.59,0.02,0.64,,,,Forsterite,No,12/9/24 20:00
Ti,EDS,K series,0.06,0.00053,0.05,0.01,0.03,,,,TiO2,No,12/9/24 20:22
Fe,EDS,K series,70.87,0.66223,71,0.1,39.09,,,,Hematite,No,12/18/24 23:25
Total,,,,,103.01,,100,,,,,,
,,,,,,,,,,,,,
LRa01_grain_63,,,,,,,,,,,,,
Element,Signal Type,Line,Apparent Concentration,k Ratio,Wt%,Wt% Sigma,Atomic %,Oxide %,Oxide % Sigma,Number of Ions,Standard Name,Factory Standard,Standardization Date
O,EDS,K series,26.19,0.14882,30.84,0.08,59.61,,,,Hematite,No,12/18/24 23:25
Ti,EDS,K series,1.61,0.01477,1.48,0.02,0.96,,,,TiO2,No,12/9/24 20:22
Fe,EDS,K series,71.07,0.66404,71.2,0.1,39.43,,,,Hematite,No,12/18/24 23:25
Total,,,,,103.52,,100,,,,,,
,,,,,,,,,,,,,
,,,,,,,,,,,,,
LRa01_grain_64,,,,,,,,,,,,,
Element,Signal Type,Line,Apparent Concentration,k Ratio,Wt%,Wt% Sigma,Atomic %,Oxide %,Oxide % Sigma,Number of Ions,Standard Name,Factory Standard,Standardization Date
O,EDS,K series,26.75,0.15201,31.57,0.08,60.4,,,,Hematite,No,12/18/24 23:25
Al,EDS,K series,0.31,0.00175,0.49,0.02,0.56,,,,Nepheline,No,12/9/24 21:18
Si,EDS,K series,1.24,0.00645,1.31,0.02,1.42,,,,Forsterite,No,12/9/24 20:00
Ca,EDS,K series,0.18,0.00153,0.16,0.01,0.12,,,,Diopside,No,12/9/24 20:18
Ti,EDS,K series,0.88,0.00807,0.82,0.02,0.52,,,,TiO2,No,12/9/24 20:22
V,EDS,K series,0.16,0.00163,0.16,0.02,0.1,,,,V,Yes,
Mn,EDS,K series,0.79,0.00744,0.82,0.02,0.46,,,,MnO,No,12/9/24 20:20
Fe,EDS,K series,66,0.61669,66.46,0.1,36.42,,,,Hematite,No,12/18/24 23:25
Total,,,,,101.78,,100,,,,,,
,,,,,,,,,,,,,
LRa01_grain_65,,,,,,,,,,,,,
Element,Signal Type,Line,Apparent Concentration,k Ratio,Wt%,Wt% Sigma,Atomic %,Oxide %,Oxide % Sigma,Number of Ions,Standard Name,Factory Standard,Standardization Date
O,EDS,K series,27.79,0.15793,31.72,0.08,60.37,,,,Hematite,No,12/18/24 23:25
Al,EDS,K series,0.16,0.0009,0.26,0.02,0.29,,,,Nepheline,No,12/9/24 21:18
Si,EDS,K series,0.59,0.00308,0.63,0.02,0.68,,,,Forsterite,No,12/9/24 20:00
Ca,EDS,K series,0.12,0.00105,0.11,0.01,0.08,,,,Diopside,No,12/9/24 20:18
Ti,EDS,K series,0.62,0.00567,0.57,0.02,0.36,,,,TiO2,No,12/9/24 20:22
V,EDS,K series,0.08,0.00076,0.07,0.01,0.04,,,,V,Yes,
Mn,EDS,K series,0.39,0.00369,0.41,0.02,0.22,,,,MnO,No,12/9/24 20:20
Fe,EDS,K series,69.33,0.6478,69.61,0.1,37.95,,,,Hematite,No,12/18/24 23:25
Total,,,,,103.37,,100,,,,,,
,,,,,,,,,,,,,
,,,,,,,,,,,,,
LRa01_grain_66,,,,,,,,,,,,,
Element,Signal Type,Line,Apparent Concentration,k Ratio,Wt%,Wt% Sigma,Atomic %,Oxide %,Oxide % Sigma,Number of Ions,Standard Name,Factory Standard,Standardization Date
O,EDS,K series,22.42,0.12741,27.14,0.08,57.09,,,,Hematite,No,12/18/24 23:25
Al,EDS,K series,0.27,0.00156,0.44,0.02,0.55,,,,Nepheline,No,12/9/24 21:18
Si,EDS,K series,0.78,0.00404,0.83,0.02,0.99,,,,Forsterite,No,12/9/24 20:00
P,EDS,K series,0.04,0.00029,0.05,0.01,0.05,,,,Chlorapatite,No,12/9/24 20:13
K,EDS,K series,0.05,0.00043,0.05,0.01,0.04,,,,Orthoclase,No,12/9/24 20:17
Ca,EDS,K series,0.17,0.00146,0.15,0.01,0.12,,,,Diopside,No,12/9/24 20:18
Ti,EDS,K series,1.12,0.01031,1.04,0.02,0.73,,,,TiO2,No,12/9/24 20:22
V,EDS,K series,0.11,0.0011,0.11,0.02,0.07,,,,V,Yes,
Mn,EDS,K series,0.18,0.00174,0.19,0.02,0.12,,,,MnO,No,12/9/24 20:20
Fe,EDS,K series,66.76,0.62382,66.78,0.1,40.24,,,,Hematite,No,12/18/24 23:25
Total,,,,,96.77,,100,,,,,,
,,,,,,,,,,,,,
LRa01_grain_67,,,,,,,,,,,,,
Element,Signal Type,Line,Apparent Concentration,k Ratio,Wt%,Wt% Sigma,Atomic %,Oxide %,Oxide % Sigma,Number of Ions,Standard Name,Factory Standard,Standardization Date
O,EDS,K series,23.51,0.13362,28.76,0.08,58.3,,,,Hematite,No,12/18/24 23:25
Al,EDS,K series,0.56,0.00316,0.89,0.02,1.07,,,,Nepheline,No,12/9/24 21:18
Si,EDS,K series,1.42,0.00737,1.5,0.02,1.73,,,,Forsterite,No,12/9/24 20:00
K,EDS,K series,0.05,0.00043,0.05,0.01,0.04,,,,Orthoclase,No,12/9/24 20:17
Ca,EDS,K series,0.09,0.00076,0.08,0.01,0.06,,,,Diopside,No,12/9/24 20:18
Ti,EDS,K series,1.33,0.01226,1.24,0.02,0.84,,,,TiO2,No,12/9/24 20:22
V,EDS,K series,0.05,0.00053,0.05,0.02,0.03,,,,V,Yes,
Mn,EDS,K series,0.19,0.00179,0.2,0.02,0.12,,,,MnO,No,12/9/24 20:20
Fe,EDS,K series,64.78,0.60533,65.11,0.1,37.81,,,,Hematite,No,12/18/24 23:25
Total,,,,,97.87,,100,,,,,,
,,,,,,,,,,,,,
LRa01_grain_68,,,,,,,,,,,,,
Element,Signal Type,Line,Apparent Concentration,k Ratio,Wt%,Wt% Sigma,Atomic %,Oxide %,Oxide % Sigma,Number of Ions,Standard Name,Factory Standard,Standardization Date
O,EDS,K series,28.46,0.16174,31.2,0.08,60.17,,,,Hematite,No,12/18/24 23:25
Al,EDS,K series,0.03,0.00019,0.05,0.01,0.06,,,,Nepheline,No,12/9/24 21:18
Si,EDS,K series,0.3,0.00157,0.32,0.01,0.35,,,,Forsterite,No,12/9/24 20:00
Ti,EDS,K series,0.12,0.00115,0.11,0.01,0.07,,,,TiO2,No,12/9/24 20:22
Fe,EDS,K series,71.12,0.66452,71.21,0.1,39.34,,,,Hematite,No,12/18/24 23:25
Total,,,,,102.9,,100,,,,,,
,,,,,,,,,,,,,
LRa01_grain_69,,,,,,,,,,,,,
Element,Signal Type,Line,Apparent Concentration,k Ratio,Wt%,Wt% Sigma,Atomic %,Oxide %,Oxide % Sigma,Number of Ions,Standard Name,Factory Standard,Standardization Date
O,EDS,K series,32.87,0.18682,38.28,0.09,64.67,,,,Hematite,No,12/18/24 23:25
Al,EDS,K series,0.15,0.00082,0.23,0.02,0.23,,,,Nepheline,No,12/9/24 21:18
Si,EDS,K series,0.31,0.0016,0.32,0.02,0.31,,,,Forsterite,No,12/9/24 20:00
Ti,EDS,K series,1.83,0.01684,1.71,0.02,0.97,,,,TiO2,No,12/9/24 20:22
V,EDS,K series,0.05,0.00055,0.05,0.02,0.03,,,,V,Yes,
Fe,EDS,K series,68.89,0.64368,69.83,0.1,33.8,,,,Hematite,No,12/18/24 23:25
Total,,,,,110.43,,100,,,,,,
,,,,,,,,,,,,,
,,,,,,,,,,,,,
LRa01_grain_70,,,,,,,,,,,,,
Element,Signal Type,Line,Apparent Concentration,k Ratio,Wt%,Wt% Sigma,Atomic %,Oxide %,Oxide % Sigma,Number of Ions,Standard Name,Factory Standard,Standardization Date
O,EDS,K series,28.5,0.16197,31.22,0.07,60.07,,,,Hematite,No,12/18/24 23:25
Al,EDS,K series,0.03,0.00015,0.04,0.01,0.05,,,,Nepheline,No,12/9/24 21:18
Si,EDS,K series,0.51,0.00266,0.54,0.01,0.6,,,,Forsterite,No,12/9/24 20:00
Ca,EDS,K series,0.04,0.00034,0.03,0.01,0.03,,,,Diopside,No,12/9/24 20:18
Fe,EDS,K series,71.13,0.66465,71.23,0.1,39.26,,,,Hematite,No,12/18/24 23:25
Total,,,,,103.08,,100,,,,,,
,,,,,,,,,,,,,
,,,,,,,,,,,,,
LRa01_grain_71,,,,,,,,,,,,,
Element,Signal Type,Line,Apparent Concentration,k Ratio,Wt%,Wt% Sigma,Atomic %,Oxide %,Oxide % Sigma,Number of Ions,Standard Name,Factory Standard,Standardization Date
O,EDS,K series,28.47,0.16177,32.75,0.08,61.37,,,,Hematite,No,12/18/24 23:25
Al,EDS,K series,0.56,0.00316,0.88,0.02,0.98,,,,Nepheline,No,12/9/24 21:18
Si,EDS,K series,1.35,0.00702,1.42,0.02,1.52,,,,Forsterite,No,12/9/24 20:00
K,EDS,K series,0.08,0.00061,0.07,0.01,0.05,,,,Orthoclase,No,12/9/24 20:17
Ca,EDS,K series,0.07,0.00059,0.06,0.01,0.05,,,,Diopside,No,12/9/24 20:18
Ti,EDS,K series,0.47,0.00434,0.44,0.02,0.28,,,,TiO2,No,12/9/24 20:22
V,EDS,K series,0.12,0.00117,0.11,0.01,0.07,,,,V,Yes,
Mn,EDS,K series,0.16,0.00155,0.17,0.02,0.09,,,,MnO,No,12/9/24 20:20
Fe,EDS,K series,65.72,0.61406,66.32,0.1,35.6,,,,Hematite,No,12/18/24 23:25
Total,,,,,102.23,,100,,,,,,
,,,,,,,,,,,,,
LRa01_grain_72,,,,,,,,,,,,,
Element,Signal Type,Line,Apparent Concentration,k Ratio,Wt%,Wt% Sigma,Atomic %,Oxide %,Oxide % Sigma,Number of Ions,Standard Name,Factory Standard,Standardization Date
O,EDS,K series,23.38,0.13287,28,0.08,57.42,,,,Hematite,No,12/18/24 23:25
Al,EDS,K series,0.33,0.00186,0.53,0.02,0.64,,,,Nepheline,No,12/9/24 21:18
Si,EDS,K series,1.02,0.00528,1.08,0.02,1.26,,,,Forsterite,No,12/9/24 20:00
K,EDS,K series,0.13,0.00099,0.11,0.01,0.09,,,,Orthoclase,No,12/9/24 20:17
Ca,EDS,K series,0.07,0.00061,0.06,0.01,0.05,,,,Diopside,No,12/9/24 20:18
Ti,EDS,K series,0.85,0.00784,0.79,0.02,0.54,,,,TiO2,No,12/9/24 20:22
V,EDS,K series,0.19,0.00186,0.18,0.02,0.12,,,,V,Yes,
Mn,EDS,K series,0.17,0.00157,0.17,0.02,0.1,,,,MnO,No,12/9/24 20:20
Fe,EDS,K series,67.63,0.63188,67.69,0.1,39.77,,,,Hematite,No,12/18/24 23:25
Total,,,,,98.61,,100,,,,,,
,,,,,,,,,,,,,
LRa01_grain_73,,,,,,,,,,,,,
Element,Signal Type,Line,Apparent Concentration,k Ratio,Wt%,Wt% Sigma,Atomic %,Oxide %,Oxide % Sigma,Number of Ions,Standard Name,Factory Standard,Standardization Date
O,EDS,K series,27.32,0.15527,31.24,0.08,60.63,,,,Hematite,No,12/18/24 23:25
Al,EDS,K series,0.31,0.00176,0.5,0.02,0.57,,,,Nepheline,No,12/9/24 21:18
Si,EDS,K series,1.09,0.00564,1.15,0.02,1.27,,,,Forsterite,No,12/9/24 20:00
K,EDS,K series,0.06,0.00045,0.05,0.01,0.04,,,,Orthoclase,No,12/9/24 20:17
Ca,EDS,K series,0.16,0.00136,0.14,0.01,0.11,,,,Diopside,No,12/9/24 20:18
Ti,EDS,K series,0.34,0.00316,0.32,0.01,0.21,,,,TiO2,No,12/9/24 20:22
V,EDS,K series,0.1,0.00104,0.1,0.01,0.06,,,,V,Yes,
Mn,EDS,K series,0.24,0.00224,0.25,0.02,0.14,,,,MnO,No,12/9/24 20:20
Fe,EDS,K series,66.09,0.61753,66.5,0.1,36.97,,,,Hematite,No,12/18/24 23:25
Total,,,,,100.24,,100,,,,,,
,,,,,,,,,,,,,
LRa01_grain_74,,,,,,,,,,,,,
Element,Signal Type,Line,Apparent Concentration,k Ratio,Wt%,Wt% Sigma,Atomic %,Oxide %,Oxide % Sigma,Number of Ions,Standard Name,Factory Standard,Standardization Date
O,EDS,K series,27.02,0.15356,31.16,0.08,59.94,,,,Hematite,No,12/18/24 23:25
Al,EDS,K series,0.44,0.00252,0.71,0.02,0.81,,,,Nepheline,No,12/9/24 21:18
Si,EDS,K series,0.95,0.0049,1,0.02,1.1,,,,Forsterite,No,12/9/24 20:00
Ca,EDS,K series,0.11,0.00095,0.1,0.01,0.07,,,,Diopside,No,12/9/24 20:18
Ti,EDS,K series,0.34,0.00315,0.32,0.01,0.2,,,,TiO2,No,12/9/24 20:22
V,EDS,K series,0.28,0.00278,0.27,0.02,0.16,,,,V,Yes,
Fe,EDS,K series,68.09,0.63622,68.43,0.1,37.71,,,,Hematite,No,12/18/24 23:25
Total,,,,,101.98,,100,,,,,,
,,,,,,,,,,,,,
LRa01_grain_75,,,,,,,,,,,,,
Element,Signal Type,Line,Apparent Concentration,k Ratio,Wt%,Wt% Sigma,Atomic %,Oxide %,Oxide % Sigma,Number of Ions,Standard Name,Factory Standard,Standardization Date
O,EDS,K series,27.7,0.15744,30.59,0.08,59.48,,,,Hematite,No,12/18/24 23:25
Al,EDS,K series,0.16,0.00092,0.26,0.02,0.3,,,,Nepheline,No,12/9/24 21:18
Si,EDS,K series,0.11,0.00058,0.12,0.01,0.13,,,,Forsterite,No,12/9/24 20:00
Cl,EDS,K series,0.05,0.00042,0.05,0.01,0.05,,,,NaCl,Yes,
Ti,EDS,K series,0.18,0.00166,0.17,0.02,0.11,,,,TiO2,No,12/9/24 20:22
Fe,EDS,K series,71.66,0.66954,71.66,0.12,39.93,,,,Hematite,No,12/18/24 23:25
Total,,,,,102.85,,100,,,,,,
,,,,,,,,,,,,,
LRa01_grain_76,,,,,,,,,,,,,
Element,Signal Type,Line,Apparent Concentration,k Ratio,Wt%,Wt% Sigma,Atomic %,Oxide %,Oxide % Sigma,Number of Ions,Standard Name,Factory Standard,Standardization Date
O,EDS,K series,28.46,0.16175,30.99,0.07,59.68,,,,Hematite,No,12/18/24 23:25
Al,EDS,K series,0.02,0.00013,0.04,0.01,0.04,,,,Nepheline,No,12/9/24 21:18
Si,EDS,K series,0.12,0.0006,0.12,0.01,0.14,,,,Forsterite,No,12/9/24 20:00
Fe,EDS,K series,72.79,0.68013,72.76,0.11,40.14,,,,Hematite,No,12/18/24 23:25
Total,,,,,103.91,,100,,,,,,
,,,,,,,,,,,,,
LRa01_grain_77,,,,,,,,,,,,,
Element,Signal Type,Line,Apparent Concentration,k Ratio,Wt%,Wt% Sigma,Atomic %,Oxide %,Oxide % Sigma,Number of Ions,Standard Name,Factory Standard,Standardization Date
O,EDS,K series,27.48,0.15615,31.44,0.08,59.9,,,,Hematite,No,12/18/24 23:25
Al,EDS,K series,0.44,0.00252,0.71,0.02,0.81,,,,Nepheline,No,12/9/24 21:18
Si,EDS,K series,0.39,0.002,0.41,0.01,0.45,,,,Forsterite,No,12/9/24 20:00
Cl,EDS,K series,0.07,0.00057,0.07,0.01,0.06,,,,NaCl,Yes,
Ca,EDS,K series,0.07,0.00059,0.06,0.01,0.05,,,,Diopside,No,12/9/24 20:18
Ti,EDS,K series,0.56,0.0052,0.52,0.02,0.33,,,,TiO2,No,12/9/24 20:22
V,EDS,K series,0.12,0.0012,0.12,0.01,0.07,,,,V,Yes,
Mn,EDS,K series,0.42,0.00397,0.44,0.02,0.24,,,,MnO,No,12/9/24 20:20
Fe,EDS,K series,69.57,0.65004,69.81,0.1,38.1,,,,Hematite,No,12/18/24 23:25
Total,,,,,103.59,,100,,,,,,
,,,,,,,,,,,,,
LRa01_grain_78,,,,,,,,,,,,,
Element,Signal Type,Line,Apparent Concentration,k Ratio,Wt%,Wt% Sigma,Atomic %,Oxide %,Oxide % Sigma,Number of Ions,Standard Name,Factory Standard,Standardization Date
O,EDS,K series,28.31,0.16091,31.25,0.08,60.19,,,,Hematite,No,12/18/24 23:25
Al,EDS,K series,0.14,0.0008,0.23,0.02,0.26,,,,Nepheline,No,12/9/24 21:18
Si,EDS,K series,0.63,0.00328,0.67,0.02,0.74,,,,Forsterite,No,12/9/24 20:00
Cl,EDS,K series,0.03,0.0003,0.04,0.01,0.03,,,,NaCl,Yes,
Ca,EDS,K series,0.12,0.001,0.1,0.01,0.08,,,,Diopside,No,12/9/24 20:18
Fe,EDS,K series,69.96,0.65374,70.15,0.1,38.7,,,,Hematite,No,12/18/24 23:25
Total,,,,,102.44,,100,,,,,,
,,,,,,,,,,,,,
LRa01_grain_79,,,,,,,,,,,,,
Element,Signal Type,Line,Apparent Concentration,k Ratio,Wt%,Wt% Sigma,Atomic %,Oxide %,Oxide % Sigma,Number of Ions,Standard Name,Factory Standard,Standardization Date
O,EDS,K series,20.6,0.11706,33.91,0.1,61.84,,,,Hematite,No,12/18/24 23:25
Al,EDS,K series,0.17,0.00098,0.27,0.02,0.29,,,,Nepheline,No,12/9/24 21:18
Si,EDS,K series,0.25,0.00131,0.26,0.01,0.27,,,,Forsterite,No,12/9/24 20:00
Ti,EDS,K series,8.48,0.078,8,0.03,4.87,,,,TiO2,No,12/9/24 20:22
V,EDS,K series,0.49,0.0049,0.49,0.02,0.28,,,,V,Yes,
Mn,EDS,K series,0.36,0.00345,0.39,0.02,0.21,,,,MnO,No,12/9/24 20:20
Fe,EDS,K series,60.49,0.5652,61.72,0.1,32.24,,,,Hematite,No,12/18/24 23:25
Total,,,,,105.02,,100,,,,,,
,,,,,,,,,,,,,
LRa01_grain_80,,,,,,,,,,,,,
Element,Signal Type,Line,Apparent Concentration,k Ratio,Wt%,Wt% Sigma,Atomic %,Oxide %,Oxide % Sigma,Number of Ions,Standard Name,Factory Standard,Standardization Date
O,EDS,K series,24.37,0.13848,31.14,0.08,59.65,,,,Hematite,No,12/18/24 23:25
Mg,EDS,K series,0.74,0.00426,1.58,0.02,2,,,,Forsterite,No,12/9/24 20:00
Al,EDS,K series,1.43,0.00807,2.17,0.02,2.47,,,,Nepheline,No,12/9/24 21:18
Si,EDS,K series,3.86,0.01999,4.01,0.02,4.38,,,,Forsterite,No,12/9/24 20:00
K,EDS,K series,0.28,0.0022,0.25,0.01,0.19,,,,Orthoclase,No,12/9/24 20:17
Ca,EDS,K series,0.13,0.00112,0.12,0.01,0.09,,,,Diopside,No,12/9/24 20:18
Ti,EDS,K series,0.99,0.00912,0.95,0.02,0.61,,,,TiO2,No,12/9/24 20:22
V,EDS,K series,0.07,0.00067,0.07,0.02,0.04,,,,V,Yes,
Mn,EDS,K series,0.24,0.00229,0.26,0.02,0.14,,,,MnO,No,12/9/24 20:20
Fe,EDS,K series,54.32,0.50751,55.48,0.09,30.44,,,,Hematite,No,12/18/24 23:25
Total,,,,,96.03,,100,,,,,,
,,,,,,,,,,,,,
LRa01_grain_81,,,,,,,,,,,,,
Element,Signal Type,Line,Apparent Concentration,k Ratio,Wt%,Wt% Sigma,Atomic %,Oxide %,Oxide % Sigma,Number of Ions,Standard Name,Factory Standard,Standardization Date
O,EDS,K series,27.45,0.156,31.92,0.08,60.52,,,,Hematite,No,12/18/24 23:25
Al,EDS,K series,0.24,0.00135,0.38,0.02,0.43,,,,Nepheline,No,12/9/24 21:18
Si,EDS,K series,1.35,0.007,1.42,0.02,1.53,,,,Forsterite,No,12/9/24 20:00
Ca,EDS,K series,0.17,0.00147,0.15,0.01,0.11,,,,Diopside,No,12/9/24 20:18
Ti,EDS,K series,0.69,0.00631,0.64,0.02,0.41,,,,TiO2,No,12/9/24 20:22
V,EDS,K series,0.08,0.00079,0.08,0.01,0.05,,,,V,Yes,
Mn,EDS,K series,0.25,0.00237,0.26,0.02,0.14,,,,MnO,No,12/9/24 20:20
Fe,EDS,K series,67.31,0.62893,67.76,0.1,36.81,,,,Hematite,No,12/18/24 23:25
Total,,,,,102.61,,100,,,,,,
,,,,,,,,,,,,,
LRa01_grain_82,,,,,,,,,,,,,
Element,Signal Type,Line,Apparent Concentration,k Ratio,Wt%,Wt% Sigma,Atomic %,Oxide %,Oxide % Sigma,Number of Ions,Standard Name,Factory Standard,Standardization Date
O,EDS,K series,25.23,0.1434,30.34,0.08,59.4,,,,Hematite,No,12/18/24 23:25
Mg,EDS,K series,0.52,0.00303,1.17,0.02,1.5,,,,Forsterite,No,12/9/24 20:00
Al,EDS,K series,0.96,0.00542,1.5,0.02,1.74,,,,Nepheline,No,12/9/24 21:18
Si,EDS,K series,2.35,0.01216,2.47,0.02,2.75,,,,Forsterite,No,12/9/24 20:00
Ca,EDS,K series,0.07,0.00058,0.06,0.01,0.05,,,,Diopside,No,12/9/24 20:18
Ti,EDS,K series,0.69,0.0063,0.65,0.02,0.42,,,,TiO2,No,12/9/24 20:22
V,EDS,K series,0.08,0.00083,0.08,0.01,0.05,,,,V,Yes,
Mn,EDS,K series,0.18,0.00169,0.19,0.02,0.11,,,,MnO,No,12/9/24 20:20
Fe,EDS,K series,59.81,0.55887,60.58,0.1,33.97,,,,Hematite,No,12/18/24 23:25
Total,,,,,97.04,,100,,,,,,
,,,,,,,,,,,,,
LRa01_grain_83,,,,,,,,,,,,,
Element,Signal Type,Line,Apparent Concentration,k Ratio,Wt%,Wt% Sigma,Atomic %,Oxide %,Oxide % Sigma,Number of Ions,Standard Name,Factory Standard,Standardization Date
O,EDS,K series,30.46,0.17309,35.05,0.08,64.58,,,,Hematite,No,12/18/24 23:25
Al,EDS,K series,0.5,0.00283,0.77,0.02,0.84,,,,Nepheline,No,12/9/24 21:18
Si,EDS,K series,2.46,0.01274,2.53,0.02,2.66,,,,Forsterite,No,12/9/24 20:00
K,EDS,K series,0.04,0.00033,0.04,0.01,0.03,,,,Orthoclase,No,12/9/24 20:17
Ca,EDS,K series,0.2,0.00174,0.18,0.01,0.13,,,,Diopside,No,12/9/24 20:18
Ti,EDS,K series,0.39,0.00354,0.37,0.01,0.22,,,,TiO2,No,12/9/24 20:22
V,EDS,K series,0.11,0.00107,0.11,0.01,0.06,,,,V,Yes,
Mn,EDS,K series,0.36,0.0034,0.38,0.02,0.2,,,,MnO,No,12/9/24 20:20
Fe,EDS,K series,58.12,0.54304,59.23,0.1,31.27,,,,Hematite,No,12/18/24 23:25
Total,,,,,98.64,,100,,,,,,
,,,,,,,,,,,,,
LRa01_grain_84,,,,,,,,,,,,,
Element,Signal Type,Line,Apparent Concentration,k Ratio,Wt%,Wt% Sigma,Atomic %,Oxide %,Oxide % Sigma,Number of Ions,Standard Name,Factory Standard,Standardization Date
O,EDS,K series,28.38,0.16129,31.4,0.08,59.98,,,,Hematite,No,12/18/24 23:25
Al,EDS,K series,0.17,0.00097,0.28,0.02,0.31,,,,Nepheline,No,12/9/24 21:18
Si,EDS,K series,0.62,0.00323,0.66,0.02,0.72,,,,Forsterite,No,12/9/24 20:00
K,EDS,K series,0.08,0.00062,0.07,0.01,0.05,,,,Orthoclase,No,12/9/24 20:17
Ti,EDS,K series,0.09,0.00083,0.08,0.01,0.05,,,,TiO2,No,12/9/24 20:22
Fe,EDS,K series,70.89,0.66234,71.04,0.1,38.88,,,,Hematite,No,12/18/24 23:25
Total,,,,,103.53,,100,,,,,,
,,,,,,,,,,,,,
LRa01_grain_85,,,,,,,,,,,,,
Element,Signal Type,Line,Apparent Concentration,k Ratio,Wt%,Wt% Sigma,Atomic %,Oxide %,Oxide % Sigma,Number of Ions,Standard Name,Factory Standard,Standardization Date
O,EDS,K series,26.74,0.15195,30.07,0.08,59.22,,,,Hematite,No,12/18/24 23:25
Al,EDS,K series,0.12,0.00067,0.19,0.02,0.23,,,,Nepheline,No,12/9/24 21:18
Si,EDS,K series,0.1,0.00053,0.11,0.01,0.12,,,,Forsterite,No,12/9/24 20:00
Cl,EDS,K series,0.03,0.00027,0.03,0.01,0.03,,,,NaCl,Yes,
Ca,EDS,K series,0.05,0.00043,0.04,0.01,0.03,,,,Diopside,No,12/9/24 20:18
Ti,EDS,K series,0.1,0.00088,0.09,0.01,0.06,,,,TiO2,No,12/9/24 20:22
V,EDS,K series,0.33,0.00333,0.32,0.02,0.2,,,,V,Yes,
Fe,EDS,K series,71.09,0.66421,71.08,0.1,40.11,,,,Hematite,No,12/18/24 23:25
Total,,,,,101.94,,100,,,,,,
,,,,,,,,,,,,,
LRa01_grain_86,,,,,,,,,,,,,
Element,Signal Type,Line,Apparent Concentration,k Ratio,Wt%,Wt% Sigma,Atomic %,Oxide %,Oxide % Sigma,Number of Ions,Standard Name,Factory Standard,Standardization Date
O,EDS,K series,27.2,0.1546,30.86,0.08,59.7,,,,Hematite,No,12/18/24 23:25
Al,EDS,K series,0.25,0.00142,0.4,0.02,0.46,,,,Nepheline,No,12/9/24 21:18
Si,EDS,K series,0.8,0.00412,0.84,0.02,0.93,,,,Forsterite,No,12/9/24 20:00
K,EDS,K series,0.06,0.00046,0.05,0.01,0.04,,,,Orthoclase,No,12/9/24 20:17
Ca,EDS,K series,0.07,0.00063,0.06,0.01,0.05,,,,Diopside,No,12/9/24 20:18
Ti,EDS,K series,0.15,0.0014,0.14,0.01,0.09,,,,TiO2,No,12/9/24 20:22
V,EDS,K series,0.23,0.00227,0.22,0.02,0.13,,,,V,Yes,
Fe,EDS,K series,69.44,0.64888,69.66,0.1,38.6,,,,Hematite,No,12/18/24 23:25
Total,,,,,102.24,,100,,,,,,
,,,,,,,,,,,,,
LRa01_grain_87,,,,,,,,,,,,,
Element,Signal Type,Line,Apparent Concentration,k Ratio,Wt%,Wt% Sigma,Atomic %,Oxide %,Oxide % Sigma,Number of Ions,Standard Name,Factory Standard,Standardization Date
O,EDS,K series,21.57,0.1226,27.1,0.08,57.24,,,,Hematite,No,12/18/24 23:25
Al,EDS,K series,0.42,0.00238,0.67,0.02,0.84,,,,Nepheline,No,12/9/24 21:18
Si,EDS,K series,1.39,0.00721,1.47,0.02,1.77,,,,Forsterite,No,12/9/24 20:00
K,EDS,K series,0.25,0.00199,0.22,0.01,0.19,,,,Orthoclase,No,12/9/24 20:17
Ca,EDS,K series,0.12,0.00102,0.1,0.01,0.09,,,,Diopside,No,12/9/24 20:18
Ti,EDS,K series,1.35,0.01239,1.25,0.02,0.89,,,,TiO2,No,12/9/24 20:22
V,EDS,K series,0.23,0.00233,0.23,0.02,0.15,,,,V,Yes,
Mn,EDS,K series,0.21,0.00202,0.22,0.02,0.14,,,,MnO,No,12/9/24 20:20
Fe,EDS,K series,63.72,0.59542,63.95,0.1,38.7,,,,Hematite,No,12/18/24 23:25
Total,,,,,95.21,,100,,,,,,